image_id,split,source_image_path,source_xml_path,yolo_label_path,source_object_count,converted_object_count,max_coordinate_delta_px,minimum_matched_iou,mean_matched_iou,unmatched_source_boxes,unmatched_converted_boxes,very_small_box_count,duplicate_group_id,duplicate_crosses_split,automated_status,automated_reasons
levle0_0,train,data/raw/acne04/Classification/JPEGImages/levle0_0.jpg,data/raw/acne04/Detection/VOC2007/Annotations/levle0_0.xml,data/processed/acne04_yolo/labels/train/levle0_0.txt,3,3,0.000000,1.000000,1.000000,0,0,0,,false,PASS,
levle0_1,train,data/raw/acne04/Classification/JPEGImages/levle0_1.jpg,data/raw/acne04/Detection/VOC2007/Annotations/levle0_1.xml,data/processed/acne04_yolo/labels/train/levle0_1.txt,3,3,0.000000,1.000000,1.000000,0,0,0,,false,PASS,
levle0_10,train,data/raw/acne04/Classification/JPEGImages/levle0_10.jpg,data/raw/acne04/Detection/VOC2007/Annotations/levle0_10.xml,data/processed/acne04_yolo/labels/train/levle0_10.txt,20,20,0.000000,1.000000,1.000000,0,0,0,,false,PASS,
levle0_100,train,data/raw/acne04/Classification/JPEGImages/levle0_100.jpg,data/raw/acne04/Detection/VOC2007/Annotations/levle0_100.xml,data/processed/acne04_yolo/labels/train/levle0_100.txt,2,2,0.000000,1.000000,1.000000,0,0,0,,false,PASS,
levle0_101,train,data/raw/acne04/Classification/JPEGImages/levle0_101.jpg,data/raw/acne04/Detection/VOC2007/Annotations/levle0_101.xml,data/processed/acne04_yolo/labels/train/levle0_101.txt,1,1,0.000000,1.000000,1.000000,0,0,0,,false,PASS,
levle0_102,train,data/raw/acne04/Classification/JPEGImages/levle0_102.jpg,data/raw/acne04/Detection/VOC2007/Annotations/levle0_102.xml,data/processed/acne04_yolo/labels/train/levle0_102.txt,3,3,0.000000,1.000000,1.000000,0,0,0,,false,PASS,
levle0_103,train,data/raw/acne04/Classification/JPEGImages/levle0_103.jpg,data/raw/acne04/Detection/VOC2007/Annotations/levle0_103.xml,data/processed/acne04_yolo/labels/train/levle0_103.txt,2,2,0.000000,1.000000,1.000000,0,0,0,,false,PASS,
levle0_104,train,data/raw/acne04/Classification/JPEGImages/levle0_104.jpg,data/raw/acne04/Detection/VOC2007/Annotations/levle0_104.xml,data/processed/acne04_yolo/labels/train/levle0_104.txt,1,1,0.000000,1.000000,1.000000,0,0,0,,false,PASS,
levle0_105,train,data/raw/acne04/Classification/JPEGImages/levle0_105.jpg,data/raw/acne04/Detection/VOC2007/Annotations/levle0_105.xml,data/processed/acne04_yolo/labels/train/levle0_105.txt,1,1,0.000000,1.000000,1.000000,0,0,0,,false,PASS,
levle0_106,test,data/raw/acne04/Classification/JPEGImages/levle0_106.jpg,data/raw/acne04/Detection/VOC2007/Annotations/levle0_106.xml,data/processed/acne04_yolo/labels/test/levle0_106.txt,1,1,0.000000,1.000000,1.000000,0,0,0,,false,PASS,
levle0_107,train,data/raw/acne04/Classification/JPEGImages/levle0_107.jpg,data/raw/acne04/Detection/VOC2007/Annotations/levle0_107.xml,data/processed/acne04_yolo/labels/train/levle0_107.txt,1,1,0.000000,1.000000,1.000000,0,0,0,,false,PASS,
levle0_108,train,data/raw/acne04/Classification/JPEGImages/levle0_108.jpg,data/raw/acne04/Detection/VOC2007/Annotations/levle0_108.xml,data/processed/acne04_yolo/labels/train/levle0_108.txt,1,1,0.000000,1.000000,1.000000,0,0,0,,false,PASS,
levle0_109,train,data/raw/acne04/Classification/JPEGImages/levle0_109.jpg,data/raw/acne04/Detection/VOC2007/Annotations/levle0_109.xml,data/processed/acne04_yolo/labels/train/levle0_109.txt,1,1,0.000000,1.000000,1.000000,0,0,0,,false,PASS,
levle0_11,train,data/raw/acne04/Classification/JPEGImages/levle0_11.jpg,data/raw/acne04/Detection/VOC2007/Annotations/levle0_11.xml,data/processed/acne04_yolo/labels/train/levle0_11.txt,3,3,0.000000,1.000000,1.000000,0,0,0,,false,PASS,
levle0_110,train,data/raw/acne04/Classification/JPEGImages/levle0_110.jpg,data/raw/acne04/Detection/VOC2007/Annotations/levle0_110.xml,data/processed/acne04_yolo/labels/train/levle0_110.txt,2,2,0.000000,1.000000,1.000000,0,0,0,,false,PASS,
levle0_111,train,data/raw/acne04/Classification/JPEGImages/levle0_111.jpg,data/raw/acne04/Detection/VOC2007/Annotations/levle0_111.xml,data/processed/acne04_yolo/labels/train/levle0_111.txt,3,3,0.000000,1.000000,1.000000,0,0,0,,false,PASS,
levle0_112,train,data/raw/acne04/Classification/JPEGImages/levle0_112.jpg,data/raw/acne04/Detection/VOC2007/Annotations/levle0_112.xml,data/processed/acne04_yolo/labels/train/levle0_112.txt,1,1,0.000000,1.000000,1.000000,0,0,0,,false,PASS,
levle0_113,val,data/raw/acne04/Classification/JPEGImages/levle0_113.jpg,data/raw/acne04/Detection/VOC2007/Annotations/levle0_113.xml,data/processed/acne04_yolo/labels/val/levle0_113.txt,1,1,0.000000,1.000000,1.000000,0,0,0,,false,PASS,
levle0_114,train,data/raw/acne04/Classification/JPEGImages/levle0_114.jpg,data/raw/acne04/Detection/VOC2007/Annotations/levle0_114.xml,data/processed/acne04_yolo/labels/train/levle0_114.txt,3,3,0.000000,1.000000,1.000000,0,0,0,,false,PASS,
levle0_115,test,data/raw/acne04/Classification/JPEGImages/levle0_115.jpg,data/raw/acne04/Detection/VOC2007/Annotations/levle0_115.xml,data/processed/acne04_yolo/labels/test/levle0_115.txt,1,1,0.000000,1.000000,1.000000,0,0,0,,false,PASS,
levle0_116,train,data/raw/acne04/Classification/JPEGImages/levle0_116.jpg,data/raw/acne04/Detection/VOC2007/Annotations/levle0_116.xml,data/processed/acne04_yolo/labels/train/levle0_116.txt,2,2,0.000000,1.000000,1.000000,0,0,0,f5e03bbf416d61a4530403f32db46b69f57b25f6f636781c6b37a45db42400aa,false,PASS,
levle0_117,val,data/raw/acne04/Classification/JPEGImages/levle0_117.jpg,data/raw/acne04/Detection/VOC2007/Annotations/levle0_117.xml,data/processed/acne04_yolo/labels/val/levle0_117.txt,2,2,0.000000,1.000000,1.000000,0,0,0,b257a192234a349684044c442598529d18dcd6830961450fd72620606f967045,false,NEEDS_REVIEW,duplicate_group_annotation_counts_differ
levle0_118,test,data/raw/acne04/Classification/JPEGImages/levle0_118.jpg,data/raw/acne04/Detection/VOC2007/Annotations/levle0_118.xml,data/processed/acne04_yolo/labels/test/levle0_118.txt,1,1,0.000000,1.000000,1.000000,0,0,0,59ae260f2e1fe25b80854c3323ed85976d61d530b60d60b76ddfa7be53489e67,false,PASS,
levle0_119,train,data/raw/acne04/Classification/JPEGImages/levle0_119.jpg,data/raw/acne04/Detection/VOC2007/Annotations/levle0_119.xml,data/processed/acne04_yolo/labels/train/levle0_119.txt,1,1,0.000000,1.000000,1.000000,0,0,0,4cb2a60071e6d4a135c853b3785580895374341a900eddb38114d42677bf9218,false,PASS,
levle0_12,val,data/raw/acne04/Classification/JPEGImages/levle0_12.jpg,data/raw/acne04/Detection/VOC2007/Annotations/levle0_12.xml,data/processed/acne04_yolo/labels/val/levle0_12.txt,1,1,0.000000,1.000000,1.000000,0,0,1,,false,NEEDS_REVIEW,contains_very_small_box
levle0_120,train,data/raw/acne04/Classification/JPEGImages/levle0_120.jpg,data/raw/acne04/Detection/VOC2007/Annotations/levle0_120.xml,data/processed/acne04_yolo/labels/train/levle0_120.txt,4,4,0.000000,1.000000,1.000000,0,0,0,0831ea7a4bc5e0477d5b41eec0553130c4811d8eebb93fc2eb0ce584a7c4a963,false,NEEDS_REVIEW,duplicate_group_annotation_counts_differ
levle0_121,train,data/raw/acne04/Classification/JPEGImages/levle0_121.jpg,data/raw/acne04/Detection/VOC2007/Annotations/levle0_121.xml,data/processed/acne04_yolo/labels/train/levle0_121.txt,5,5,0.000000,1.000000,1.000000,0,0,0,828240b5dd6441a5b7e339b1c4257725175f9d1b6ec01d90a000bbfec1d16be5,false,NEEDS_REVIEW,duplicate_group_annotation_counts_differ
levle0_122,train,data/raw/acne04/Classification/JPEGImages/levle0_122.jpg,data/raw/acne04/Detection/VOC2007/Annotations/levle0_122.xml,data/processed/acne04_yolo/labels/train/levle0_122.txt,1,1,0.000000,1.000000,1.000000,0,0,0,,false,PASS,
levle0_123,train,data/raw/acne04/Classification/JPEGImages/levle0_123.jpg,data/raw/acne04/Detection/VOC2007/Annotations/levle0_123.xml,data/processed/acne04_yolo/labels/train/levle0_123.txt,1,1,0.000000,1.000000,1.000000,0,0,0,4cb2a60071e6d4a135c853b3785580895374341a900eddb38114d42677bf9218,false,PASS,
levle0_124,test,data/raw/acne04/Classification/JPEGImages/levle0_124.jpg,data/raw/acne04/Detection/VOC2007/Annotations/levle0_124.xml,data/processed/acne04_yolo/labels/test/levle0_124.txt,3,3,0.000000,1.000000,1.000000,0,0,0,,false,PASS,
levle0_125,train,data/raw/acne04/Classification/JPEGImages/levle0_125.jpg,data/raw/acne04/Detection/VOC2007/Annotations/levle0_125.xml,data/processed/acne04_yolo/labels/train/levle0_125.txt,3,3,0.000000,1.000000,1.000000,0,0,0,,false,PASS,
levle0_126,train,data/raw/acne04/Classification/JPEGImages/levle0_126.jpg,data/raw/acne04/Detection/VOC2007/Annotations/levle0_126.xml,data/processed/acne04_yolo/labels/train/levle0_126.txt,3,3,0.000000,1.000000,1.000000,0,0,0,,false,PASS,
levle0_127,train,data/raw/acne04/Classification/JPEGImages/levle0_127.jpg,data/raw/acne04/Detection/VOC2007/Annotations/levle0_127.xml,data/processed/acne04_yolo/labels/train/levle0_127.txt,2,2,0.000000,1.000000,1.000000,0,0,0,,false,PASS,
levle0_128,train,data/raw/acne04/Classification/JPEGImages/levle0_128.jpg,data/raw/acne04/Detection/VOC2007/Annotations/levle0_128.xml,data/processed/acne04_yolo/labels/train/levle0_128.txt,5,5,0.000000,1.000000,1.000000,0,0,0,,false,PASS,
levle0_129,train,data/raw/acne04/Classification/JPEGImages/levle0_129.jpg,data/raw/acne04/Detection/VOC2007/Annotations/levle0_129.xml,data/processed/acne04_yolo/labels/train/levle0_129.txt,1,1,0.000000,1.000000,1.000000,0,0,0,,false,PASS,
levle0_130,train,data/raw/acne04/Classification/JPEGImages/levle0_130.jpg,data/raw/acne04/Detection/VOC2007/Annotations/levle0_130.xml,data/processed/acne04_yolo/labels/train/levle0_130.txt,1,1,0.000000,1.000000,1.000000,0,0,0,,false,PASS,
levle0_131,train,data/raw/acne04/Classification/JPEGImages/levle0_131.jpg,data/raw/acne04/Detection/VOC2007/Annotations/levle0_131.xml,data/processed/acne04_yolo/labels/train/levle0_131.txt,2,2,0.000000,1.000000,1.000000,0,0,0,06b2c41628e227aa15415aba6aac881e47eb6c06d74bb9b0b592664e2a81b4a5,false,NEEDS_REVIEW,duplicate_group_annotation_counts_differ
levle0_132,val,data/raw/acne04/Classification/JPEGImages/levle0_132.jpg,data/raw/acne04/Detection/VOC2007/Annotations/levle0_132.xml,data/processed/acne04_yolo/labels/val/levle0_132.txt,1,1,0.000000,1.000000,1.000000,0,0,0,7c2e546505d3172355ddd7fde7e1ba48553c87a5942ab60537a3c0416237b8f1,false,PASS,
levle0_133,val,data/raw/acne04/Classification/JPEGImages/levle0_133.jpg,data/raw/acne04/Detection/VOC2007/Annotations/levle0_133.xml,data/processed/acne04_yolo/labels/val/levle0_133.txt,1,1,0.000000,1.000000,1.000000,0,0,0,7c2e546505d3172355ddd7fde7e1ba48553c87a5942ab60537a3c0416237b8f1,false,PASS,
levle0_134,train,data/raw/acne04/Classification/JPEGImages/levle0_134.jpg,data/raw/acne04/Detection/VOC2007/Annotations/levle0_134.xml,data/processed/acne04_yolo/labels/train/levle0_134.txt,1,1,0.000000,1.000000,1.000000,0,0,0,,false,PASS,
levle0_135,val,data/raw/acne04/Classification/JPEGImages/levle0_135.jpg,data/raw/acne04/Detection/VOC2007/Annotations/levle0_135.xml,data/processed/acne04_yolo/labels/val/levle0_135.txt,3,3,0.000000,1.000000,1.000000,0,0,0,,false,PASS,
levle0_136,val,data/raw/acne04/Classification/JPEGImages/levle0_136.jpg,data/raw/acne04/Detection/VOC2007/Annotations/levle0_136.xml,data/processed/acne04_yolo/labels/val/levle0_136.txt,1,1,0.000000,1.000000,1.000000,0,0,0,,false,PASS,
levle0_137,train,data/raw/acne04/Classification/JPEGImages/levle0_137.jpg,data/raw/acne04/Detection/VOC2007/Annotations/levle0_137.xml,data/processed/acne04_yolo/labels/train/levle0_137.txt,1,1,0.000000,1.000000,1.000000,0,0,0,,false,PASS,
levle0_138,test,data/raw/acne04/Classification/JPEGImages/levle0_138.jpg,data/raw/acne04/Detection/VOC2007/Annotations/levle0_138.xml,data/processed/acne04_yolo/labels/test/levle0_138.txt,1,1,0.000000,1.000000,1.000000,0,0,0,,false,PASS,
levle0_139,train,data/raw/acne04/Classification/JPEGImages/levle0_139.jpg,data/raw/acne04/Detection/VOC2007/Annotations/levle0_139.xml,data/processed/acne04_yolo/labels/train/levle0_139.txt,2,2,0.000000,1.000000,1.000000,0,0,0,,false,PASS,
levle0_14,train,data/raw/acne04/Classification/JPEGImages/levle0_14.jpg,data/raw/acne04/Detection/VOC2007/Annotations/levle0_14.xml,data/processed/acne04_yolo/labels/train/levle0_14.txt,1,1,0.000000,1.000000,1.000000,0,0,0,,false,PASS,
levle0_140,train,data/raw/acne04/Classification/JPEGImages/levle0_140.jpg,data/raw/acne04/Detection/VOC2007/Annotations/levle0_140.xml,data/processed/acne04_yolo/labels/train/levle0_140.txt,1,1,0.000000,1.000000,1.000000,0,0,0,,false,PASS,
levle0_141,train,data/raw/acne04/Classification/JPEGImages/levle0_141.jpg,data/raw/acne04/Detection/VOC2007/Annotations/levle0_141.xml,data/processed/acne04_yolo/labels/train/levle0_141.txt,3,3,0.000000,1.000000,1.000000,0,0,0,,false,PASS,
levle0_142,train,data/raw/acne04/Classification/JPEGImages/levle0_142.jpg,data/raw/acne04/Detection/VOC2007/Annotations/levle0_142.xml,data/processed/acne04_yolo/labels/train/levle0_142.txt,1,1,0.000000,1.000000,1.000000,0,0,0,,false,PASS,
levle0_143,test,data/raw/acne04/Classification/JPEGImages/levle0_143.jpg,data/raw/acne04/Detection/VOC2007/Annotations/levle0_143.xml,data/processed/acne04_yolo/labels/test/levle0_143.txt,2,2,0.000000,1.000000,1.000000,0,0,0,,false,PASS,
levle0_144,train,data/raw/acne04/Classification/JPEGImages/levle0_144.jpg,data/raw/acne04/Detection/VOC2007/Annotations/levle0_144.xml,data/processed/acne04_yolo/labels/train/levle0_144.txt,1,1,0.000000,1.000000,1.000000,0,0,0,,false,PASS,
levle0_145,train,data/raw/acne04/Classification/JPEGImages/levle0_145.jpg,data/raw/acne04/Detection/VOC2007/Annotations/levle0_145.xml,data/processed/acne04_yolo/labels/train/levle0_145.txt,2,2,0.000000,1.000000,1.000000,0,0,0,,false,PASS,
levle0_146,train,data/raw/acne04/Classification/JPEGImages/levle0_146.jpg,data/raw/acne04/Detection/VOC2007/Annotations/levle0_146.xml,data/processed/acne04_yolo/labels/train/levle0_146.txt,3,3,0.000000,1.000000,1.000000,0,0,0,,false,PASS,
levle0_147,val,data/raw/acne04/Classification/JPEGImages/levle0_147.jpg,data/raw/acne04/Detection/VOC2007/Annotations/levle0_147.xml,data/processed/acne04_yolo/labels/val/levle0_147.txt,1,1,0.000000,1.000000,1.000000,0,0,0,,false,PASS,
levle0_148,train,data/raw/acne04/Classification/JPEGImages/levle0_148.jpg,data/raw/acne04/Detection/VOC2007/Annotations/levle0_148.xml,data/processed/acne04_yolo/labels/train/levle0_148.txt,1,1,0.000000,1.000000,1.000000,0,0,0,,false,PASS,
levle0_149,test,data/raw/acne04/Classification/JPEGImages/levle0_149.jpg,data/raw/acne04/Detection/VOC2007/Annotations/levle0_149.xml,data/processed/acne04_yolo/labels/test/levle0_149.txt,1,1,0.000000,1.000000,1.000000,0,0,0,,false,PASS,
levle0_15,train,data/raw/acne04/Classification/JPEGImages/levle0_15.jpg,data/raw/acne04/Detection/VOC2007/Annotations/levle0_15.xml,data/processed/acne04_yolo/labels/train/levle0_15.txt,1,1,0.000000,1.000000,1.000000,0,0,0,,false,PASS,
levle0_150,train,data/raw/acne04/Classification/JPEGImages/levle0_150.jpg,data/raw/acne04/Detection/VOC2007/Annotations/levle0_150.xml,data/processed/acne04_yolo/labels/train/levle0_150.txt,2,2,0.000000,1.000000,1.000000,0,0,0,,false,PASS,
levle0_151,train,data/raw/acne04/Classification/JPEGImages/levle0_151.jpg,data/raw/acne04/Detection/VOC2007/Annotations/levle0_151.xml,data/processed/acne04_yolo/labels/train/levle0_151.txt,1,1,0.000000,1.000000,1.000000,0,0,0,,false,PASS,
levle0_152,train,data/raw/acne04/Classification/JPEGImages/levle0_152.jpg,data/raw/acne04/Detection/VOC2007/Annotations/levle0_152.xml,data/processed/acne04_yolo/labels/train/levle0_152.txt,1,1,0.000000,1.000000,1.000000,0,0,0,,false,PASS,
levle0_153,train,data/raw/acne04/Classification/JPEGImages/levle0_153.jpg,data/raw/acne04/Detection/VOC2007/Annotations/levle0_153.xml,data/processed/acne04_yolo/labels/train/levle0_153.txt,3,3,0.000000,1.000000,1.000000,0,0,0,,false,PASS,
levle0_154,train,data/raw/acne04/Classification/JPEGImages/levle0_154.jpg,data/raw/acne04/Detection/VOC2007/Annotations/levle0_154.xml,data/processed/acne04_yolo/labels/train/levle0_154.txt,1,1,0.000000,1.000000,1.000000,0,0,0,,false,PASS,
levle0_155,val,data/raw/acne04/Classification/JPEGImages/levle0_155.jpg,data/raw/acne04/Detection/VOC2007/Annotations/levle0_155.xml,data/processed/acne04_yolo/labels/val/levle0_155.txt,1,1,0.000000,1.000000,1.000000,0,0,0,,false,PASS,
levle0_156,val,data/raw/acne04/Classification/JPEGImages/levle0_156.jpg,data/raw/acne04/Detection/VOC2007/Annotations/levle0_156.xml,data/processed/acne04_yolo/labels/val/levle0_156.txt,2,2,0.000000,1.000000,1.000000,0,0,0,,false,PASS,
levle0_157,train,data/raw/acne04/Classification/JPEGImages/levle0_157.jpg,data/raw/acne04/Detection/VOC2007/Annotations/levle0_157.xml,data/processed/acne04_yolo/labels/train/levle0_157.txt,2,2,0.000000,1.000000,1.000000,0,0,0,,false,PASS,
levle0_158,train,data/raw/acne04/Classification/JPEGImages/levle0_158.jpg,data/raw/acne04/Detection/VOC2007/Annotations/levle0_158.xml,data/processed/acne04_yolo/labels/train/levle0_158.txt,2,2,0.000000,1.000000,1.000000,0,0,0,,false,PASS,
levle0_159,test,data/raw/acne04/Classification/JPEGImages/levle0_159.jpg,data/raw/acne04/Detection/VOC2007/Annotations/levle0_159.xml,data/processed/acne04_yolo/labels/test/levle0_159.txt,1,1,0.000000,1.000000,1.000000,0,0,0,,false,PASS,
levle0_16,train,data/raw/acne04/Classification/JPEGImages/levle0_16.jpg,data/raw/acne04/Detection/VOC2007/Annotations/levle0_16.xml,data/processed/acne04_yolo/labels/train/levle0_16.txt,1,1,0.000000,1.000000,1.000000,0,0,0,,false,PASS,
levle0_160,test,data/raw/acne04/Classification/JPEGImages/levle0_160.jpg,data/raw/acne04/Detection/VOC2007/Annotations/levle0_160.xml,data/processed/acne04_yolo/labels/test/levle0_160.txt,3,3,0.000000,1.000000,1.000000,0,0,0,,false,PASS,
levle0_161,train,data/raw/acne04/Classification/JPEGImages/levle0_161.jpg,data/raw/acne04/Detection/VOC2007/Annotations/levle0_161.xml,data/processed/acne04_yolo/labels/train/levle0_161.txt,3,3,0.000000,1.000000,1.000000,0,0,0,,false,PASS,
levle0_162,train,data/raw/acne04/Classification/JPEGImages/levle0_162.jpg,data/raw/acne04/Detection/VOC2007/Annotations/levle0_162.xml,data/processed/acne04_yolo/labels/train/levle0_162.txt,2,2,0.000000,1.000000,1.000000,0,0,0,,false,PASS,
levle0_163,test,data/raw/acne04/Classification/JPEGImages/levle0_163.jpg,data/raw/acne04/Detection/VOC2007/Annotations/levle0_163.xml,data/processed/acne04_yolo/labels/test/levle0_163.txt,2,2,0.000000,1.000000,1.000000,0,0,0,,false,PASS,
levle0_164,train,data/raw/acne04/Classification/JPEGImages/levle0_164.jpg,data/raw/acne04/Detection/VOC2007/Annotations/levle0_164.xml,data/processed/acne04_yolo/labels/train/levle0_164.txt,3,3,0.000000,1.000000,1.000000,0,0,0,,false,PASS,
levle0_165,val,data/raw/acne04/Classification/JPEGImages/levle0_165.jpg,data/raw/acne04/Detection/VOC2007/Annotations/levle0_165.xml,data/processed/acne04_yolo/labels/val/levle0_165.txt,3,3,0.000000,1.000000,1.000000,0,0,0,,false,PASS,
levle0_166,train,data/raw/acne04/Classification/JPEGImages/levle0_166.jpg,data/raw/acne04/Detection/VOC2007/Annotations/levle0_166.xml,data/processed/acne04_yolo/labels/train/levle0_166.txt,1,1,0.000000,1.000000,1.000000,0,0,0,,false,PASS,
levle0_167,train,data/raw/acne04/Classification/JPEGImages/levle0_167.jpg,data/raw/acne04/Detection/VOC2007/Annotations/levle0_167.xml,data/processed/acne04_yolo/labels/train/levle0_167.txt,1,1,0.000000,1.000000,1.000000,0,0,0,,false,PASS,
levle0_168,train,data/raw/acne04/Classification/JPEGImages/levle0_168.jpg,data/raw/acne04/Detection/VOC2007/Annotations/levle0_168.xml,data/processed/acne04_yolo/labels/train/levle0_168.txt,1,1,0.000000,1.000000,1.000000,0,0,0,,false,PASS,
levle0_169,val,data/raw/acne04/Classification/JPEGImages/levle0_169.jpg,data/raw/acne04/Detection/VOC2007/Annotations/levle0_169.xml,data/processed/acne04_yolo/labels/val/levle0_169.txt,1,1,0.000000,1.000000,1.000000,0,0,0,,false,PASS,
levle0_17,val,data/raw/acne04/Classification/JPEGImages/levle0_17.jpg,data/raw/acne04/Detection/VOC2007/Annotations/levle0_17.xml,data/processed/acne04_yolo/labels/val/levle0_17.txt,4,4,0.000000,1.000000,1.000000,0,0,0,,false,PASS,
levle0_170,train,data/raw/acne04/Classification/JPEGImages/levle0_170.jpg,data/raw/acne04/Detection/VOC2007/Annotations/levle0_170.xml,data/processed/acne04_yolo/labels/train/levle0_170.txt,2,2,0.000000,1.000000,1.000000,0,0,0,,false,PASS,
levle0_171,train,data/raw/acne04/Classification/JPEGImages/levle0_171.jpg,data/raw/acne04/Detection/VOC2007/Annotations/levle0_171.xml,data/processed/acne04_yolo/labels/train/levle0_171.txt,1,1,0.000000,1.000000,1.000000,0,0,0,,false,PASS,
levle0_172,train,data/raw/acne04/Classification/JPEGImages/levle0_172.jpg,data/raw/acne04/Detection/VOC2007/Annotations/levle0_172.xml,data/processed/acne04_yolo/labels/train/levle0_172.txt,4,4,0.000000,1.000000,1.000000,0,0,0,8e219a67bbef8530223502453b2c1924b89b56e8ca09e6b84120a84354bb8615,false,NEEDS_REVIEW,duplicate_group_annotation_counts_differ
levle0_173,test,data/raw/acne04/Classification/JPEGImages/levle0_173.jpg,data/raw/acne04/Detection/VOC2007/Annotations/levle0_173.xml,data/processed/acne04_yolo/labels/test/levle0_173.txt,1,1,0.000000,1.000000,1.000000,0,0,0,,false,PASS,
levle0_174,train,data/raw/acne04/Classification/JPEGImages/levle0_174.jpg,data/raw/acne04/Detection/VOC2007/Annotations/levle0_174.xml,data/processed/acne04_yolo/labels/train/levle0_174.txt,2,2,0.000000,1.000000,1.000000,0,0,0,,false,PASS,
levle0_175,val,data/raw/acne04/Classification/JPEGImages/levle0_175.jpg,data/raw/acne04/Detection/VOC2007/Annotations/levle0_175.xml,data/processed/acne04_yolo/labels/val/levle0_175.txt,2,2,0.000000,1.000000,1.000000,0,0,0,,false,PASS,
levle0_176,train,data/raw/acne04/Classification/JPEGImages/levle0_176.jpg,data/raw/acne04/Detection/VOC2007/Annotations/levle0_176.xml,data/processed/acne04_yolo/labels/train/levle0_176.txt,1,1,0.000000,1.000000,1.000000,0,0,0,,false,PASS,
levle0_177,train,data/raw/acne04/Classification/JPEGImages/levle0_177.jpg,data/raw/acne04/Detection/VOC2007/Annotations/levle0_177.xml,data/processed/acne04_yolo/labels/train/levle0_177.txt,1,1,0.000000,1.000000,1.000000,0,0,0,,false,PASS,
levle0_178,train,data/raw/acne04/Classification/JPEGImages/levle0_178.jpg,data/raw/acne04/Detection/VOC2007/Annotations/levle0_178.xml,data/processed/acne04_yolo/labels/train/levle0_178.txt,1,1,0.000000,1.000000,1.000000,0,0,0,,false,PASS,
levle0_179,train,data/raw/acne04/Classification/JPEGImages/levle0_179.jpg,data/raw/acne04/Detection/VOC2007/Annotations/levle0_179.xml,data/processed/acne04_yolo/labels/train/levle0_179.txt,2,2,0.000000,1.000000,1.000000,0,0,0,,false,PASS,
levle0_18,train,data/raw/acne04/Classification/JPEGImages/levle0_18.jpg,data/raw/acne04/Detection/VOC2007/Annotations/levle0_18.xml,data/processed/acne04_yolo/labels/train/levle0_18.txt,2,2,0.000000,1.000000,1.000000,0,0,0,,false,PASS,
levle0_180,train,data/raw/acne04/Classification/JPEGImages/levle0_180.jpg,data/raw/acne04/Detection/VOC2007/Annotations/levle0_180.xml,data/processed/acne04_yolo/labels/train/levle0_180.txt,1,1,0.000000,1.000000,1.000000,0,0,0,,false,PASS,
levle0_181,val,data/raw/acne04/Classification/JPEGImages/levle0_181.jpg,data/raw/acne04/Detection/VOC2007/Annotations/levle0_181.xml,data/processed/acne04_yolo/labels/val/levle0_181.txt,1,1,0.000000,1.000000,1.000000,0,0,0,,false,PASS,
levle0_182,train,data/raw/acne04/Classification/JPEGImages/levle0_182.jpg,data/raw/acne04/Detection/VOC2007/Annotations/levle0_182.xml,data/processed/acne04_yolo/labels/train/levle0_182.txt,3,3,0.000000,1.000000,1.000000,0,0,0,,false,PASS,
levle0_183,train,data/raw/acne04/Classification/JPEGImages/levle0_183.jpg,data/raw/acne04/Detection/VOC2007/Annotations/levle0_183.xml,data/processed/acne04_yolo/labels/train/levle0_183.txt,1,1,0.000000,1.000000,1.000000,0,0,0,,false,PASS,
levle0_184,test,data/raw/acne04/Classification/JPEGImages/levle0_184.jpg,data/raw/acne04/Detection/VOC2007/Annotations/levle0_184.xml,data/processed/acne04_yolo/labels/test/levle0_184.txt,2,2,0.000000,1.000000,1.000000,0,0,0,,false,PASS,
levle0_185,train,data/raw/acne04/Classification/JPEGImages/levle0_185.jpg,data/raw/acne04/Detection/VOC2007/Annotations/levle0_185.xml,data/processed/acne04_yolo/labels/train/levle0_185.txt,3,3,0.000000,1.000000,1.000000,0,0,0,9d1adbdaf1926dc91901a53e69f56be19045ea7f3f36f557244a7f0367f833d9,false,NEEDS_REVIEW,duplicate_group_annotation_counts_differ
levle0_186,train,data/raw/acne04/Classification/JPEGImages/levle0_186.jpg,data/raw/acne04/Detection/VOC2007/Annotations/levle0_186.xml,data/processed/acne04_yolo/labels/train/levle0_186.txt,2,2,0.000000,1.000000,1.000000,0,0,0,,false,PASS,
levle0_187,test,data/raw/acne04/Classification/JPEGImages/levle0_187.jpg,data/raw/acne04/Detection/VOC2007/Annotations/levle0_187.xml,data/processed/acne04_yolo/labels/test/levle0_187.txt,1,1,0.000000,1.000000,1.000000,0,0,0,,false,PASS,
levle0_188,train,data/raw/acne04/Classification/JPEGImages/levle0_188.jpg,data/raw/acne04/Detection/VOC2007/Annotations/levle0_188.xml,data/processed/acne04_yolo/labels/train/levle0_188.txt,2,2,0.000000,1.000000,1.000000,0,0,0,,false,PASS,
levle0_189,train,data/raw/acne04/Classification/JPEGImages/levle0_189.jpg,data/raw/acne04/Detection/VOC2007/Annotations/levle0_189.xml,data/processed/acne04_yolo/labels/train/levle0_189.txt,5,5,0.000000,1.000000,1.000000,0,0,0,,false,PASS,
levle0_19,train,data/raw/acne04/Classification/JPEGImages/levle0_19.jpg,data/raw/acne04/Detection/VOC2007/Annotations/levle0_19.xml,data/processed/acne04_yolo/labels/train/levle0_19.txt,3,3,0.000000,1.000000,1.000000,0,0,0,,false,PASS,
levle0_190,val,data/raw/acne04/Classification/JPEGImages/levle0_190.jpg,data/raw/acne04/Detection/VOC2007/Annotations/levle0_190.xml,data/processed/acne04_yolo/labels/val/levle0_190.txt,2,2,0.000000,1.000000,1.000000,0,0,0,,false,PASS,
levle0_192,train,data/raw/acne04/Classification/JPEGImages/levle0_192.jpg,data/raw/acne04/Detection/VOC2007/Annotations/levle0_192.xml,data/processed/acne04_yolo/labels/train/levle0_192.txt,1,1,0.000000,1.000000,1.000000,0,0,0,,false,PASS,
levle0_193,train,data/raw/acne04/Classification/JPEGImages/levle0_193.jpg,data/raw/acne04/Detection/VOC2007/Annotations/levle0_193.xml,data/processed/acne04_yolo/labels/train/levle0_193.txt,2,2,0.000000,1.000000,1.000000,0,0,0,,false,PASS,
levle0_194,test,data/raw/acne04/Classification/JPEGImages/levle0_194.jpg,data/raw/acne04/Detection/VOC2007/Annotations/levle0_194.xml,data/processed/acne04_yolo/labels/test/levle0_194.txt,4,4,0.000000,1.000000,1.000000,0,0,0,,false,PASS,
levle0_195,train,data/raw/acne04/Classification/JPEGImages/levle0_195.jpg,data/raw/acne04/Detection/VOC2007/Annotations/levle0_195.xml,data/processed/acne04_yolo/labels/train/levle0_195.txt,1,1,0.000000,1.000000,1.000000,0,0,0,,false,PASS,
levle0_196,train,data/raw/acne04/Classification/JPEGImages/levle0_196.jpg,data/raw/acne04/Detection/VOC2007/Annotations/levle0_196.xml,data/processed/acne04_yolo/labels/train/levle0_196.txt,1,1,0.000000,1.000000,1.000000,0,0,0,,false,PASS,
levle0_197,test,data/raw/acne04/Classification/JPEGImages/levle0_197.jpg,data/raw/acne04/Detection/VOC2007/Annotations/levle0_197.xml,data/processed/acne04_yolo/labels/test/levle0_197.txt,3,3,0.000000,1.000000,1.000000,0,0,0,,false,PASS,
levle0_198,train,data/raw/acne04/Classification/JPEGImages/levle0_198.jpg,data/raw/acne04/Detection/VOC2007/Annotations/levle0_198.xml,data/processed/acne04_yolo/labels/train/levle0_198.txt,3,3,0.000000,1.000000,1.000000,0,0,0,,false,PASS,
levle0_2,train,data/raw/acne04/Classification/JPEGImages/levle0_2.jpg,data/raw/acne04/Detection/VOC2007/Annotations/levle0_2.xml,data/processed/acne04_yolo/labels/train/levle0_2.txt,3,3,0.000000,1.000000,1.000000,0,0,0,,false,PASS,
levle0_20,val,data/raw/acne04/Classification/JPEGImages/levle0_20.jpg,data/raw/acne04/Detection/VOC2007/Annotations/levle0_20.xml,data/processed/acne04_yolo/labels/val/levle0_20.txt,3,3,0.000000,1.000000,1.000000,0,0,0,,false,PASS,
levle0_202,train,data/raw/acne04/Classification/JPEGImages/levle0_202.jpg,data/raw/acne04/Detection/VOC2007/Annotations/levle0_202.xml,data/processed/acne04_yolo/labels/train/levle0_202.txt,2,2,0.000000,1.000000,1.000000,0,0,0,,false,PASS,
levle0_203,train,data/raw/acne04/Classification/JPEGImages/levle0_203.jpg,data/raw/acne04/Detection/VOC2007/Annotations/levle0_203.xml,data/processed/acne04_yolo/labels/train/levle0_203.txt,3,3,0.000000,1.000000,1.000000,0,0,0,,false,PASS,
levle0_204,train,data/raw/acne04/Classification/JPEGImages/levle0_204.jpg,data/raw/acne04/Detection/VOC2007/Annotations/levle0_204.xml,data/processed/acne04_yolo/labels/train/levle0_204.txt,2,2,0.000000,1.000000,1.000000,0,0,0,,false,PASS,
levle0_205,train,data/raw/acne04/Classification/JPEGImages/levle0_205.jpg,data/raw/acne04/Detection/VOC2007/Annotations/levle0_205.xml,data/processed/acne04_yolo/labels/train/levle0_205.txt,3,3,0.000000,1.000000,1.000000,0,0,0,,false,PASS,
levle0_206,train,data/raw/acne04/Classification/JPEGImages/levle0_206.jpg,data/raw/acne04/Detection/VOC2007/Annotations/levle0_206.xml,data/processed/acne04_yolo/labels/train/levle0_206.txt,1,1,0.000000,1.000000,1.000000,0,0,0,5a71adc2b690cdedde439890ed1ae950c16f1cc58cef93b90b37781256dbce1b,false,PASS,
levle0_207,val,data/raw/acne04/Classification/JPEGImages/levle0_207.jpg,data/raw/acne04/Detection/VOC2007/Annotations/levle0_207.xml,data/processed/acne04_yolo/labels/val/levle0_207.txt,1,1,0.000000,1.000000,1.000000,0,0,0,b257a192234a349684044c442598529d18dcd6830961450fd72620606f967045,false,NEEDS_REVIEW,duplicate_group_annotation_counts_differ
levle0_209,test,data/raw/acne04/Classification/JPEGImages/levle0_209.jpg,data/raw/acne04/Detection/VOC2007/Annotations/levle0_209.xml,data/processed/acne04_yolo/labels/test/levle0_209.txt,2,2,0.000000,1.000000,1.000000,0,0,0,,false,PASS,
levle0_21,train,data/raw/acne04/Classification/JPEGImages/levle0_21.jpg,data/raw/acne04/Detection/VOC2007/Annotations/levle0_21.xml,data/processed/acne04_yolo/labels/train/levle0_21.txt,2,2,0.000000,1.000000,1.000000,0,0,0,,false,PASS,
levle0_210,train,data/raw/acne04/Classification/JPEGImages/levle0_210.jpg,data/raw/acne04/Detection/VOC2007/Annotations/levle0_210.xml,data/processed/acne04_yolo/labels/train/levle0_210.txt,2,2,0.000000,1.000000,1.000000,0,0,0,,false,PASS,
levle0_211,train,data/raw/acne04/Classification/JPEGImages/levle0_211.jpg,data/raw/acne04/Detection/VOC2007/Annotations/levle0_211.xml,data/processed/acne04_yolo/labels/train/levle0_211.txt,1,1,0.000000,1.000000,1.000000,0,0,0,,false,PASS,
levle0_212,val,data/raw/acne04/Classification/JPEGImages/levle0_212.jpg,data/raw/acne04/Detection/VOC2007/Annotations/levle0_212.xml,data/processed/acne04_yolo/labels/val/levle0_212.txt,2,2,0.000000,1.000000,1.000000,0,0,0,,false,PASS,
levle0_213,train,data/raw/acne04/Classification/JPEGImages/levle0_213.jpg,data/raw/acne04/Detection/VOC2007/Annotations/levle0_213.xml,data/processed/acne04_yolo/labels/train/levle0_213.txt,2,2,0.000000,1.000000,1.000000,0,0,0,,false,PASS,
levle0_214,train,data/raw/acne04/Classification/JPEGImages/levle0_214.jpg,data/raw/acne04/Detection/VOC2007/Annotations/levle0_214.xml,data/processed/acne04_yolo/labels/train/levle0_214.txt,2,2,0.000000,1.000000,1.000000,0,0,0,,false,PASS,
levle0_215,train,data/raw/acne04/Classification/JPEGImages/levle0_215.jpg,data/raw/acne04/Detection/VOC2007/Annotations/levle0_215.xml,data/processed/acne04_yolo/labels/train/levle0_215.txt,2,2,0.000000,1.000000,1.000000,0,0,0,,false,PASS,
levle0_216,test,data/raw/acne04/Classification/JPEGImages/levle0_216.jpg,data/raw/acne04/Detection/VOC2007/Annotations/levle0_216.xml,data/processed/acne04_yolo/labels/test/levle0_216.txt,2,2,0.000000,1.000000,1.000000,0,0,0,,false,PASS,
levle0_217,train,data/raw/acne04/Classification/JPEGImages/levle0_217.jpg,data/raw/acne04/Detection/VOC2007/Annotations/levle0_217.xml,data/processed/acne04_yolo/labels/train/levle0_217.txt,2,2,0.000000,1.000000,1.000000,0,0,0,,false,PASS,
levle0_218,train,data/raw/acne04/Classification/JPEGImages/levle0_218.jpg,data/raw/acne04/Detection/VOC2007/Annotations/levle0_218.xml,data/processed/acne04_yolo/labels/train/levle0_218.txt,2,2,0.000000,1.000000,1.000000,0,0,0,,false,PASS,
levle0_219,val,data/raw/acne04/Classification/JPEGImages/levle0_219.jpg,data/raw/acne04/Detection/VOC2007/Annotations/levle0_219.xml,data/processed/acne04_yolo/labels/val/levle0_219.txt,2,2,0.000000,1.000000,1.000000,0,0,0,,false,PASS,
levle0_22,train,data/raw/acne04/Classification/JPEGImages/levle0_22.jpg,data/raw/acne04/Detection/VOC2007/Annotations/levle0_22.xml,data/processed/acne04_yolo/labels/train/levle0_22.txt,2,2,0.000000,1.000000,1.000000,0,0,0,,false,PASS,
levle0_220,train,data/raw/acne04/Classification/JPEGImages/levle0_220.jpg,data/raw/acne04/Detection/VOC2007/Annotations/levle0_220.xml,data/processed/acne04_yolo/labels/train/levle0_220.txt,3,3,0.000000,1.000000,1.000000,0,0,0,,false,PASS,
levle0_221,train,data/raw/acne04/Classification/JPEGImages/levle0_221.jpg,data/raw/acne04/Detection/VOC2007/Annotations/levle0_221.xml,data/processed/acne04_yolo/labels/train/levle0_221.txt,2,2,0.000000,1.000000,1.000000,0,0,0,,false,PASS,
levle0_222,val,data/raw/acne04/Classification/JPEGImages/levle0_222.jpg,data/raw/acne04/Detection/VOC2007/Annotations/levle0_222.xml,data/processed/acne04_yolo/labels/val/levle0_222.txt,1,1,0.000000,1.000000,1.000000,0,0,0,,false,PASS,
levle0_223,test,data/raw/acne04/Classification/JPEGImages/levle0_223.jpg,data/raw/acne04/Detection/VOC2007/Annotations/levle0_223.xml,data/processed/acne04_yolo/labels/test/levle0_223.txt,2,2,0.000000,1.000000,1.000000,0,0,0,,false,PASS,
levle0_224,test,data/raw/acne04/Classification/JPEGImages/levle0_224.jpg,data/raw/acne04/Detection/VOC2007/Annotations/levle0_224.xml,data/processed/acne04_yolo/labels/test/levle0_224.txt,3,3,0.000000,1.000000,1.000000,0,0,1,,false,NEEDS_REVIEW,contains_very_small_box
levle0_225,train,data/raw/acne04/Classification/JPEGImages/levle0_225.jpg,data/raw/acne04/Detection/VOC2007/Annotations/levle0_225.xml,data/processed/acne04_yolo/labels/train/levle0_225.txt,4,4,0.000000,1.000000,1.000000,0,0,0,,false,PASS,
levle0_226,train,data/raw/acne04/Classification/JPEGImages/levle0_226.jpg,data/raw/acne04/Detection/VOC2007/Annotations/levle0_226.xml,data/processed/acne04_yolo/labels/train/levle0_226.txt,2,2,0.000000,1.000000,1.000000,0,0,0,,false,PASS,
levle0_227,test,data/raw/acne04/Classification/JPEGImages/levle0_227.jpg,data/raw/acne04/Detection/VOC2007/Annotations/levle0_227.xml,data/processed/acne04_yolo/labels/test/levle0_227.txt,1,1,0.000000,1.000000,1.000000,0,0,0,,false,PASS,
levle0_228,train,data/raw/acne04/Classification/JPEGImages/levle0_228.jpg,data/raw/acne04/Detection/VOC2007/Annotations/levle0_228.xml,data/processed/acne04_yolo/labels/train/levle0_228.txt,1,1,0.000000,1.000000,1.000000,0,0,0,,false,PASS,
levle0_229,train,data/raw/acne04/Classification/JPEGImages/levle0_229.jpg,data/raw/acne04/Detection/VOC2007/Annotations/levle0_229.xml,data/processed/acne04_yolo/labels/train/levle0_229.txt,4,4,0.000000,1.000000,1.000000,0,0,0,,false,PASS,
levle0_23,train,data/raw/acne04/Classification/JPEGImages/levle0_23.jpg,data/raw/acne04/Detection/VOC2007/Annotations/levle0_23.xml,data/processed/acne04_yolo/labels/train/levle0_23.txt,2,2,0.000000,1.000000,1.000000,0,0,0,f5e03bbf416d61a4530403f32db46b69f57b25f6f636781c6b37a45db42400aa,false,PASS,
levle0_230,test,data/raw/acne04/Classification/JPEGImages/levle0_230.jpg,data/raw/acne04/Detection/VOC2007/Annotations/levle0_230.xml,data/processed/acne04_yolo/labels/test/levle0_230.txt,3,3,0.000000,1.000000,1.000000,0,0,0,,false,PASS,
levle0_231,train,data/raw/acne04/Classification/JPEGImages/levle0_231.jpg,data/raw/acne04/Detection/VOC2007/Annotations/levle0_231.xml,data/processed/acne04_yolo/labels/train/levle0_231.txt,1,1,0.000000,1.000000,1.000000,0,0,0,,false,PASS,
levle0_232,train,data/raw/acne04/Classification/JPEGImages/levle0_232.jpg,data/raw/acne04/Detection/VOC2007/Annotations/levle0_232.xml,data/processed/acne04_yolo/labels/train/levle0_232.txt,1,1,0.000000,1.000000,1.000000,0,0,0,,false,PASS,
levle0_233,train,data/raw/acne04/Classification/JPEGImages/levle0_233.jpg,data/raw/acne04/Detection/VOC2007/Annotations/levle0_233.xml,data/processed/acne04_yolo/labels/train/levle0_233.txt,1,1,0.000000,1.000000,1.000000,0,0,0,,false,PASS,
levle0_234,val,data/raw/acne04/Classification/JPEGImages/levle0_234.jpg,data/raw/acne04/Detection/VOC2007/Annotations/levle0_234.xml,data/processed/acne04_yolo/labels/val/levle0_234.txt,1,1,0.000000,1.000000,1.000000,0,0,0,,false,PASS,
levle0_235,train,data/raw/acne04/Classification/JPEGImages/levle0_235.jpg,data/raw/acne04/Detection/VOC2007/Annotations/levle0_235.xml,data/processed/acne04_yolo/labels/train/levle0_235.txt,2,2,0.000000,1.000000,1.000000,0,0,0,,false,PASS,
levle0_236,train,data/raw/acne04/Classification/JPEGImages/levle0_236.jpg,data/raw/acne04/Detection/VOC2007/Annotations/levle0_236.xml,data/processed/acne04_yolo/labels/train/levle0_236.txt,1,1,0.000000,1.000000,1.000000,0,0,0,,false,PASS,
levle0_238,train,data/raw/acne04/Classification/JPEGImages/levle0_238.jpg,data/raw/acne04/Detection/VOC2007/Annotations/levle0_238.xml,data/processed/acne04_yolo/labels/train/levle0_238.txt,3,3,0.000000,1.000000,1.000000,0,0,0,,false,PASS,
levle0_239,train,data/raw/acne04/Classification/JPEGImages/levle0_239.jpg,data/raw/acne04/Detection/VOC2007/Annotations/levle0_239.xml,data/processed/acne04_yolo/labels/train/levle0_239.txt,3,3,0.000000,1.000000,1.000000,0,0,0,,false,PASS,
levle0_24,train,data/raw/acne04/Classification/JPEGImages/levle0_24.jpg,data/raw/acne04/Detection/VOC2007/Annotations/levle0_24.xml,data/processed/acne04_yolo/labels/train/levle0_24.txt,3,3,0.000000,1.000000,1.000000,0,0,0,06b2c41628e227aa15415aba6aac881e47eb6c06d74bb9b0b592664e2a81b4a5,false,NEEDS_REVIEW,duplicate_group_annotation_counts_differ
levle0_240,train,data/raw/acne04/Classification/JPEGImages/levle0_240.jpg,data/raw/acne04/Detection/VOC2007/Annotations/levle0_240.xml,data/processed/acne04_yolo/labels/train/levle0_240.txt,4,4,0.000000,1.000000,1.000000,0,0,0,,false,PASS,
levle0_241,val,data/raw/acne04/Classification/JPEGImages/levle0_241.jpg,data/raw/acne04/Detection/VOC2007/Annotations/levle0_241.xml,data/processed/acne04_yolo/labels/val/levle0_241.txt,2,2,0.000000,1.000000,1.000000,0,0,0,,false,PASS,
levle0_242,train,data/raw/acne04/Classification/JPEGImages/levle0_242.jpg,data/raw/acne04/Detection/VOC2007/Annotations/levle0_242.xml,data/processed/acne04_yolo/labels/train/levle0_242.txt,2,2,0.000000,1.000000,1.000000,0,0,0,,false,PASS,
levle0_243,test,data/raw/acne04/Classification/JPEGImages/levle0_243.jpg,data/raw/acne04/Detection/VOC2007/Annotations/levle0_243.xml,data/processed/acne04_yolo/labels/test/levle0_243.txt,1,1,0.000000,1.000000,1.000000,0,0,0,,false,PASS,
levle0_244,train,data/raw/acne04/Classification/JPEGImages/levle0_244.jpg,data/raw/acne04/Detection/VOC2007/Annotations/levle0_244.xml,data/processed/acne04_yolo/labels/train/levle0_244.txt,2,2,0.000000,1.000000,1.000000,0,0,0,,false,PASS,
levle0_245,train,data/raw/acne04/Classification/JPEGImages/levle0_245.jpg,data/raw/acne04/Detection/VOC2007/Annotations/levle0_245.xml,data/processed/acne04_yolo/labels/train/levle0_245.txt,2,2,0.000000,1.000000,1.000000,0,0,0,,false,PASS,
levle0_246,val,data/raw/acne04/Classification/JPEGImages/levle0_246.jpg,data/raw/acne04/Detection/VOC2007/Annotations/levle0_246.xml,data/processed/acne04_yolo/labels/val/levle0_246.txt,3,3,0.000000,1.000000,1.000000,0,0,0,,false,PASS,
levle0_247,train,data/raw/acne04/Classification/JPEGImages/levle0_247.jpg,data/raw/acne04/Detection/VOC2007/Annotations/levle0_247.xml,data/processed/acne04_yolo/labels/train/levle0_247.txt,5,5,0.000000,1.000000,1.000000,0,0,0,,false,PASS,
levle0_248,test,data/raw/acne04/Classification/JPEGImages/levle0_248.jpg,data/raw/acne04/Detection/VOC2007/Annotations/levle0_248.xml,data/processed/acne04_yolo/labels/test/levle0_248.txt,2,2,0.000000,1.000000,1.000000,0,0,0,,false,PASS,
levle0_249,train,data/raw/acne04/Classification/JPEGImages/levle0_249.jpg,data/raw/acne04/Detection/VOC2007/Annotations/levle0_249.xml,data/processed/acne04_yolo/labels/train/levle0_249.txt,1,1,0.000000,1.000000,1.000000,0,0,0,,false,PASS,
levle0_25,train,data/raw/acne04/Classification/JPEGImages/levle0_25.jpg,data/raw/acne04/Detection/VOC2007/Annotations/levle0_25.xml,data/processed/acne04_yolo/labels/train/levle0_25.txt,2,2,0.000000,1.000000,1.000000,0,0,0,,false,PASS,
levle0_250,train,data/raw/acne04/Classification/JPEGImages/levle0_250.jpg,data/raw/acne04/Detection/VOC2007/Annotations/levle0_250.xml,data/processed/acne04_yolo/labels/train/levle0_250.txt,1,1,0.000000,1.000000,1.000000,0,0,0,,false,PASS,
levle0_251,train,data/raw/acne04/Classification/JPEGImages/levle0_251.jpg,data/raw/acne04/Detection/VOC2007/Annotations/levle0_251.xml,data/processed/acne04_yolo/labels/train/levle0_251.txt,1,1,0.000000,1.000000,1.000000,0,0,0,,false,PASS,
levle0_252,train,data/raw/acne04/Classification/JPEGImages/levle0_252.jpg,data/raw/acne04/Detection/VOC2007/Annotations/levle0_252.xml,data/processed/acne04_yolo/labels/train/levle0_252.txt,3,3,0.000000,1.000000,1.000000,0,0,0,,false,PASS,
levle0_253,train,data/raw/acne04/Classification/JPEGImages/levle0_253.jpg,data/raw/acne04/Detection/VOC2007/Annotations/levle0_253.xml,data/processed/acne04_yolo/labels/train/levle0_253.txt,1,1,0.000000,1.000000,1.000000,0,0,0,,false,PASS,
levle0_255,train,data/raw/acne04/Classification/JPEGImages/levle0_255.jpg,data/raw/acne04/Detection/VOC2007/Annotations/levle0_255.xml,data/processed/acne04_yolo/labels/train/levle0_255.txt,2,2,0.000000,1.000000,1.000000,0,0,0,,false,PASS,
levle0_256,val,data/raw/acne04/Classification/JPEGImages/levle0_256.jpg,data/raw/acne04/Detection/VOC2007/Annotations/levle0_256.xml,data/processed/acne04_yolo/labels/val/levle0_256.txt,1,1,0.000000,1.000000,1.000000,0,0,0,,false,PASS,
levle0_257,train,data/raw/acne04/Classification/JPEGImages/levle0_257.jpg,data/raw/acne04/Detection/VOC2007/Annotations/levle0_257.xml,data/processed/acne04_yolo/labels/train/levle0_257.txt,1,1,0.000000,1.000000,1.000000,0,0,0,,false,PASS,
levle0_258,test,data/raw/acne04/Classification/JPEGImages/levle0_258.jpg,data/raw/acne04/Detection/VOC2007/Annotations/levle0_258.xml,data/processed/acne04_yolo/labels/test/levle0_258.txt,1,1,0.000000,1.000000,1.000000,0,0,0,,false,PASS,
levle0_259,train,data/raw/acne04/Classification/JPEGImages/levle0_259.jpg,data/raw/acne04/Detection/VOC2007/Annotations/levle0_259.xml,data/processed/acne04_yolo/labels/train/levle0_259.txt,1,1,0.000000,1.000000,1.000000,0,0,0,,false,PASS,
levle0_26,train,data/raw/acne04/Classification/JPEGImages/levle0_26.jpg,data/raw/acne04/Detection/VOC2007/Annotations/levle0_26.xml,data/processed/acne04_yolo/labels/train/levle0_26.txt,1,1,0.000000,1.000000,1.000000,0,0,0,,false,PASS,
levle0_260,train,data/raw/acne04/Classification/JPEGImages/levle0_260.jpg,data/raw/acne04/Detection/VOC2007/Annotations/levle0_260.xml,data/processed/acne04_yolo/labels/train/levle0_260.txt,1,1,0.000000,1.000000,1.000000,0,0,0,,false,PASS,
levle0_261,train,data/raw/acne04/Classification/JPEGImages/levle0_261.jpg,data/raw/acne04/Detection/VOC2007/Annotations/levle0_261.xml,data/processed/acne04_yolo/labels/train/levle0_261.txt,3,3,0.000000,1.000000,1.000000,0,0,0,,false,PASS,
levle0_263,train,data/raw/acne04/Classification/JPEGImages/levle0_263.jpg,data/raw/acne04/Detection/VOC2007/Annotations/levle0_263.xml,data/processed/acne04_yolo/labels/train/levle0_263.txt,1,1,0.000000,1.000000,1.000000,0,0,0,f3cdc89f4d872cf7d23832684598b638bfa78b4b716bc061a41e7b1eed017ae4,false,PASS,
levle0_264,val,data/raw/acne04/Classification/JPEGImages/levle0_264.jpg,data/raw/acne04/Detection/VOC2007/Annotations/levle0_264.xml,data/processed/acne04_yolo/labels/val/levle0_264.txt,2,2,0.000000,1.000000,1.000000,0,0,0,,false,PASS,
levle0_265,test,data/raw/acne04/Classification/JPEGImages/levle0_265.jpg,data/raw/acne04/Detection/VOC2007/Annotations/levle0_265.xml,data/processed/acne04_yolo/labels/test/levle0_265.txt,1,1,0.000000,1.000000,1.000000,0,0,0,59ae260f2e1fe25b80854c3323ed85976d61d530b60d60b76ddfa7be53489e67,false,PASS,
levle0_266,train,data/raw/acne04/Classification/JPEGImages/levle0_266.jpg,data/raw/acne04/Detection/VOC2007/Annotations/levle0_266.xml,data/processed/acne04_yolo/labels/train/levle0_266.txt,2,2,0.000000,1.000000,1.000000,0,0,0,,false,PASS,
levle0_267,train,data/raw/acne04/Classification/JPEGImages/levle0_267.jpg,data/raw/acne04/Detection/VOC2007/Annotations/levle0_267.xml,data/processed/acne04_yolo/labels/train/levle0_267.txt,1,1,0.000000,1.000000,1.000000,0,0,0,,false,PASS,
levle0_268,train,data/raw/acne04/Classification/JPEGImages/levle0_268.jpg,data/raw/acne04/Detection/VOC2007/Annotations/levle0_268.xml,data/processed/acne04_yolo/labels/train/levle0_268.txt,3,3,0.000000,1.000000,1.000000,0,0,0,,false,PASS,
levle0_269,test,data/raw/acne04/Classification/JPEGImages/levle0_269.jpg,data/raw/acne04/Detection/VOC2007/Annotations/levle0_269.xml,data/processed/acne04_yolo/labels/test/levle0_269.txt,3,3,0.000000,1.000000,1.000000,0,0,0,,false,PASS,
levle0_27,val,data/raw/acne04/Classification/JPEGImages/levle0_27.jpg,data/raw/acne04/Detection/VOC2007/Annotations/levle0_27.xml,data/processed/acne04_yolo/labels/val/levle0_27.txt,1,1,0.000000,1.000000,1.000000,0,0,0,,false,PASS,
levle0_270,train,data/raw/acne04/Classification/JPEGImages/levle0_270.jpg,data/raw/acne04/Detection/VOC2007/Annotations/levle0_270.xml,data/processed/acne04_yolo/labels/train/levle0_270.txt,2,2,0.000000,1.000000,1.000000,0,0,0,,false,PASS,
levle0_271,train,data/raw/acne04/Classification/JPEGImages/levle0_271.jpg,data/raw/acne04/Detection/VOC2007/Annotations/levle0_271.xml,data/processed/acne04_yolo/labels/train/levle0_271.txt,3,3,0.000000,1.000000,1.000000,0,0,0,,false,PASS,
levle0_272,train,data/raw/acne04/Classification/JPEGImages/levle0_272.jpg,data/raw/acne04/Detection/VOC2007/Annotations/levle0_272.xml,data/processed/acne04_yolo/labels/train/levle0_272.txt,2,2,0.000000,1.000000,1.000000,0,0,0,,false,PASS,
levle0_273,test,data/raw/acne04/Classification/JPEGImages/levle0_273.jpg,data/raw/acne04/Detection/VOC2007/Annotations/levle0_273.xml,data/processed/acne04_yolo/labels/test/levle0_273.txt,2,2,0.000000,1.000000,1.000000,0,0,0,,false,PASS,
levle0_274,train,data/raw/acne04/Classification/JPEGImages/levle0_274.jpg,data/raw/acne04/Detection/VOC2007/Annotations/levle0_274.xml,data/processed/acne04_yolo/labels/train/levle0_274.txt,2,2,0.000000,1.000000,1.000000,0,0,0,,false,PASS,
levle0_275,train,data/raw/acne04/Classification/JPEGImages/levle0_275.jpg,data/raw/acne04/Detection/VOC2007/Annotations/levle0_275.xml,data/processed/acne04_yolo/labels/train/levle0_275.txt,2,2,0.000000,1.000000,1.000000,0,0,0,,false,PASS,
levle0_276,train,data/raw/acne04/Classification/JPEGImages/levle0_276.jpg,data/raw/acne04/Detection/VOC2007/Annotations/levle0_276.xml,data/processed/acne04_yolo/labels/train/levle0_276.txt,3,3,0.000000,1.000000,1.000000,0,0,0,,false,PASS,
levle0_277,val,data/raw/acne04/Classification/JPEGImages/levle0_277.jpg,data/raw/acne04/Detection/VOC2007/Annotations/levle0_277.xml,data/processed/acne04_yolo/labels/val/levle0_277.txt,3,3,0.000000,1.000000,1.000000,0,0,0,,false,PASS,
levle0_278,train,data/raw/acne04/Classification/JPEGImages/levle0_278.jpg,data/raw/acne04/Detection/VOC2007/Annotations/levle0_278.xml,data/processed/acne04_yolo/labels/train/levle0_278.txt,3,3,0.000000,1.000000,1.000000,0,0,0,,false,PASS,
levle0_279,train,data/raw/acne04/Classification/JPEGImages/levle0_279.jpg,data/raw/acne04/Detection/VOC2007/Annotations/levle0_279.xml,data/processed/acne04_yolo/labels/train/levle0_279.txt,3,3,0.000000,1.000000,1.000000,0,0,0,,false,PASS,
levle0_28,test,data/raw/acne04/Classification/JPEGImages/levle0_28.jpg,data/raw/acne04/Detection/VOC2007/Annotations/levle0_28.xml,data/processed/acne04_yolo/labels/test/levle0_28.txt,1,1,0.000000,1.000000,1.000000,0,0,0,,false,PASS,
levle0_280,test,data/raw/acne04/Classification/JPEGImages/levle0_280.jpg,data/raw/acne04/Detection/VOC2007/Annotations/levle0_280.xml,data/processed/acne04_yolo/labels/test/levle0_280.txt,3,3,0.000000,1.000000,1.000000,0,0,0,,false,PASS,
levle0_281,train,data/raw/acne04/Classification/JPEGImages/levle0_281.jpg,data/raw/acne04/Detection/VOC2007/Annotations/levle0_281.xml,data/processed/acne04_yolo/labels/train/levle0_281.txt,1,1,0.000000,1.000000,1.000000,0,0,0,,false,PASS,
levle0_282,train,data/raw/acne04/Classification/JPEGImages/levle0_282.jpg,data/raw/acne04/Detection/VOC2007/Annotations/levle0_282.xml,data/processed/acne04_yolo/labels/train/levle0_282.txt,1,1,0.000000,1.000000,1.000000,0,0,0,,false,PASS,
levle0_283,train,data/raw/acne04/Classification/JPEGImages/levle0_283.jpg,data/raw/acne04/Detection/VOC2007/Annotations/levle0_283.xml,data/processed/acne04_yolo/labels/train/levle0_283.txt,1,1,0.000000,1.000000,1.000000,0,0,0,,false,PASS,
levle0_284,train,data/raw/acne04/Classification/JPEGImages/levle0_284.jpg,data/raw/acne04/Detection/VOC2007/Annotations/levle0_284.xml,data/processed/acne04_yolo/labels/train/levle0_284.txt,1,1,0.000000,1.000000,1.000000,0,0,0,,false,PASS,
levle0_285,val,data/raw/acne04/Classification/JPEGImages/levle0_285.jpg,data/raw/acne04/Detection/VOC2007/Annotations/levle0_285.xml,data/processed/acne04_yolo/labels/val/levle0_285.txt,1,1,0.000000,1.000000,1.000000,0,0,0,,false,PASS,
levle0_286,val,data/raw/acne04/Classification/JPEGImages/levle0_286.jpg,data/raw/acne04/Detection/VOC2007/Annotations/levle0_286.xml,data/processed/acne04_yolo/labels/val/levle0_286.txt,2,2,0.000000,1.000000,1.000000,0,0,0,,false,PASS,
levle0_287,train,data/raw/acne04/Classification/JPEGImages/levle0_287.jpg,data/raw/acne04/Detection/VOC2007/Annotations/levle0_287.xml,data/processed/acne04_yolo/labels/train/levle0_287.txt,1,1,0.000000,1.000000,1.000000,0,0,0,,false,PASS,
levle0_288,train,data/raw/acne04/Classification/JPEGImages/levle0_288.jpg,data/raw/acne04/Detection/VOC2007/Annotations/levle0_288.xml,data/processed/acne04_yolo/labels/train/levle0_288.txt,2,2,0.000000,1.000000,1.000000,0,0,0,,false,PASS,
levle0_289,train,data/raw/acne04/Classification/JPEGImages/levle0_289.jpg,data/raw/acne04/Detection/VOC2007/Annotations/levle0_289.xml,data/processed/acne04_yolo/labels/train/levle0_289.txt,2,2,0.000000,1.000000,1.000000,0,0,0,,false,PASS,
levle0_290,train,data/raw/acne04/Classification/JPEGImages/levle0_290.jpg,data/raw/acne04/Detection/VOC2007/Annotations/levle0_290.xml,data/processed/acne04_yolo/labels/train/levle0_290.txt,4,4,0.000000,1.000000,1.000000,0,0,0,,false,PASS,
levle0_291,test,data/raw/acne04/Classification/JPEGImages/levle0_291.jpg,data/raw/acne04/Detection/VOC2007/Annotations/levle0_291.xml,data/processed/acne04_yolo/labels/test/levle0_291.txt,2,2,0.000000,1.000000,1.000000,0,0,0,,false,PASS,
levle0_292,train,data/raw/acne04/Classification/JPEGImages/levle0_292.jpg,data/raw/acne04/Detection/VOC2007/Annotations/levle0_292.xml,data/processed/acne04_yolo/labels/train/levle0_292.txt,3,3,0.000000,1.000000,1.000000,0,0,0,,false,PASS,
levle0_293,train,data/raw/acne04/Classification/JPEGImages/levle0_293.jpg,data/raw/acne04/Detection/VOC2007/Annotations/levle0_293.xml,data/processed/acne04_yolo/labels/train/levle0_293.txt,3,3,0.000000,1.000000,1.000000,0,0,0,,false,PASS,
levle0_294,train,data/raw/acne04/Classification/JPEGImages/levle0_294.jpg,data/raw/acne04/Detection/VOC2007/Annotations/levle0_294.xml,data/processed/acne04_yolo/labels/train/levle0_294.txt,2,2,0.000000,1.000000,1.000000,0,0,0,,false,PASS,
levle0_295,val,data/raw/acne04/Classification/JPEGImages/levle0_295.jpg,data/raw/acne04/Detection/VOC2007/Annotations/levle0_295.xml,data/processed/acne04_yolo/labels/val/levle0_295.txt,3,3,0.000000,1.000000,1.000000,0,0,0,,false,PASS,
levle0_296,train,data/raw/acne04/Classification/JPEGImages/levle0_296.jpg,data/raw/acne04/Detection/VOC2007/Annotations/levle0_296.xml,data/processed/acne04_yolo/labels/train/levle0_296.txt,2,2,0.000000,1.000000,1.000000,0,0,0,,false,PASS,
levle0_297,test,data/raw/acne04/Classification/JPEGImages/levle0_297.jpg,data/raw/acne04/Detection/VOC2007/Annotations/levle0_297.xml,data/processed/acne04_yolo/labels/test/levle0_297.txt,1,1,0.000000,1.000000,1.000000,0,0,0,,false,PASS,
levle0_298,val,data/raw/acne04/Classification/JPEGImages/levle0_298.jpg,data/raw/acne04/Detection/VOC2007/Annotations/levle0_298.xml,data/processed/acne04_yolo/labels/val/levle0_298.txt,2,2,0.000000,1.000000,1.000000,0,0,0,,false,PASS,
levle0_299,train,data/raw/acne04/Classification/JPEGImages/levle0_299.jpg,data/raw/acne04/Detection/VOC2007/Annotations/levle0_299.xml,data/processed/acne04_yolo/labels/train/levle0_299.txt,2,2,0.000000,1.000000,1.000000,0,0,0,,false,PASS,
levle0_3,train,data/raw/acne04/Classification/JPEGImages/levle0_3.jpg,data/raw/acne04/Detection/VOC2007/Annotations/levle0_3.xml,data/processed/acne04_yolo/labels/train/levle0_3.txt,3,3,0.000000,1.000000,1.000000,0,0,0,,false,PASS,
levle0_300,train,data/raw/acne04/Classification/JPEGImages/levle0_300.jpg,data/raw/acne04/Detection/VOC2007/Annotations/levle0_300.xml,data/processed/acne04_yolo/labels/train/levle0_300.txt,1,1,0.000000,1.000000,1.000000,0,0,0,,false,PASS,
levle0_301,train,data/raw/acne04/Classification/JPEGImages/levle0_301.jpg,data/raw/acne04/Detection/VOC2007/Annotations/levle0_301.xml,data/processed/acne04_yolo/labels/train/levle0_301.txt,1,1,0.000000,1.000000,1.000000,0,0,0,,false,PASS,
levle0_302,train,data/raw/acne04/Classification/JPEGImages/levle0_302.jpg,data/raw/acne04/Detection/VOC2007/Annotations/levle0_302.xml,data/processed/acne04_yolo/labels/train/levle0_302.txt,2,2,0.000000,1.000000,1.000000,0,0,0,,false,PASS,
levle0_303,train,data/raw/acne04/Classification/JPEGImages/levle0_303.jpg,data/raw/acne04/Detection/VOC2007/Annotations/levle0_303.xml,data/processed/acne04_yolo/labels/train/levle0_303.txt,1,1,0.000000,1.000000,1.000000,0,0,0,,false,PASS,
levle0_304,train,data/raw/acne04/Classification/JPEGImages/levle0_304.jpg,data/raw/acne04/Detection/VOC2007/Annotations/levle0_304.xml,data/processed/acne04_yolo/labels/train/levle0_304.txt,2,2,0.000000,1.000000,1.000000,0,0,0,,false,PASS,
levle0_305,test,data/raw/acne04/Classification/JPEGImages/levle0_305.jpg,data/raw/acne04/Detection/VOC2007/Annotations/levle0_305.xml,data/processed/acne04_yolo/labels/test/levle0_305.txt,2,2,0.000000,1.000000,1.000000,0,0,0,,false,PASS,
levle0_306,train,data/raw/acne04/Classification/JPEGImages/levle0_306.jpg,data/raw/acne04/Detection/VOC2007/Annotations/levle0_306.xml,data/processed/acne04_yolo/labels/train/levle0_306.txt,2,2,0.000000,1.000000,1.000000,0,0,0,,false,PASS,
levle0_307,train,data/raw/acne04/Classification/JPEGImages/levle0_307.jpg,data/raw/acne04/Detection/VOC2007/Annotations/levle0_307.xml,data/processed/acne04_yolo/labels/train/levle0_307.txt,1,1,0.000000,1.000000,1.000000,0,0,0,,false,PASS,
levle0_308,val,data/raw/acne04/Classification/JPEGImages/levle0_308.jpg,data/raw/acne04/Detection/VOC2007/Annotations/levle0_308.xml,data/processed/acne04_yolo/labels/val/levle0_308.txt,1,1,0.000000,1.000000,1.000000,0,0,0,,false,PASS,
levle0_309,train,data/raw/acne04/Classification/JPEGImages/levle0_309.jpg,data/raw/acne04/Detection/VOC2007/Annotations/levle0_309.xml,data/processed/acne04_yolo/labels/train/levle0_309.txt,1,1,0.000000,1.000000,1.000000,0,0,0,,false,PASS,
levle0_31,test,data/raw/acne04/Classification/JPEGImages/levle0_31.jpg,data/raw/acne04/Detection/VOC2007/Annotations/levle0_31.xml,data/processed/acne04_yolo/labels/test/levle0_31.txt,1,1,0.000000,1.000000,1.000000,0,0,0,,false,PASS,
levle0_310,train,data/raw/acne04/Classification/JPEGImages/levle0_310.jpg,data/raw/acne04/Detection/VOC2007/Annotations/levle0_310.xml,data/processed/acne04_yolo/labels/train/levle0_310.txt,2,2,0.000000,1.000000,1.000000,0,0,0,,false,PASS,
levle0_311,train,data/raw/acne04/Classification/JPEGImages/levle0_311.jpg,data/raw/acne04/Detection/VOC2007/Annotations/levle0_311.xml,data/processed/acne04_yolo/labels/train/levle0_311.txt,3,3,0.000000,1.000000,1.000000,0,0,0,,false,PASS,
levle0_312,train,data/raw/acne04/Classification/JPEGImages/levle0_312.jpg,data/raw/acne04/Detection/VOC2007/Annotations/levle0_312.xml,data/processed/acne04_yolo/labels/train/levle0_312.txt,4,4,0.000000,1.000000,1.000000,0,0,0,,false,PASS,
levle0_313,train,data/raw/acne04/Classification/JPEGImages/levle0_313.jpg,data/raw/acne04/Detection/VOC2007/Annotations/levle0_313.xml,data/processed/acne04_yolo/labels/train/levle0_313.txt,3,3,0.000000,1.000000,1.000000,0,0,0,,false,PASS,
levle0_314,val,data/raw/acne04/Classification/JPEGImages/levle0_314.jpg,data/raw/acne04/Detection/VOC2007/Annotations/levle0_314.xml,data/processed/acne04_yolo/labels/val/levle0_314.txt,2,2,0.000000,1.000000,1.000000,0,0,0,,false,PASS,
levle0_315,train,data/raw/acne04/Classification/JPEGImages/levle0_315.jpg,data/raw/acne04/Detection/VOC2007/Annotations/levle0_315.xml,data/processed/acne04_yolo/labels/train/levle0_315.txt,2,2,0.000000,1.000000,1.000000,0,0,0,,false,PASS,
levle0_316,train,data/raw/acne04/Classification/JPEGImages/levle0_316.jpg,data/raw/acne04/Detection/VOC2007/Annotations/levle0_316.xml,data/processed/acne04_yolo/labels/train/levle0_316.txt,1,1,0.000000,1.000000,1.000000,0,0,0,,false,PASS,
levle0_317,train,data/raw/acne04/Classification/JPEGImages/levle0_317.jpg,data/raw/acne04/Detection/VOC2007/Annotations/levle0_317.xml,data/processed/acne04_yolo/labels/train/levle0_317.txt,2,2,0.000000,1.000000,1.000000,0,0,0,,false,PASS,
levle0_318,train,data/raw/acne04/Classification/JPEGImages/levle0_318.jpg,data/raw/acne04/Detection/VOC2007/Annotations/levle0_318.xml,data/processed/acne04_yolo/labels/train/levle0_318.txt,1,1,0.000000,1.000000,1.000000,0,0,0,,false,PASS,
levle0_319,train,data/raw/acne04/Classification/JPEGImages/levle0_319.jpg,data/raw/acne04/Detection/VOC2007/Annotations/levle0_319.xml,data/processed/acne04_yolo/labels/train/levle0_319.txt,2,2,0.000000,1.000000,1.000000,0,0,0,,false,PASS,
levle0_32,test,data/raw/acne04/Classification/JPEGImages/levle0_32.jpg,data/raw/acne04/Detection/VOC2007/Annotations/levle0_32.xml,data/processed/acne04_yolo/labels/test/levle0_32.txt,2,2,0.000000,1.000000,1.000000,0,0,0,,false,PASS,
levle0_320,val,data/raw/acne04/Classification/JPEGImages/levle0_320.jpg,data/raw/acne04/Detection/VOC2007/Annotations/levle0_320.xml,data/processed/acne04_yolo/labels/val/levle0_320.txt,4,4,0.000000,1.000000,1.000000,0,0,0,,false,PASS,
levle0_321,train,data/raw/acne04/Classification/JPEGImages/levle0_321.jpg,data/raw/acne04/Detection/VOC2007/Annotations/levle0_321.xml,data/processed/acne04_yolo/labels/train/levle0_321.txt,2,2,0.000000,1.000000,1.000000,0,0,0,,false,PASS,
levle0_322,train,data/raw/acne04/Classification/JPEGImages/levle0_322.jpg,data/raw/acne04/Detection/VOC2007/Annotations/levle0_322.xml,data/processed/acne04_yolo/labels/train/levle0_322.txt,2,2,0.000000,1.000000,1.000000,0,0,0,,false,PASS,
levle0_323,val,data/raw/acne04/Classification/JPEGImages/levle0_323.jpg,data/raw/acne04/Detection/VOC2007/Annotations/levle0_323.xml,data/processed/acne04_yolo/labels/val/levle0_323.txt,2,2,0.000000,1.000000,1.000000,0,0,0,,false,PASS,
levle0_324,train,data/raw/acne04/Classification/JPEGImages/levle0_324.jpg,data/raw/acne04/Detection/VOC2007/Annotations/levle0_324.xml,data/processed/acne04_yolo/labels/train/levle0_324.txt,2,2,0.000000,1.000000,1.000000,0,0,0,,false,PASS,
levle0_325,train,data/raw/acne04/Classification/JPEGImages/levle0_325.jpg,data/raw/acne04/Detection/VOC2007/Annotations/levle0_325.xml,data/processed/acne04_yolo/labels/train/levle0_325.txt,2,2,0.000000,1.000000,1.000000,0,0,0,,false,PASS,
levle0_326,train,data/raw/acne04/Classification/JPEGImages/levle0_326.jpg,data/raw/acne04/Detection/VOC2007/Annotations/levle0_326.xml,data/processed/acne04_yolo/labels/train/levle0_326.txt,1,1,0.000000,1.000000,1.000000,0,0,0,,false,PASS,
levle0_327,train,data/raw/acne04/Classification/JPEGImages/levle0_327.jpg,data/raw/acne04/Detection/VOC2007/Annotations/levle0_327.xml,data/processed/acne04_yolo/labels/train/levle0_327.txt,1,1,0.000000,1.000000,1.000000,0,0,0,,false,PASS,
levle0_328,test,data/raw/acne04/Classification/JPEGImages/levle0_328.jpg,data/raw/acne04/Detection/VOC2007/Annotations/levle0_328.xml,data/processed/acne04_yolo/labels/test/levle0_328.txt,2,2,0.000000,1.000000,1.000000,0,0,0,,false,PASS,
levle0_329,val,data/raw/acne04/Classification/JPEGImages/levle0_329.jpg,data/raw/acne04/Detection/VOC2007/Annotations/levle0_329.xml,data/processed/acne04_yolo/labels/val/levle0_329.txt,1,1,0.000000,1.000000,1.000000,0,0,0,,false,PASS,
levle0_33,train,data/raw/acne04/Classification/JPEGImages/levle0_33.jpg,data/raw/acne04/Detection/VOC2007/Annotations/levle0_33.xml,data/processed/acne04_yolo/labels/train/levle0_33.txt,2,2,0.000000,1.000000,1.000000,0,0,0,,false,PASS,
levle0_330,test,data/raw/acne04/Classification/JPEGImages/levle0_330.jpg,data/raw/acne04/Detection/VOC2007/Annotations/levle0_330.xml,data/processed/acne04_yolo/labels/test/levle0_330.txt,1,1,0.000000,1.000000,1.000000,0,0,0,,false,PASS,
levle0_331,train,data/raw/acne04/Classification/JPEGImages/levle0_331.jpg,data/raw/acne04/Detection/VOC2007/Annotations/levle0_331.xml,data/processed/acne04_yolo/labels/train/levle0_331.txt,1,1,0.000000,1.000000,1.000000,0,0,0,,false,PASS,
levle0_332,train,data/raw/acne04/Classification/JPEGImages/levle0_332.jpg,data/raw/acne04/Detection/VOC2007/Annotations/levle0_332.xml,data/processed/acne04_yolo/labels/train/levle0_332.txt,1,1,0.000000,1.000000,1.000000,0,0,0,,false,PASS,
levle0_334,train,data/raw/acne04/Classification/JPEGImages/levle0_334.jpg,data/raw/acne04/Detection/VOC2007/Annotations/levle0_334.xml,data/processed/acne04_yolo/labels/train/levle0_334.txt,2,2,0.000000,1.000000,1.000000,0,0,0,,false,PASS,
levle0_335,train,data/raw/acne04/Classification/JPEGImages/levle0_335.jpg,data/raw/acne04/Detection/VOC2007/Annotations/levle0_335.xml,data/processed/acne04_yolo/labels/train/levle0_335.txt,1,1,0.000000,1.000000,1.000000,0,0,0,,false,PASS,
levle0_336,val,data/raw/acne04/Classification/JPEGImages/levle0_336.jpg,data/raw/acne04/Detection/VOC2007/Annotations/levle0_336.xml,data/processed/acne04_yolo/labels/val/levle0_336.txt,2,2,0.000000,1.000000,1.000000,0,0,0,,false,PASS,
levle0_337,train,data/raw/acne04/Classification/JPEGImages/levle0_337.jpg,data/raw/acne04/Detection/VOC2007/Annotations/levle0_337.xml,data/processed/acne04_yolo/labels/train/levle0_337.txt,1,1,0.000000,1.000000,1.000000,0,0,0,,false,PASS,
levle0_338,val,data/raw/acne04/Classification/JPEGImages/levle0_338.jpg,data/raw/acne04/Detection/VOC2007/Annotations/levle0_338.xml,data/processed/acne04_yolo/labels/val/levle0_338.txt,1,1,0.000000,1.000000,1.000000,0,0,0,,false,PASS,
levle0_339,train,data/raw/acne04/Classification/JPEGImages/levle0_339.jpg,data/raw/acne04/Detection/VOC2007/Annotations/levle0_339.xml,data/processed/acne04_yolo/labels/train/levle0_339.txt,2,2,0.000000,1.000000,1.000000,0,0,0,,false,PASS,
levle0_34,train,data/raw/acne04/Classification/JPEGImages/levle0_34.jpg,data/raw/acne04/Detection/VOC2007/Annotations/levle0_34.xml,data/processed/acne04_yolo/labels/train/levle0_34.txt,2,2,0.000000,1.000000,1.000000,0,0,0,,false,PASS,
levle0_340,train,data/raw/acne04/Classification/JPEGImages/levle0_340.jpg,data/raw/acne04/Detection/VOC2007/Annotations/levle0_340.xml,data/processed/acne04_yolo/labels/train/levle0_340.txt,2,2,0.000000,1.000000,1.000000,0,0,0,,false,PASS,
levle0_341,train,data/raw/acne04/Classification/JPEGImages/levle0_341.jpg,data/raw/acne04/Detection/VOC2007/Annotations/levle0_341.xml,data/processed/acne04_yolo/labels/train/levle0_341.txt,1,1,0.000000,1.000000,1.000000,0,0,0,,false,PASS,
levle0_342,test,data/raw/acne04/Classification/JPEGImages/levle0_342.jpg,data/raw/acne04/Detection/VOC2007/Annotations/levle0_342.xml,data/processed/acne04_yolo/labels/test/levle0_342.txt,1,1,0.000000,1.000000,1.000000,0,0,0,,false,PASS,
levle0_343,test,data/raw/acne04/Classification/JPEGImages/levle0_343.jpg,data/raw/acne04/Detection/VOC2007/Annotations/levle0_343.xml,data/processed/acne04_yolo/labels/test/levle0_343.txt,3,3,0.000000,1.000000,1.000000,0,0,0,,false,PASS,
levle0_345,train,data/raw/acne04/Classification/JPEGImages/levle0_345.jpg,data/raw/acne04/Detection/VOC2007/Annotations/levle0_345.xml,data/processed/acne04_yolo/labels/train/levle0_345.txt,1,1,0.000000,1.000000,1.000000,0,0,0,,false,PASS,
levle0_346,train,data/raw/acne04/Classification/JPEGImages/levle0_346.jpg,data/raw/acne04/Detection/VOC2007/Annotations/levle0_346.xml,data/processed/acne04_yolo/labels/train/levle0_346.txt,3,3,0.000000,1.000000,1.000000,0,0,0,,false,PASS,
levle0_347,train,data/raw/acne04/Classification/JPEGImages/levle0_347.jpg,data/raw/acne04/Detection/VOC2007/Annotations/levle0_347.xml,data/processed/acne04_yolo/labels/train/levle0_347.txt,1,1,0.000000,1.000000,1.000000,0,0,0,,false,PASS,
levle0_349,train,data/raw/acne04/Classification/JPEGImages/levle0_349.jpg,data/raw/acne04/Detection/VOC2007/Annotations/levle0_349.xml,data/processed/acne04_yolo/labels/train/levle0_349.txt,1,1,0.000000,1.000000,1.000000,0,0,0,,false,PASS,
levle0_35,test,data/raw/acne04/Classification/JPEGImages/levle0_35.jpg,data/raw/acne04/Detection/VOC2007/Annotations/levle0_35.xml,data/processed/acne04_yolo/labels/test/levle0_35.txt,4,4,0.000000,1.000000,1.000000,0,0,0,,false,PASS,
levle0_350,train,data/raw/acne04/Classification/JPEGImages/levle0_350.jpg,data/raw/acne04/Detection/VOC2007/Annotations/levle0_350.xml,data/processed/acne04_yolo/labels/train/levle0_350.txt,1,1,0.000000,1.000000,1.000000,0,0,0,,false,PASS,
levle0_351,test,data/raw/acne04/Classification/JPEGImages/levle0_351.jpg,data/raw/acne04/Detection/VOC2007/Annotations/levle0_351.xml,data/processed/acne04_yolo/labels/test/levle0_351.txt,2,2,0.000000,1.000000,1.000000,0,0,0,,false,PASS,
levle0_353,train,data/raw/acne04/Classification/JPEGImages/levle0_353.jpg,data/raw/acne04/Detection/VOC2007/Annotations/levle0_353.xml,data/processed/acne04_yolo/labels/train/levle0_353.txt,2,2,0.000000,1.000000,1.000000,0,0,0,,false,PASS,
levle0_354,val,data/raw/acne04/Classification/JPEGImages/levle0_354.jpg,data/raw/acne04/Detection/VOC2007/Annotations/levle0_354.xml,data/processed/acne04_yolo/labels/val/levle0_354.txt,1,1,0.000000,1.000000,1.000000,0,0,0,,false,PASS,
levle0_355,train,data/raw/acne04/Classification/JPEGImages/levle0_355.jpg,data/raw/acne04/Detection/VOC2007/Annotations/levle0_355.xml,data/processed/acne04_yolo/labels/train/levle0_355.txt,3,3,0.000000,1.000000,1.000000,0,0,0,,false,PASS,
levle0_356,train,data/raw/acne04/Classification/JPEGImages/levle0_356.jpg,data/raw/acne04/Detection/VOC2007/Annotations/levle0_356.xml,data/processed/acne04_yolo/labels/train/levle0_356.txt,1,1,0.000000,1.000000,1.000000,0,0,0,,false,PASS,
levle0_357,train,data/raw/acne04/Classification/JPEGImages/levle0_357.jpg,data/raw/acne04/Detection/VOC2007/Annotations/levle0_357.xml,data/processed/acne04_yolo/labels/train/levle0_357.txt,2,2,0.000000,1.000000,1.000000,0,0,0,,false,PASS,
levle0_358,test,data/raw/acne04/Classification/JPEGImages/levle0_358.jpg,data/raw/acne04/Detection/VOC2007/Annotations/levle0_358.xml,data/processed/acne04_yolo/labels/test/levle0_358.txt,1,1,0.000000,1.000000,1.000000,0,0,0,,false,PASS,
levle0_359,train,data/raw/acne04/Classification/JPEGImages/levle0_359.jpg,data/raw/acne04/Detection/VOC2007/Annotations/levle0_359.xml,data/processed/acne04_yolo/labels/train/levle0_359.txt,1,1,0.000000,1.000000,1.000000,0,0,0,,false,PASS,
levle0_36,val,data/raw/acne04/Classification/JPEGImages/levle0_36.jpg,data/raw/acne04/Detection/VOC2007/Annotations/levle0_36.xml,data/processed/acne04_yolo/labels/val/levle0_36.txt,5,5,0.000000,1.000000,1.000000,0,0,0,,false,PASS,
levle0_360,val,data/raw/acne04/Classification/JPEGImages/levle0_360.jpg,data/raw/acne04/Detection/VOC2007/Annotations/levle0_360.xml,data/processed/acne04_yolo/labels/val/levle0_360.txt,2,2,0.000000,1.000000,1.000000,0,0,0,,false,PASS,
levle0_361,train,data/raw/acne04/Classification/JPEGImages/levle0_361.jpg,data/raw/acne04/Detection/VOC2007/Annotations/levle0_361.xml,data/processed/acne04_yolo/labels/train/levle0_361.txt,2,2,0.000000,1.000000,1.000000,0,0,0,,false,PASS,
levle0_362,train,data/raw/acne04/Classification/JPEGImages/levle0_362.jpg,data/raw/acne04/Detection/VOC2007/Annotations/levle0_362.xml,data/processed/acne04_yolo/labels/train/levle0_362.txt,2,2,0.000000,1.000000,1.000000,0,0,0,,false,PASS,
levle0_363,train,data/raw/acne04/Classification/JPEGImages/levle0_363.jpg,data/raw/acne04/Detection/VOC2007/Annotations/levle0_363.xml,data/processed/acne04_yolo/labels/train/levle0_363.txt,2,2,0.000000,1.000000,1.000000,0,0,0,,false,PASS,
levle0_364,val,data/raw/acne04/Classification/JPEGImages/levle0_364.jpg,data/raw/acne04/Detection/VOC2007/Annotations/levle0_364.xml,data/processed/acne04_yolo/labels/val/levle0_364.txt,3,3,0.000000,1.000000,1.000000,0,0,0,,false,PASS,
levle0_365,train,data/raw/acne04/Classification/JPEGImages/levle0_365.jpg,data/raw/acne04/Detection/VOC2007/Annotations/levle0_365.xml,data/processed/acne04_yolo/labels/train/levle0_365.txt,1,1,0.000000,1.000000,1.000000,0,0,0,,false,PASS,
levle0_366,test,data/raw/acne04/Classification/JPEGImages/levle0_366.jpg,data/raw/acne04/Detection/VOC2007/Annotations/levle0_366.xml,data/processed/acne04_yolo/labels/test/levle0_366.txt,2,2,0.000000,1.000000,1.000000,0,0,0,,false,PASS,
levle0_367,train,data/raw/acne04/Classification/JPEGImages/levle0_367.jpg,data/raw/acne04/Detection/VOC2007/Annotations/levle0_367.xml,data/processed/acne04_yolo/labels/train/levle0_367.txt,2,2,0.000000,1.000000,1.000000,0,0,0,,false,PASS,
levle0_368,train,data/raw/acne04/Classification/JPEGImages/levle0_368.jpg,data/raw/acne04/Detection/VOC2007/Annotations/levle0_368.xml,data/processed/acne04_yolo/labels/train/levle0_368.txt,2,2,0.000000,1.000000,1.000000,0,0,0,,false,PASS,
levle0_37,train,data/raw/acne04/Classification/JPEGImages/levle0_37.jpg,data/raw/acne04/Detection/VOC2007/Annotations/levle0_37.xml,data/processed/acne04_yolo/labels/train/levle0_37.txt,1,1,0.000000,1.000000,1.000000,0,0,0,,false,PASS,
levle0_371,train,data/raw/acne04/Classification/JPEGImages/levle0_371.jpg,data/raw/acne04/Detection/VOC2007/Annotations/levle0_371.xml,data/processed/acne04_yolo/labels/train/levle0_371.txt,3,3,0.000000,1.000000,1.000000,0,0,0,,false,PASS,
levle0_372,test,data/raw/acne04/Classification/JPEGImages/levle0_372.jpg,data/raw/acne04/Detection/VOC2007/Annotations/levle0_372.xml,data/processed/acne04_yolo/labels/test/levle0_372.txt,5,5,0.000000,1.000000,1.000000,0,0,0,,false,PASS,
levle0_373,train,data/raw/acne04/Classification/JPEGImages/levle0_373.jpg,data/raw/acne04/Detection/VOC2007/Annotations/levle0_373.xml,data/processed/acne04_yolo/labels/train/levle0_373.txt,1,1,0.000000,1.000000,1.000000,0,0,0,,false,PASS,
levle0_374,val,data/raw/acne04/Classification/JPEGImages/levle0_374.jpg,data/raw/acne04/Detection/VOC2007/Annotations/levle0_374.xml,data/processed/acne04_yolo/labels/val/levle0_374.txt,1,1,0.000000,1.000000,1.000000,0,0,0,,false,PASS,
levle0_375,train,data/raw/acne04/Classification/JPEGImages/levle0_375.jpg,data/raw/acne04/Detection/VOC2007/Annotations/levle0_375.xml,data/processed/acne04_yolo/labels/train/levle0_375.txt,5,5,0.000000,1.000000,1.000000,0,0,0,,false,PASS,
levle0_376,train,data/raw/acne04/Classification/JPEGImages/levle0_376.jpg,data/raw/acne04/Detection/VOC2007/Annotations/levle0_376.xml,data/processed/acne04_yolo/labels/train/levle0_376.txt,3,3,0.000000,1.000000,1.000000,0,0,0,,false,PASS,
levle0_377,train,data/raw/acne04/Classification/JPEGImages/levle0_377.jpg,data/raw/acne04/Detection/VOC2007/Annotations/levle0_377.xml,data/processed/acne04_yolo/labels/train/levle0_377.txt,3,3,0.000000,1.000000,1.000000,0,0,0,,false,PASS,
levle0_378,val,data/raw/acne04/Classification/JPEGImages/levle0_378.jpg,data/raw/acne04/Detection/VOC2007/Annotations/levle0_378.xml,data/processed/acne04_yolo/labels/val/levle0_378.txt,2,2,0.000000,1.000000,1.000000,0,0,0,,false,PASS,
levle0_379,train,data/raw/acne04/Classification/JPEGImages/levle0_379.jpg,data/raw/acne04/Detection/VOC2007/Annotations/levle0_379.xml,data/processed/acne04_yolo/labels/train/levle0_379.txt,2,2,0.000000,1.000000,1.000000,0,0,0,,false,PASS,
levle0_38,train,data/raw/acne04/Classification/JPEGImages/levle0_38.jpg,data/raw/acne04/Detection/VOC2007/Annotations/levle0_38.xml,data/processed/acne04_yolo/labels/train/levle0_38.txt,4,4,0.000000,1.000000,1.000000,0,0,0,,false,PASS,
levle0_380,test,data/raw/acne04/Classification/JPEGImages/levle0_380.jpg,data/raw/acne04/Detection/VOC2007/Annotations/levle0_380.xml,data/processed/acne04_yolo/labels/test/levle0_380.txt,1,1,0.000000,1.000000,1.000000,0,0,0,,false,PASS,
levle0_381,train,data/raw/acne04/Classification/JPEGImages/levle0_381.jpg,data/raw/acne04/Detection/VOC2007/Annotations/levle0_381.xml,data/processed/acne04_yolo/labels/train/levle0_381.txt,4,4,0.000000,1.000000,1.000000,0,0,0,,false,PASS,
levle0_382,train,data/raw/acne04/Classification/JPEGImages/levle0_382.jpg,data/raw/acne04/Detection/VOC2007/Annotations/levle0_382.xml,data/processed/acne04_yolo/labels/train/levle0_382.txt,4,4,0.000000,1.000000,1.000000,0,0,0,,false,PASS,
levle0_383,test,data/raw/acne04/Classification/JPEGImages/levle0_383.jpg,data/raw/acne04/Detection/VOC2007/Annotations/levle0_383.xml,data/processed/acne04_yolo/labels/test/levle0_383.txt,3,3,0.000000,1.000000,1.000000,0,0,0,,false,PASS,
levle0_384,train,data/raw/acne04/Classification/JPEGImages/levle0_384.jpg,data/raw/acne04/Detection/VOC2007/Annotations/levle0_384.xml,data/processed/acne04_yolo/labels/train/levle0_384.txt,1,1,0.000000,1.000000,1.000000,0,0,0,,false,PASS,
levle0_385,train,data/raw/acne04/Classification/JPEGImages/levle0_385.jpg,data/raw/acne04/Detection/VOC2007/Annotations/levle0_385.xml,data/processed/acne04_yolo/labels/train/levle0_385.txt,1,1,0.000000,1.000000,1.000000,0,0,0,,false,PASS,
levle0_386,train,data/raw/acne04/Classification/JPEGImages/levle0_386.jpg,data/raw/acne04/Detection/VOC2007/Annotations/levle0_386.xml,data/processed/acne04_yolo/labels/train/levle0_386.txt,2,2,0.000000,1.000000,1.000000,0,0,0,,false,PASS,
levle0_387,train,data/raw/acne04/Classification/JPEGImages/levle0_387.jpg,data/raw/acne04/Detection/VOC2007/Annotations/levle0_387.xml,data/processed/acne04_yolo/labels/train/levle0_387.txt,1,1,0.000000,1.000000,1.000000,0,0,0,,false,PASS,
levle0_388,test,data/raw/acne04/Classification/JPEGImages/levle0_388.jpg,data/raw/acne04/Detection/VOC2007/Annotations/levle0_388.xml,data/processed/acne04_yolo/labels/test/levle0_388.txt,2,2,0.000000,1.000000,1.000000,0,0,0,,false,PASS,
levle0_389,train,data/raw/acne04/Classification/JPEGImages/levle0_389.jpg,data/raw/acne04/Detection/VOC2007/Annotations/levle0_389.xml,data/processed/acne04_yolo/labels/train/levle0_389.txt,1,1,0.000000,1.000000,1.000000,0,0,0,,false,PASS,
levle0_39,train,data/raw/acne04/Classification/JPEGImages/levle0_39.jpg,data/raw/acne04/Detection/VOC2007/Annotations/levle0_39.xml,data/processed/acne04_yolo/labels/train/levle0_39.txt,2,2,0.000000,1.000000,1.000000,0,0,0,,false,PASS,
levle0_390,val,data/raw/acne04/Classification/JPEGImages/levle0_390.jpg,data/raw/acne04/Detection/VOC2007/Annotations/levle0_390.xml,data/processed/acne04_yolo/labels/val/levle0_390.txt,1,1,0.000000,1.000000,1.000000,0,0,0,,false,PASS,
levle0_391,train,data/raw/acne04/Classification/JPEGImages/levle0_391.jpg,data/raw/acne04/Detection/VOC2007/Annotations/levle0_391.xml,data/processed/acne04_yolo/labels/train/levle0_391.txt,2,2,0.000000,1.000000,1.000000,0,0,0,,false,PASS,
levle0_392,val,data/raw/acne04/Classification/JPEGImages/levle0_392.jpg,data/raw/acne04/Detection/VOC2007/Annotations/levle0_392.xml,data/processed/acne04_yolo/labels/val/levle0_392.txt,2,2,0.000000,1.000000,1.000000,0,0,0,,false,PASS,
levle0_393,train,data/raw/acne04/Classification/JPEGImages/levle0_393.jpg,data/raw/acne04/Detection/VOC2007/Annotations/levle0_393.xml,data/processed/acne04_yolo/labels/train/levle0_393.txt,1,1,0.000000,1.000000,1.000000,0,0,0,,false,PASS,
levle0_394,test,data/raw/acne04/Classification/JPEGImages/levle0_394.jpg,data/raw/acne04/Detection/VOC2007/Annotations/levle0_394.xml,data/processed/acne04_yolo/labels/test/levle0_394.txt,1,1,0.000000,1.000000,1.000000,0,0,0,,false,PASS,
levle0_395,train,data/raw/acne04/Classification/JPEGImages/levle0_395.jpg,data/raw/acne04/Detection/VOC2007/Annotations/levle0_395.xml,data/processed/acne04_yolo/labels/train/levle0_395.txt,2,2,0.000000,1.000000,1.000000,0,0,0,,false,PASS,
levle0_396,train,data/raw/acne04/Classification/JPEGImages/levle0_396.jpg,data/raw/acne04/Detection/VOC2007/Annotations/levle0_396.xml,data/processed/acne04_yolo/labels/train/levle0_396.txt,2,2,0.000000,1.000000,1.000000,0,0,0,,false,PASS,
levle0_397,train,data/raw/acne04/Classification/JPEGImages/levle0_397.jpg,data/raw/acne04/Detection/VOC2007/Annotations/levle0_397.xml,data/processed/acne04_yolo/labels/train/levle0_397.txt,1,1,0.000000,1.000000,1.000000,0,0,0,,false,PASS,
levle0_398,train,data/raw/acne04/Classification/JPEGImages/levle0_398.jpg,data/raw/acne04/Detection/VOC2007/Annotations/levle0_398.xml,data/processed/acne04_yolo/labels/train/levle0_398.txt,1,1,0.000000,1.000000,1.000000,0,0,0,,false,PASS,
levle0_399,train,data/raw/acne04/Classification/JPEGImages/levle0_399.jpg,data/raw/acne04/Detection/VOC2007/Annotations/levle0_399.xml,data/processed/acne04_yolo/labels/train/levle0_399.txt,2,2,0.000000,1.000000,1.000000,0,0,0,,false,PASS,
levle0_4,train,data/raw/acne04/Classification/JPEGImages/levle0_4.jpg,data/raw/acne04/Detection/VOC2007/Annotations/levle0_4.xml,data/processed/acne04_yolo/labels/train/levle0_4.txt,1,1,0.000000,1.000000,1.000000,0,0,0,,false,PASS,
levle0_40,train,data/raw/acne04/Classification/JPEGImages/levle0_40.jpg,data/raw/acne04/Detection/VOC2007/Annotations/levle0_40.xml,data/processed/acne04_yolo/labels/train/levle0_40.txt,1,1,0.000000,1.000000,1.000000,0,0,0,,false,PASS,
levle0_400,train,data/raw/acne04/Classification/JPEGImages/levle0_400.jpg,data/raw/acne04/Detection/VOC2007/Annotations/levle0_400.xml,data/processed/acne04_yolo/labels/train/levle0_400.txt,5,5,0.000000,1.000000,1.000000,0,0,0,,false,PASS,
levle0_401,train,data/raw/acne04/Classification/JPEGImages/levle0_401.jpg,data/raw/acne04/Detection/VOC2007/Annotations/levle0_401.xml,data/processed/acne04_yolo/labels/train/levle0_401.txt,5,5,0.000000,1.000000,1.000000,0,0,0,,false,PASS,
levle0_402,train,data/raw/acne04/Classification/JPEGImages/levle0_402.jpg,data/raw/acne04/Detection/VOC2007/Annotations/levle0_402.xml,data/processed/acne04_yolo/labels/train/levle0_402.txt,3,3,0.000000,1.000000,1.000000,0,0,0,,false,PASS,
levle0_403,val,data/raw/acne04/Classification/JPEGImages/levle0_403.jpg,data/raw/acne04/Detection/VOC2007/Annotations/levle0_403.xml,data/processed/acne04_yolo/labels/val/levle0_403.txt,1,1,0.000000,1.000000,1.000000,0,0,0,,false,PASS,
levle0_404,train,data/raw/acne04/Classification/JPEGImages/levle0_404.jpg,data/raw/acne04/Detection/VOC2007/Annotations/levle0_404.xml,data/processed/acne04_yolo/labels/train/levle0_404.txt,1,1,0.000000,1.000000,1.000000,0,0,0,,false,PASS,
levle0_405,train,data/raw/acne04/Classification/JPEGImages/levle0_405.jpg,data/raw/acne04/Detection/VOC2007/Annotations/levle0_405.xml,data/processed/acne04_yolo/labels/train/levle0_405.txt,3,3,0.000000,1.000000,1.000000,0,0,0,,false,PASS,
levle0_406,test,data/raw/acne04/Classification/JPEGImages/levle0_406.jpg,data/raw/acne04/Detection/VOC2007/Annotations/levle0_406.xml,data/processed/acne04_yolo/labels/test/levle0_406.txt,2,2,0.000000,1.000000,1.000000,0,0,0,,false,PASS,
levle0_407,test,data/raw/acne04/Classification/JPEGImages/levle0_407.jpg,data/raw/acne04/Detection/VOC2007/Annotations/levle0_407.xml,data/processed/acne04_yolo/labels/test/levle0_407.txt,1,1,0.000000,1.000000,1.000000,0,0,0,,false,PASS,
levle0_409,train,data/raw/acne04/Classification/JPEGImages/levle0_409.jpg,data/raw/acne04/Detection/VOC2007/Annotations/levle0_409.xml,data/processed/acne04_yolo/labels/train/levle0_409.txt,1,1,0.000000,1.000000,1.000000,0,0,0,,false,PASS,
levle0_41,train,data/raw/acne04/Classification/JPEGImages/levle0_41.jpg,data/raw/acne04/Detection/VOC2007/Annotations/levle0_41.xml,data/processed/acne04_yolo/labels/train/levle0_41.txt,2,2,0.000000,1.000000,1.000000,0,0,0,,false,PASS,
levle0_410,train,data/raw/acne04/Classification/JPEGImages/levle0_410.jpg,data/raw/acne04/Detection/VOC2007/Annotations/levle0_410.xml,data/processed/acne04_yolo/labels/train/levle0_410.txt,1,1,0.000000,1.000000,1.000000,0,0,0,,false,PASS,
levle0_411,train,data/raw/acne04/Classification/JPEGImages/levle0_411.jpg,data/raw/acne04/Detection/VOC2007/Annotations/levle0_411.xml,data/processed/acne04_yolo/labels/train/levle0_411.txt,1,1,0.000000,1.000000,1.000000,0,0,0,,false,PASS,
levle0_412,train,data/raw/acne04/Classification/JPEGImages/levle0_412.jpg,data/raw/acne04/Detection/VOC2007/Annotations/levle0_412.xml,data/processed/acne04_yolo/labels/train/levle0_412.txt,1,1,0.000000,1.000000,1.000000,0,0,0,,false,PASS,
levle0_413,train,data/raw/acne04/Classification/JPEGImages/levle0_413.jpg,data/raw/acne04/Detection/VOC2007/Annotations/levle0_413.xml,data/processed/acne04_yolo/labels/train/levle0_413.txt,2,2,0.000000,1.000000,1.000000,0,0,0,,false,PASS,
levle0_414,val,data/raw/acne04/Classification/JPEGImages/levle0_414.jpg,data/raw/acne04/Detection/VOC2007/Annotations/levle0_414.xml,data/processed/acne04_yolo/labels/val/levle0_414.txt,2,2,0.000000,1.000000,1.000000,0,0,0,,false,PASS,
levle0_415,train,data/raw/acne04/Classification/JPEGImages/levle0_415.jpg,data/raw/acne04/Detection/VOC2007/Annotations/levle0_415.xml,data/processed/acne04_yolo/labels/train/levle0_415.txt,2,2,0.000000,1.000000,1.000000,0,0,0,,false,PASS,
levle0_416,val,data/raw/acne04/Classification/JPEGImages/levle0_416.jpg,data/raw/acne04/Detection/VOC2007/Annotations/levle0_416.xml,data/processed/acne04_yolo/labels/val/levle0_416.txt,1,1,0.000000,1.000000,1.000000,0,0,0,,false,PASS,
levle0_417,train,data/raw/acne04/Classification/JPEGImages/levle0_417.jpg,data/raw/acne04/Detection/VOC2007/Annotations/levle0_417.xml,data/processed/acne04_yolo/labels/train/levle0_417.txt,4,4,0.000000,1.000000,1.000000,0,0,0,,false,PASS,
levle0_418,val,data/raw/acne04/Classification/JPEGImages/levle0_418.jpg,data/raw/acne04/Detection/VOC2007/Annotations/levle0_418.xml,data/processed/acne04_yolo/labels/val/levle0_418.txt,4,4,0.000000,1.000000,1.000000,0,0,0,,false,PASS,
levle0_419,train,data/raw/acne04/Classification/JPEGImages/levle0_419.jpg,data/raw/acne04/Detection/VOC2007/Annotations/levle0_419.xml,data/processed/acne04_yolo/labels/train/levle0_419.txt,4,4,0.000000,1.000000,1.000000,0,0,0,,false,PASS,
levle0_42,train,data/raw/acne04/Classification/JPEGImages/levle0_42.jpg,data/raw/acne04/Detection/VOC2007/Annotations/levle0_42.xml,data/processed/acne04_yolo/labels/train/levle0_42.txt,2,2,0.000000,1.000000,1.000000,0,0,0,2ccdae05d565fc9ef819d95265797441846727b73804094323902594a9ceadd2,false,NEEDS_REVIEW,duplicate_group_annotation_counts_differ
levle0_420,train,data/raw/acne04/Classification/JPEGImages/levle0_420.jpg,data/raw/acne04/Detection/VOC2007/Annotations/levle0_420.xml,data/processed/acne04_yolo/labels/train/levle0_420.txt,2,2,0.000000,1.000000,1.000000,0,0,0,,false,PASS,
levle0_421,test,data/raw/acne04/Classification/JPEGImages/levle0_421.jpg,data/raw/acne04/Detection/VOC2007/Annotations/levle0_421.xml,data/processed/acne04_yolo/labels/test/levle0_421.txt,4,4,0.000000,1.000000,1.000000,0,0,0,,false,PASS,
levle0_422,train,data/raw/acne04/Classification/JPEGImages/levle0_422.jpg,data/raw/acne04/Detection/VOC2007/Annotations/levle0_422.xml,data/processed/acne04_yolo/labels/train/levle0_422.txt,2,2,0.000000,1.000000,1.000000,0,0,0,,false,PASS,
levle0_423,test,data/raw/acne04/Classification/JPEGImages/levle0_423.jpg,data/raw/acne04/Detection/VOC2007/Annotations/levle0_423.xml,data/processed/acne04_yolo/labels/test/levle0_423.txt,2,2,0.000000,1.000000,1.000000,0,0,0,,false,PASS,
levle0_424,train,data/raw/acne04/Classification/JPEGImages/levle0_424.jpg,data/raw/acne04/Detection/VOC2007/Annotations/levle0_424.xml,data/processed/acne04_yolo/labels/train/levle0_424.txt,2,2,0.000000,1.000000,1.000000,0,0,0,,false,PASS,
levle0_425,val,data/raw/acne04/Classification/JPEGImages/levle0_425.jpg,data/raw/acne04/Detection/VOC2007/Annotations/levle0_425.xml,data/processed/acne04_yolo/labels/val/levle0_425.txt,3,3,0.000000,1.000000,1.000000,0,0,0,,false,PASS,
levle0_426,train,data/raw/acne04/Classification/JPEGImages/levle0_426.jpg,data/raw/acne04/Detection/VOC2007/Annotations/levle0_426.xml,data/processed/acne04_yolo/labels/train/levle0_426.txt,2,2,0.000000,1.000000,1.000000,0,0,0,,false,PASS,
levle0_427,test,data/raw/acne04/Classification/JPEGImages/levle0_427.jpg,data/raw/acne04/Detection/VOC2007/Annotations/levle0_427.xml,data/processed/acne04_yolo/labels/test/levle0_427.txt,1,1,0.000000,1.000000,1.000000,0,0,0,,false,PASS,
levle0_428,train,data/raw/acne04/Classification/JPEGImages/levle0_428.jpg,data/raw/acne04/Detection/VOC2007/Annotations/levle0_428.xml,data/processed/acne04_yolo/labels/train/levle0_428.txt,3,3,0.000000,1.000000,1.000000,0,0,0,,false,PASS,
levle0_429,val,data/raw/acne04/Classification/JPEGImages/levle0_429.jpg,data/raw/acne04/Detection/VOC2007/Annotations/levle0_429.xml,data/processed/acne04_yolo/labels/val/levle0_429.txt,2,2,0.000000,1.000000,1.000000,0,0,0,,false,PASS,
levle0_43,train,data/raw/acne04/Classification/JPEGImages/levle0_43.jpg,data/raw/acne04/Detection/VOC2007/Annotations/levle0_43.xml,data/processed/acne04_yolo/labels/train/levle0_43.txt,2,2,0.000000,1.000000,1.000000,0,0,0,,false,PASS,
levle0_430,train,data/raw/acne04/Classification/JPEGImages/levle0_430.jpg,data/raw/acne04/Detection/VOC2007/Annotations/levle0_430.xml,data/processed/acne04_yolo/labels/train/levle0_430.txt,1,1,0.000000,1.000000,1.000000,0,0,0,,false,PASS,
levle0_432,train,data/raw/acne04/Classification/JPEGImages/levle0_432.jpg,data/raw/acne04/Detection/VOC2007/Annotations/levle0_432.xml,data/processed/acne04_yolo/labels/train/levle0_432.txt,2,2,0.000000,1.000000,1.000000,0,0,0,,false,PASS,
levle0_436,train,data/raw/acne04/Classification/JPEGImages/levle0_436.jpg,data/raw/acne04/Detection/VOC2007/Annotations/levle0_436.xml,data/processed/acne04_yolo/labels/train/levle0_436.txt,1,1,0.000000,1.000000,1.000000,0,0,0,,false,PASS,
levle0_438,train,data/raw/acne04/Classification/JPEGImages/levle0_438.jpg,data/raw/acne04/Detection/VOC2007/Annotations/levle0_438.xml,data/processed/acne04_yolo/labels/train/levle0_438.txt,1,1,0.000000,1.000000,1.000000,0,0,0,,false,PASS,
levle0_439,test,data/raw/acne04/Classification/JPEGImages/levle0_439.jpg,data/raw/acne04/Detection/VOC2007/Annotations/levle0_439.xml,data/processed/acne04_yolo/labels/test/levle0_439.txt,2,2,0.000000,1.000000,1.000000,0,0,0,,false,PASS,
levle0_44,train,data/raw/acne04/Classification/JPEGImages/levle0_44.jpg,data/raw/acne04/Detection/VOC2007/Annotations/levle0_44.xml,data/processed/acne04_yolo/labels/train/levle0_44.txt,4,4,0.000000,1.000000,1.000000,0,0,0,,false,PASS,
levle0_440,train,data/raw/acne04/Classification/JPEGImages/levle0_440.jpg,data/raw/acne04/Detection/VOC2007/Annotations/levle0_440.xml,data/processed/acne04_yolo/labels/train/levle0_440.txt,2,2,0.000000,1.000000,1.000000,0,0,0,,false,PASS,
levle0_441,train,data/raw/acne04/Classification/JPEGImages/levle0_441.jpg,data/raw/acne04/Detection/VOC2007/Annotations/levle0_441.xml,data/processed/acne04_yolo/labels/train/levle0_441.txt,3,3,0.000000,1.000000,1.000000,0,0,0,,false,PASS,
levle0_442,train,data/raw/acne04/Classification/JPEGImages/levle0_442.jpg,data/raw/acne04/Detection/VOC2007/Annotations/levle0_442.xml,data/processed/acne04_yolo/labels/train/levle0_442.txt,2,2,0.000000,1.000000,1.000000,0,0,0,,false,PASS,
levle0_443,val,data/raw/acne04/Classification/JPEGImages/levle0_443.jpg,data/raw/acne04/Detection/VOC2007/Annotations/levle0_443.xml,data/processed/acne04_yolo/labels/val/levle0_443.txt,2,2,0.000000,1.000000,1.000000,0,0,0,,false,PASS,
levle0_444,train,data/raw/acne04/Classification/JPEGImages/levle0_444.jpg,data/raw/acne04/Detection/VOC2007/Annotations/levle0_444.xml,data/processed/acne04_yolo/labels/train/levle0_444.txt,1,1,0.000000,1.000000,1.000000,0,0,0,,false,PASS,
levle0_446,train,data/raw/acne04/Classification/JPEGImages/levle0_446.jpg,data/raw/acne04/Detection/VOC2007/Annotations/levle0_446.xml,data/processed/acne04_yolo/labels/train/levle0_446.txt,2,2,0.000000,1.000000,1.000000,0,0,0,,false,PASS,
levle0_447,train,data/raw/acne04/Classification/JPEGImages/levle0_447.jpg,data/raw/acne04/Detection/VOC2007/Annotations/levle0_447.xml,data/processed/acne04_yolo/labels/train/levle0_447.txt,4,4,0.000000,1.000000,1.000000,0,0,0,,false,PASS,
levle0_448,train,data/raw/acne04/Classification/JPEGImages/levle0_448.jpg,data/raw/acne04/Detection/VOC2007/Annotations/levle0_448.xml,data/processed/acne04_yolo/labels/train/levle0_448.txt,5,5,0.000000,1.000000,1.000000,0,0,0,,false,PASS,
levle0_449,val,data/raw/acne04/Classification/JPEGImages/levle0_449.jpg,data/raw/acne04/Detection/VOC2007/Annotations/levle0_449.xml,data/processed/acne04_yolo/labels/val/levle0_449.txt,5,5,0.000000,1.000000,1.000000,0,0,0,,false,PASS,
levle0_45,train,data/raw/acne04/Classification/JPEGImages/levle0_45.jpg,data/raw/acne04/Detection/VOC2007/Annotations/levle0_45.xml,data/processed/acne04_yolo/labels/train/levle0_45.txt,2,2,0.000000,1.000000,1.000000,0,0,0,,false,PASS,
levle0_450,test,data/raw/acne04/Classification/JPEGImages/levle0_450.jpg,data/raw/acne04/Detection/VOC2007/Annotations/levle0_450.xml,data/processed/acne04_yolo/labels/test/levle0_450.txt,3,3,0.000000,1.000000,1.000000,0,0,0,,false,PASS,
levle0_451,train,data/raw/acne04/Classification/JPEGImages/levle0_451.jpg,data/raw/acne04/Detection/VOC2007/Annotations/levle0_451.xml,data/processed/acne04_yolo/labels/train/levle0_451.txt,2,2,0.000000,1.000000,1.000000,0,0,0,,false,PASS,
levle0_452,test,data/raw/acne04/Classification/JPEGImages/levle0_452.jpg,data/raw/acne04/Detection/VOC2007/Annotations/levle0_452.xml,data/processed/acne04_yolo/labels/test/levle0_452.txt,2,2,0.000000,1.000000,1.000000,0,0,0,,false,PASS,
levle0_453,train,data/raw/acne04/Classification/JPEGImages/levle0_453.jpg,data/raw/acne04/Detection/VOC2007/Annotations/levle0_453.xml,data/processed/acne04_yolo/labels/train/levle0_453.txt,2,2,0.000000,1.000000,1.000000,0,0,0,,false,PASS,
levle0_454,train,data/raw/acne04/Classification/JPEGImages/levle0_454.jpg,data/raw/acne04/Detection/VOC2007/Annotations/levle0_454.xml,data/processed/acne04_yolo/labels/train/levle0_454.txt,2,2,0.000000,1.000000,1.000000,0,0,0,,false,PASS,
levle0_455,train,data/raw/acne04/Classification/JPEGImages/levle0_455.jpg,data/raw/acne04/Detection/VOC2007/Annotations/levle0_455.xml,data/processed/acne04_yolo/labels/train/levle0_455.txt,5,5,0.000000,1.000000,1.000000,0,0,0,,false,PASS,
levle0_456,train,data/raw/acne04/Classification/JPEGImages/levle0_456.jpg,data/raw/acne04/Detection/VOC2007/Annotations/levle0_456.xml,data/processed/acne04_yolo/labels/train/levle0_456.txt,3,3,0.000000,1.000000,1.000000,0,0,0,,false,PASS,
levle0_457,val,data/raw/acne04/Classification/JPEGImages/levle0_457.jpg,data/raw/acne04/Detection/VOC2007/Annotations/levle0_457.xml,data/processed/acne04_yolo/labels/val/levle0_457.txt,1,1,0.000000,1.000000,1.000000,0,0,0,,false,PASS,
levle0_458,train,data/raw/acne04/Classification/JPEGImages/levle0_458.jpg,data/raw/acne04/Detection/VOC2007/Annotations/levle0_458.xml,data/processed/acne04_yolo/labels/train/levle0_458.txt,1,1,0.000000,1.000000,1.000000,0,0,0,,false,PASS,
levle0_459,train,data/raw/acne04/Classification/JPEGImages/levle0_459.jpg,data/raw/acne04/Detection/VOC2007/Annotations/levle0_459.xml,data/processed/acne04_yolo/labels/train/levle0_459.txt,3,3,0.000000,1.000000,1.000000,0,0,0,,false,PASS,
levle0_46,val,data/raw/acne04/Classification/JPEGImages/levle0_46.jpg,data/raw/acne04/Detection/VOC2007/Annotations/levle0_46.xml,data/processed/acne04_yolo/labels/val/levle0_46.txt,2,2,0.000000,1.000000,1.000000,0,0,0,,false,PASS,
levle0_460,val,data/raw/acne04/Classification/JPEGImages/levle0_460.jpg,data/raw/acne04/Detection/VOC2007/Annotations/levle0_460.xml,data/processed/acne04_yolo/labels/val/levle0_460.txt,3,3,0.000000,1.000000,1.000000,0,0,0,,false,PASS,
levle0_461,train,data/raw/acne04/Classification/JPEGImages/levle0_461.jpg,data/raw/acne04/Detection/VOC2007/Annotations/levle0_461.xml,data/processed/acne04_yolo/labels/train/levle0_461.txt,2,2,0.000000,1.000000,1.000000,0,0,0,,false,PASS,
levle0_462,train,data/raw/acne04/Classification/JPEGImages/levle0_462.jpg,data/raw/acne04/Detection/VOC2007/Annotations/levle0_462.xml,data/processed/acne04_yolo/labels/train/levle0_462.txt,3,3,0.000000,1.000000,1.000000,0,0,0,,false,PASS,
levle0_463,train,data/raw/acne04/Classification/JPEGImages/levle0_463.jpg,data/raw/acne04/Detection/VOC2007/Annotations/levle0_463.xml,data/processed/acne04_yolo/labels/train/levle0_463.txt,2,2,0.000000,1.000000,1.000000,0,0,0,,false,PASS,
levle0_465,train,data/raw/acne04/Classification/JPEGImages/levle0_465.jpg,data/raw/acne04/Detection/VOC2007/Annotations/levle0_465.xml,data/processed/acne04_yolo/labels/train/levle0_465.txt,2,2,0.000000,1.000000,1.000000,0,0,0,,false,PASS,
levle0_466,test,data/raw/acne04/Classification/JPEGImages/levle0_466.jpg,data/raw/acne04/Detection/VOC2007/Annotations/levle0_466.xml,data/processed/acne04_yolo/labels/test/levle0_466.txt,1,1,0.000000,1.000000,1.000000,0,0,0,,false,PASS,
levle0_467,test,data/raw/acne04/Classification/JPEGImages/levle0_467.jpg,data/raw/acne04/Detection/VOC2007/Annotations/levle0_467.xml,data/processed/acne04_yolo/labels/test/levle0_467.txt,2,2,0.000000,1.000000,1.000000,0,0,0,,false,PASS,
levle0_468,train,data/raw/acne04/Classification/JPEGImages/levle0_468.jpg,data/raw/acne04/Detection/VOC2007/Annotations/levle0_468.xml,data/processed/acne04_yolo/labels/train/levle0_468.txt,2,2,0.000000,1.000000,1.000000,0,0,0,,false,PASS,
levle0_469,train,data/raw/acne04/Classification/JPEGImages/levle0_469.jpg,data/raw/acne04/Detection/VOC2007/Annotations/levle0_469.xml,data/processed/acne04_yolo/labels/train/levle0_469.txt,1,1,0.000000,1.000000,1.000000,0,0,0,,false,PASS,
levle0_47,train,data/raw/acne04/Classification/JPEGImages/levle0_47.jpg,data/raw/acne04/Detection/VOC2007/Annotations/levle0_47.xml,data/processed/acne04_yolo/labels/train/levle0_47.txt,2,2,0.000000,1.000000,1.000000,0,0,0,,false,PASS,
levle0_470,val,data/raw/acne04/Classification/JPEGImages/levle0_470.jpg,data/raw/acne04/Detection/VOC2007/Annotations/levle0_470.xml,data/processed/acne04_yolo/labels/val/levle0_470.txt,2,2,0.000000,1.000000,1.000000,0,0,0,,false,PASS,
levle0_471,train,data/raw/acne04/Classification/JPEGImages/levle0_471.jpg,data/raw/acne04/Detection/VOC2007/Annotations/levle0_471.xml,data/processed/acne04_yolo/labels/train/levle0_471.txt,2,2,0.000000,1.000000,1.000000,0,0,0,,false,PASS,
levle0_473,train,data/raw/acne04/Classification/JPEGImages/levle0_473.jpg,data/raw/acne04/Detection/VOC2007/Annotations/levle0_473.xml,data/processed/acne04_yolo/labels/train/levle0_473.txt,4,4,0.000000,1.000000,1.000000,0,0,0,,false,PASS,
levle0_474,train,data/raw/acne04/Classification/JPEGImages/levle0_474.jpg,data/raw/acne04/Detection/VOC2007/Annotations/levle0_474.xml,data/processed/acne04_yolo/labels/train/levle0_474.txt,2,2,0.000000,1.000000,1.000000,0,0,0,,false,PASS,
levle0_475,test,data/raw/acne04/Classification/JPEGImages/levle0_475.jpg,data/raw/acne04/Detection/VOC2007/Annotations/levle0_475.xml,data/processed/acne04_yolo/labels/test/levle0_475.txt,2,2,0.000000,1.000000,1.000000,0,0,0,,false,PASS,
levle0_476,test,data/raw/acne04/Classification/JPEGImages/levle0_476.jpg,data/raw/acne04/Detection/VOC2007/Annotations/levle0_476.xml,data/processed/acne04_yolo/labels/test/levle0_476.txt,5,5,0.000000,1.000000,1.000000,0,0,0,,false,PASS,
levle0_477,train,data/raw/acne04/Classification/JPEGImages/levle0_477.jpg,data/raw/acne04/Detection/VOC2007/Annotations/levle0_477.xml,data/processed/acne04_yolo/labels/train/levle0_477.txt,2,2,0.000000,1.000000,1.000000,0,0,0,,false,PASS,
levle0_478,train,data/raw/acne04/Classification/JPEGImages/levle0_478.jpg,data/raw/acne04/Detection/VOC2007/Annotations/levle0_478.xml,data/processed/acne04_yolo/labels/train/levle0_478.txt,1,1,0.000000,1.000000,1.000000,0,0,0,,false,PASS,
levle0_48,train,data/raw/acne04/Classification/JPEGImages/levle0_48.jpg,data/raw/acne04/Detection/VOC2007/Annotations/levle0_48.xml,data/processed/acne04_yolo/labels/train/levle0_48.txt,4,4,0.000000,1.000000,1.000000,0,0,0,,false,PASS,
levle0_480,train,data/raw/acne04/Classification/JPEGImages/levle0_480.jpg,data/raw/acne04/Detection/VOC2007/Annotations/levle0_480.xml,data/processed/acne04_yolo/labels/train/levle0_480.txt,1,1,0.000000,1.000000,1.000000,0,0,0,,false,PASS,
levle0_482,train,data/raw/acne04/Classification/JPEGImages/levle0_482.jpg,data/raw/acne04/Detection/VOC2007/Annotations/levle0_482.xml,data/processed/acne04_yolo/labels/train/levle0_482.txt,3,3,0.000000,1.000000,1.000000,0,0,0,,false,PASS,
levle0_483,train,data/raw/acne04/Classification/JPEGImages/levle0_483.jpg,data/raw/acne04/Detection/VOC2007/Annotations/levle0_483.xml,data/processed/acne04_yolo/labels/train/levle0_483.txt,2,2,0.000000,1.000000,1.000000,0,0,0,,false,PASS,
levle0_484,val,data/raw/acne04/Classification/JPEGImages/levle0_484.jpg,data/raw/acne04/Detection/VOC2007/Annotations/levle0_484.xml,data/processed/acne04_yolo/labels/val/levle0_484.txt,2,2,0.000000,1.000000,1.000000,0,0,0,,false,PASS,
levle0_485,train,data/raw/acne04/Classification/JPEGImages/levle0_485.jpg,data/raw/acne04/Detection/VOC2007/Annotations/levle0_485.xml,data/processed/acne04_yolo/labels/train/levle0_485.txt,3,3,0.000000,1.000000,1.000000,0,0,0,,false,PASS,
levle0_486,train,data/raw/acne04/Classification/JPEGImages/levle0_486.jpg,data/raw/acne04/Detection/VOC2007/Annotations/levle0_486.xml,data/processed/acne04_yolo/labels/train/levle0_486.txt,2,2,0.000000,1.000000,1.000000,0,0,0,,false,PASS,
levle0_487,test,data/raw/acne04/Classification/JPEGImages/levle0_487.jpg,data/raw/acne04/Detection/VOC2007/Annotations/levle0_487.xml,data/processed/acne04_yolo/labels/test/levle0_487.txt,3,3,0.000000,1.000000,1.000000,0,0,0,,false,PASS,
levle0_488,train,data/raw/acne04/Classification/JPEGImages/levle0_488.jpg,data/raw/acne04/Detection/VOC2007/Annotations/levle0_488.xml,data/processed/acne04_yolo/labels/train/levle0_488.txt,3,3,0.000000,1.000000,1.000000,0,0,0,,false,PASS,
levle0_489,train,data/raw/acne04/Classification/JPEGImages/levle0_489.jpg,data/raw/acne04/Detection/VOC2007/Annotations/levle0_489.xml,data/processed/acne04_yolo/labels/train/levle0_489.txt,2,2,0.000000,1.000000,1.000000,0,0,0,,false,PASS,
levle0_49,train,data/raw/acne04/Classification/JPEGImages/levle0_49.jpg,data/raw/acne04/Detection/VOC2007/Annotations/levle0_49.xml,data/processed/acne04_yolo/labels/train/levle0_49.txt,3,3,0.000000,1.000000,1.000000,0,0,0,,false,PASS,
levle0_491,train,data/raw/acne04/Classification/JPEGImages/levle0_491.jpg,data/raw/acne04/Detection/VOC2007/Annotations/levle0_491.xml,data/processed/acne04_yolo/labels/train/levle0_491.txt,2,2,0.000000,1.000000,1.000000,0,0,0,,false,PASS,
levle0_492,train,data/raw/acne04/Classification/JPEGImages/levle0_492.jpg,data/raw/acne04/Detection/VOC2007/Annotations/levle0_492.xml,data/processed/acne04_yolo/labels/train/levle0_492.txt,1,1,0.000000,1.000000,1.000000,0,0,0,,false,PASS,
levle0_493,val,data/raw/acne04/Classification/JPEGImages/levle0_493.jpg,data/raw/acne04/Detection/VOC2007/Annotations/levle0_493.xml,data/processed/acne04_yolo/labels/val/levle0_493.txt,3,3,0.000000,1.000000,1.000000,0,0,0,,false,PASS,
levle0_494,train,data/raw/acne04/Classification/JPEGImages/levle0_494.jpg,data/raw/acne04/Detection/VOC2007/Annotations/levle0_494.xml,data/processed/acne04_yolo/labels/train/levle0_494.txt,3,3,0.000000,1.000000,1.000000,0,0,0,,false,PASS,
levle0_495,test,data/raw/acne04/Classification/JPEGImages/levle0_495.jpg,data/raw/acne04/Detection/VOC2007/Annotations/levle0_495.xml,data/processed/acne04_yolo/labels/test/levle0_495.txt,2,2,0.000000,1.000000,1.000000,0,0,0,,false,PASS,
levle0_496,train,data/raw/acne04/Classification/JPEGImages/levle0_496.jpg,data/raw/acne04/Detection/VOC2007/Annotations/levle0_496.xml,data/processed/acne04_yolo/labels/train/levle0_496.txt,3,3,0.000000,1.000000,1.000000,0,0,0,,false,PASS,
levle0_497,val,data/raw/acne04/Classification/JPEGImages/levle0_497.jpg,data/raw/acne04/Detection/VOC2007/Annotations/levle0_497.xml,data/processed/acne04_yolo/labels/val/levle0_497.txt,1,1,0.000000,1.000000,1.000000,0,0,0,,false,PASS,
levle0_498,train,data/raw/acne04/Classification/JPEGImages/levle0_498.jpg,data/raw/acne04/Detection/VOC2007/Annotations/levle0_498.xml,data/processed/acne04_yolo/labels/train/levle0_498.txt,1,1,0.000000,1.000000,1.000000,0,0,0,,false,PASS,
levle0_499,test,data/raw/acne04/Classification/JPEGImages/levle0_499.jpg,data/raw/acne04/Detection/VOC2007/Annotations/levle0_499.xml,data/processed/acne04_yolo/labels/test/levle0_499.txt,1,1,0.000000,1.000000,1.000000,0,0,0,,false,PASS,
levle0_5,train,data/raw/acne04/Classification/JPEGImages/levle0_5.jpg,data/raw/acne04/Detection/VOC2007/Annotations/levle0_5.xml,data/processed/acne04_yolo/labels/train/levle0_5.txt,1,1,0.000000,1.000000,1.000000,0,0,0,,false,PASS,
levle0_50,train,data/raw/acne04/Classification/JPEGImages/levle0_50.jpg,data/raw/acne04/Detection/VOC2007/Annotations/levle0_50.xml,data/processed/acne04_yolo/labels/train/levle0_50.txt,2,2,0.000000,1.000000,1.000000,0,0,0,,false,PASS,
levle0_501,train,data/raw/acne04/Classification/JPEGImages/levle0_501.jpg,data/raw/acne04/Detection/VOC2007/Annotations/levle0_501.xml,data/processed/acne04_yolo/labels/train/levle0_501.txt,1,1,0.000000,1.000000,1.000000,0,0,0,,false,PASS,
levle0_503,train,data/raw/acne04/Classification/JPEGImages/levle0_503.jpg,data/raw/acne04/Detection/VOC2007/Annotations/levle0_503.xml,data/processed/acne04_yolo/labels/train/levle0_503.txt,3,3,0.000000,1.000000,1.000000,0,0,0,,false,PASS,
levle0_504,val,data/raw/acne04/Classification/JPEGImages/levle0_504.jpg,data/raw/acne04/Detection/VOC2007/Annotations/levle0_504.xml,data/processed/acne04_yolo/labels/val/levle0_504.txt,4,4,0.000000,1.000000,1.000000,0,0,0,,false,PASS,
levle0_505,train,data/raw/acne04/Classification/JPEGImages/levle0_505.jpg,data/raw/acne04/Detection/VOC2007/Annotations/levle0_505.xml,data/processed/acne04_yolo/labels/train/levle0_505.txt,1,1,0.000000,1.000000,1.000000,0,0,0,,false,PASS,
levle0_506,train,data/raw/acne04/Classification/JPEGImages/levle0_506.jpg,data/raw/acne04/Detection/VOC2007/Annotations/levle0_506.xml,data/processed/acne04_yolo/labels/train/levle0_506.txt,5,5,0.000000,1.000000,1.000000,0,0,0,,false,PASS,
levle0_507,train,data/raw/acne04/Classification/JPEGImages/levle0_507.jpg,data/raw/acne04/Detection/VOC2007/Annotations/levle0_507.xml,data/processed/acne04_yolo/labels/train/levle0_507.txt,1,1,0.000000,1.000000,1.000000,0,0,0,,false,PASS,
levle0_508,train,data/raw/acne04/Classification/JPEGImages/levle0_508.jpg,data/raw/acne04/Detection/VOC2007/Annotations/levle0_508.xml,data/processed/acne04_yolo/labels/train/levle0_508.txt,2,2,0.000000,1.000000,1.000000,0,0,0,,false,PASS,
levle0_509,test,data/raw/acne04/Classification/JPEGImages/levle0_509.jpg,data/raw/acne04/Detection/VOC2007/Annotations/levle0_509.xml,data/processed/acne04_yolo/labels/test/levle0_509.txt,3,3,0.000000,1.000000,1.000000,0,0,0,,false,PASS,
levle0_51,test,data/raw/acne04/Classification/JPEGImages/levle0_51.jpg,data/raw/acne04/Detection/VOC2007/Annotations/levle0_51.xml,data/processed/acne04_yolo/labels/test/levle0_51.txt,4,4,0.000000,1.000000,1.000000,0,0,0,,false,PASS,
levle0_510,val,data/raw/acne04/Classification/JPEGImages/levle0_510.jpg,data/raw/acne04/Detection/VOC2007/Annotations/levle0_510.xml,data/processed/acne04_yolo/labels/val/levle0_510.txt,2,2,0.000000,1.000000,1.000000,0,0,0,,false,PASS,
levle0_511,val,data/raw/acne04/Classification/JPEGImages/levle0_511.jpg,data/raw/acne04/Detection/VOC2007/Annotations/levle0_511.xml,data/processed/acne04_yolo/labels/val/levle0_511.txt,1,1,0.000000,1.000000,1.000000,0,0,0,,false,PASS,
levle0_512,test,data/raw/acne04/Classification/JPEGImages/levle0_512.jpg,data/raw/acne04/Detection/VOC2007/Annotations/levle0_512.xml,data/processed/acne04_yolo/labels/test/levle0_512.txt,1,1,0.000000,1.000000,1.000000,0,0,0,,false,PASS,
levle0_513,train,data/raw/acne04/Classification/JPEGImages/levle0_513.jpg,data/raw/acne04/Detection/VOC2007/Annotations/levle0_513.xml,data/processed/acne04_yolo/labels/train/levle0_513.txt,1,1,0.000000,1.000000,1.000000,0,0,0,,false,PASS,
levle0_514,train,data/raw/acne04/Classification/JPEGImages/levle0_514.jpg,data/raw/acne04/Detection/VOC2007/Annotations/levle0_514.xml,data/processed/acne04_yolo/labels/train/levle0_514.txt,2,2,0.000000,1.000000,1.000000,0,0,0,,false,PASS,
levle0_515,train,data/raw/acne04/Classification/JPEGImages/levle0_515.jpg,data/raw/acne04/Detection/VOC2007/Annotations/levle0_515.xml,data/processed/acne04_yolo/labels/train/levle0_515.txt,1,1,0.000000,1.000000,1.000000,0,0,0,,false,PASS,
levle0_516,train,data/raw/acne04/Classification/JPEGImages/levle0_516.jpg,data/raw/acne04/Detection/VOC2007/Annotations/levle0_516.xml,data/processed/acne04_yolo/labels/train/levle0_516.txt,3,3,0.000000,1.000000,1.000000,0,0,0,,false,PASS,
levle0_517,train,data/raw/acne04/Classification/JPEGImages/levle0_517.jpg,data/raw/acne04/Detection/VOC2007/Annotations/levle0_517.xml,data/processed/acne04_yolo/labels/train/levle0_517.txt,3,3,0.000000,1.000000,1.000000,0,0,0,,false,PASS,
levle0_518,val,data/raw/acne04/Classification/JPEGImages/levle0_518.jpg,data/raw/acne04/Detection/VOC2007/Annotations/levle0_518.xml,data/processed/acne04_yolo/labels/val/levle0_518.txt,3,3,0.000000,1.000000,1.000000,0,0,0,,false,PASS,
levle0_519,train,data/raw/acne04/Classification/JPEGImages/levle0_519.jpg,data/raw/acne04/Detection/VOC2007/Annotations/levle0_519.xml,data/processed/acne04_yolo/labels/train/levle0_519.txt,1,1,0.000000,1.000000,1.000000,0,0,0,,false,PASS,
levle0_52,train,data/raw/acne04/Classification/JPEGImages/levle0_52.jpg,data/raw/acne04/Detection/VOC2007/Annotations/levle0_52.xml,data/processed/acne04_yolo/labels/train/levle0_52.txt,1,1,0.000000,1.000000,1.000000,0,0,0,,false,PASS,
levle0_520,train,data/raw/acne04/Classification/JPEGImages/levle0_520.jpg,data/raw/acne04/Detection/VOC2007/Annotations/levle0_520.xml,data/processed/acne04_yolo/labels/train/levle0_520.txt,3,3,0.000000,1.000000,1.000000,0,0,0,,false,PASS,
levle0_521,train,data/raw/acne04/Classification/JPEGImages/levle0_521.jpg,data/raw/acne04/Detection/VOC2007/Annotations/levle0_521.xml,data/processed/acne04_yolo/labels/train/levle0_521.txt,4,4,0.000000,1.000000,1.000000,0,0,0,,false,PASS,
levle0_522,val,data/raw/acne04/Classification/JPEGImages/levle0_522.jpg,data/raw/acne04/Detection/VOC2007/Annotations/levle0_522.xml,data/processed/acne04_yolo/labels/val/levle0_522.txt,1,1,0.000000,1.000000,1.000000,0,0,0,,false,PASS,
levle0_523,train,data/raw/acne04/Classification/JPEGImages/levle0_523.jpg,data/raw/acne04/Detection/VOC2007/Annotations/levle0_523.xml,data/processed/acne04_yolo/labels/train/levle0_523.txt,1,1,0.000000,1.000000,1.000000,0,0,0,,false,PASS,
levle0_524,train,data/raw/acne04/Classification/JPEGImages/levle0_524.jpg,data/raw/acne04/Detection/VOC2007/Annotations/levle0_524.xml,data/processed/acne04_yolo/labels/train/levle0_524.txt,3,3,0.000000,1.000000,1.000000,0,0,0,,false,PASS,
levle0_526,train,data/raw/acne04/Classification/JPEGImages/levle0_526.jpg,data/raw/acne04/Detection/VOC2007/Annotations/levle0_526.xml,data/processed/acne04_yolo/labels/train/levle0_526.txt,2,2,0.000000,1.000000,1.000000,0,0,0,,false,PASS,
levle0_527,train,data/raw/acne04/Classification/JPEGImages/levle0_527.jpg,data/raw/acne04/Detection/VOC2007/Annotations/levle0_527.xml,data/processed/acne04_yolo/labels/train/levle0_527.txt,4,4,0.000000,1.000000,1.000000,0,0,0,,false,PASS,
levle0_528,train,data/raw/acne04/Classification/JPEGImages/levle0_528.jpg,data/raw/acne04/Detection/VOC2007/Annotations/levle0_528.xml,data/processed/acne04_yolo/labels/train/levle0_528.txt,5,5,0.000000,1.000000,1.000000,0,0,0,,false,PASS,
levle0_529,test,data/raw/acne04/Classification/JPEGImages/levle0_529.jpg,data/raw/acne04/Detection/VOC2007/Annotations/levle0_529.xml,data/processed/acne04_yolo/labels/test/levle0_529.txt,1,1,0.000000,1.000000,1.000000,0,0,0,,false,PASS,
levle0_53,train,data/raw/acne04/Classification/JPEGImages/levle0_53.jpg,data/raw/acne04/Detection/VOC2007/Annotations/levle0_53.xml,data/processed/acne04_yolo/labels/train/levle0_53.txt,2,2,0.000000,1.000000,1.000000,0,0,0,,false,PASS,
levle0_530,test,data/raw/acne04/Classification/JPEGImages/levle0_530.jpg,data/raw/acne04/Detection/VOC2007/Annotations/levle0_530.xml,data/processed/acne04_yolo/labels/test/levle0_530.txt,3,3,0.000000,1.000000,1.000000,0,0,0,,false,PASS,
levle0_531,train,data/raw/acne04/Classification/JPEGImages/levle0_531.jpg,data/raw/acne04/Detection/VOC2007/Annotations/levle0_531.xml,data/processed/acne04_yolo/labels/train/levle0_531.txt,3,3,0.000000,1.000000,1.000000,0,0,0,,false,PASS,
levle0_532,train,data/raw/acne04/Classification/JPEGImages/levle0_532.jpg,data/raw/acne04/Detection/VOC2007/Annotations/levle0_532.xml,data/processed/acne04_yolo/labels/train/levle0_532.txt,4,4,0.000000,1.000000,1.000000,0,0,0,,false,PASS,
levle0_54,train,data/raw/acne04/Classification/JPEGImages/levle0_54.jpg,data/raw/acne04/Detection/VOC2007/Annotations/levle0_54.xml,data/processed/acne04_yolo/labels/train/levle0_54.txt,5,5,0.000000,1.000000,1.000000,0,0,0,,false,PASS,
levle0_55,train,data/raw/acne04/Classification/JPEGImages/levle0_55.jpg,data/raw/acne04/Detection/VOC2007/Annotations/levle0_55.xml,data/processed/acne04_yolo/labels/train/levle0_55.txt,4,4,0.000000,1.000000,1.000000,0,0,0,,false,PASS,
levle0_56,test,data/raw/acne04/Classification/JPEGImages/levle0_56.jpg,data/raw/acne04/Detection/VOC2007/Annotations/levle0_56.xml,data/processed/acne04_yolo/labels/test/levle0_56.txt,2,2,0.000000,1.000000,1.000000,0,0,0,,false,PASS,
levle0_57,train,data/raw/acne04/Classification/JPEGImages/levle0_57.jpg,data/raw/acne04/Detection/VOC2007/Annotations/levle0_57.xml,data/processed/acne04_yolo/labels/train/levle0_57.txt,5,5,0.000000,1.000000,1.000000,0,0,0,,false,PASS,
levle0_58,train,data/raw/acne04/Classification/JPEGImages/levle0_58.jpg,data/raw/acne04/Detection/VOC2007/Annotations/levle0_58.xml,data/processed/acne04_yolo/labels/train/levle0_58.txt,3,3,0.000000,1.000000,1.000000,0,0,0,,false,PASS,
levle0_59,train,data/raw/acne04/Classification/JPEGImages/levle0_59.jpg,data/raw/acne04/Detection/VOC2007/Annotations/levle0_59.xml,data/processed/acne04_yolo/labels/train/levle0_59.txt,4,4,0.000000,1.000000,1.000000,0,0,0,,false,PASS,
levle0_6,val,data/raw/acne04/Classification/JPEGImages/levle0_6.jpg,data/raw/acne04/Detection/VOC2007/Annotations/levle0_6.xml,data/processed/acne04_yolo/labels/val/levle0_6.txt,3,3,0.000000,1.000000,1.000000,0,0,0,,false,PASS,
levle0_60,train,data/raw/acne04/Classification/JPEGImages/levle0_60.jpg,data/raw/acne04/Detection/VOC2007/Annotations/levle0_60.xml,data/processed/acne04_yolo/labels/train/levle0_60.txt,1,1,0.000000,1.000000,1.000000,0,0,0,,false,PASS,
levle0_61,val,data/raw/acne04/Classification/JPEGImages/levle0_61.jpg,data/raw/acne04/Detection/VOC2007/Annotations/levle0_61.xml,data/processed/acne04_yolo/labels/val/levle0_61.txt,4,4,0.000000,1.000000,1.000000,0,0,0,,false,PASS,
levle0_62,val,data/raw/acne04/Classification/JPEGImages/levle0_62.jpg,data/raw/acne04/Detection/VOC2007/Annotations/levle0_62.xml,data/processed/acne04_yolo/labels/val/levle0_62.txt,5,5,0.000000,1.000000,1.000000,0,0,0,,false,PASS,
levle0_63,train,data/raw/acne04/Classification/JPEGImages/levle0_63.jpg,data/raw/acne04/Detection/VOC2007/Annotations/levle0_63.xml,data/processed/acne04_yolo/labels/train/levle0_63.txt,2,2,0.000000,1.000000,1.000000,0,0,0,,false,PASS,
levle0_64,train,data/raw/acne04/Classification/JPEGImages/levle0_64.jpg,data/raw/acne04/Detection/VOC2007/Annotations/levle0_64.xml,data/processed/acne04_yolo/labels/train/levle0_64.txt,2,2,0.000000,1.000000,1.000000,0,0,0,,false,PASS,
levle0_66,train,data/raw/acne04/Classification/JPEGImages/levle0_66.jpg,data/raw/acne04/Detection/VOC2007/Annotations/levle0_66.xml,data/processed/acne04_yolo/labels/train/levle0_66.txt,3,3,0.000000,1.000000,1.000000,0,0,0,,false,PASS,
levle0_67,test,data/raw/acne04/Classification/JPEGImages/levle0_67.jpg,data/raw/acne04/Detection/VOC2007/Annotations/levle0_67.xml,data/processed/acne04_yolo/labels/test/levle0_67.txt,4,4,0.000000,1.000000,1.000000,0,0,0,,false,PASS,
levle0_68,train,data/raw/acne04/Classification/JPEGImages/levle0_68.jpg,data/raw/acne04/Detection/VOC2007/Annotations/levle0_68.xml,data/processed/acne04_yolo/labels/train/levle0_68.txt,3,3,0.000000,1.000000,1.000000,0,0,0,,false,PASS,
levle0_69,val,data/raw/acne04/Classification/JPEGImages/levle0_69.jpg,data/raw/acne04/Detection/VOC2007/Annotations/levle0_69.xml,data/processed/acne04_yolo/labels/val/levle0_69.txt,2,2,0.000000,1.000000,1.000000,0,0,0,,false,PASS,
levle0_7,train,data/raw/acne04/Classification/JPEGImages/levle0_7.jpg,data/raw/acne04/Detection/VOC2007/Annotations/levle0_7.xml,data/processed/acne04_yolo/labels/train/levle0_7.txt,2,2,0.000000,1.000000,1.000000,0,0,0,,false,PASS,
levle0_70,train,data/raw/acne04/Classification/JPEGImages/levle0_70.jpg,data/raw/acne04/Detection/VOC2007/Annotations/levle0_70.xml,data/processed/acne04_yolo/labels/train/levle0_70.txt,2,2,0.000000,1.000000,1.000000,0,0,0,,false,PASS,
levle0_72,train,data/raw/acne04/Classification/JPEGImages/levle0_72.jpg,data/raw/acne04/Detection/VOC2007/Annotations/levle0_72.xml,data/processed/acne04_yolo/labels/train/levle0_72.txt,1,1,0.000000,1.000000,1.000000,0,0,0,,false,PASS,
levle0_73,train,data/raw/acne04/Classification/JPEGImages/levle0_73.jpg,data/raw/acne04/Detection/VOC2007/Annotations/levle0_73.xml,data/processed/acne04_yolo/labels/train/levle0_73.txt,5,5,0.000000,1.000000,1.000000,0,0,0,,false,PASS,
levle0_74,train,data/raw/acne04/Classification/JPEGImages/levle0_74.jpg,data/raw/acne04/Detection/VOC2007/Annotations/levle0_74.xml,data/processed/acne04_yolo/labels/train/levle0_74.txt,3,3,0.000000,1.000000,1.000000,0,0,0,,false,PASS,
levle0_75,test,data/raw/acne04/Classification/JPEGImages/levle0_75.jpg,data/raw/acne04/Detection/VOC2007/Annotations/levle0_75.xml,data/processed/acne04_yolo/labels/test/levle0_75.txt,3,3,0.000000,1.000000,1.000000,0,0,0,,false,PASS,
levle0_76,train,data/raw/acne04/Classification/JPEGImages/levle0_76.jpg,data/raw/acne04/Detection/VOC2007/Annotations/levle0_76.xml,data/processed/acne04_yolo/labels/train/levle0_76.txt,3,3,0.000000,1.000000,1.000000,0,0,0,,false,PASS,
levle0_77,train,data/raw/acne04/Classification/JPEGImages/levle0_77.jpg,data/raw/acne04/Detection/VOC2007/Annotations/levle0_77.xml,data/processed/acne04_yolo/labels/train/levle0_77.txt,3,3,0.000000,1.000000,1.000000,0,0,0,,false,PASS,
levle0_78,train,data/raw/acne04/Classification/JPEGImages/levle0_78.jpg,data/raw/acne04/Detection/VOC2007/Annotations/levle0_78.xml,data/processed/acne04_yolo/labels/train/levle0_78.txt,1,1,0.000000,1.000000,1.000000,0,0,0,,false,PASS,
levle0_79,test,data/raw/acne04/Classification/JPEGImages/levle0_79.jpg,data/raw/acne04/Detection/VOC2007/Annotations/levle0_79.xml,data/processed/acne04_yolo/labels/test/levle0_79.txt,2,2,0.000000,1.000000,1.000000,0,0,0,,false,PASS,
levle0_8,train,data/raw/acne04/Classification/JPEGImages/levle0_8.jpg,data/raw/acne04/Detection/VOC2007/Annotations/levle0_8.xml,data/processed/acne04_yolo/labels/train/levle0_8.txt,1,1,0.000000,1.000000,1.000000,0,0,0,,false,PASS,
levle0_80,train,data/raw/acne04/Classification/JPEGImages/levle0_80.jpg,data/raw/acne04/Detection/VOC2007/Annotations/levle0_80.xml,data/processed/acne04_yolo/labels/train/levle0_80.txt,2,2,0.000000,1.000000,1.000000,0,0,0,,false,PASS,
levle0_81,train,data/raw/acne04/Classification/JPEGImages/levle0_81.jpg,data/raw/acne04/Detection/VOC2007/Annotations/levle0_81.xml,data/processed/acne04_yolo/labels/train/levle0_81.txt,2,2,0.000000,1.000000,1.000000,0,0,0,,false,PASS,
levle0_82,val,data/raw/acne04/Classification/JPEGImages/levle0_82.jpg,data/raw/acne04/Detection/VOC2007/Annotations/levle0_82.xml,data/processed/acne04_yolo/labels/val/levle0_82.txt,1,1,0.000000,1.000000,1.000000,0,0,0,,false,PASS,
levle0_83,train,data/raw/acne04/Classification/JPEGImages/levle0_83.jpg,data/raw/acne04/Detection/VOC2007/Annotations/levle0_83.xml,data/processed/acne04_yolo/labels/train/levle0_83.txt,1,1,0.000000,1.000000,1.000000,0,0,0,,false,PASS,
levle0_85,test,data/raw/acne04/Classification/JPEGImages/levle0_85.jpg,data/raw/acne04/Detection/VOC2007/Annotations/levle0_85.xml,data/processed/acne04_yolo/labels/test/levle0_85.txt,1,1,0.000000,1.000000,1.000000,0,0,0,,false,PASS,
levle0_86,train,data/raw/acne04/Classification/JPEGImages/levle0_86.jpg,data/raw/acne04/Detection/VOC2007/Annotations/levle0_86.xml,data/processed/acne04_yolo/labels/train/levle0_86.txt,1,1,0.000000,1.000000,1.000000,0,0,0,,false,PASS,
levle0_87,val,data/raw/acne04/Classification/JPEGImages/levle0_87.jpg,data/raw/acne04/Detection/VOC2007/Annotations/levle0_87.xml,data/processed/acne04_yolo/labels/val/levle0_87.txt,2,2,0.000000,1.000000,1.000000,0,0,0,,false,PASS,
levle0_88,train,data/raw/acne04/Classification/JPEGImages/levle0_88.jpg,data/raw/acne04/Detection/VOC2007/Annotations/levle0_88.xml,data/processed/acne04_yolo/labels/train/levle0_88.txt,1,1,0.000000,1.000000,1.000000,0,0,0,,false,PASS,
levle0_89,train,data/raw/acne04/Classification/JPEGImages/levle0_89.jpg,data/raw/acne04/Detection/VOC2007/Annotations/levle0_89.xml,data/processed/acne04_yolo/labels/train/levle0_89.txt,1,1,0.000000,1.000000,1.000000,0,0,0,,false,PASS,
levle0_9,train,data/raw/acne04/Classification/JPEGImages/levle0_9.jpg,data/raw/acne04/Detection/VOC2007/Annotations/levle0_9.xml,data/processed/acne04_yolo/labels/train/levle0_9.txt,2,2,0.000000,1.000000,1.000000,0,0,0,,false,PASS,
levle0_90,train,data/raw/acne04/Classification/JPEGImages/levle0_90.jpg,data/raw/acne04/Detection/VOC2007/Annotations/levle0_90.xml,data/processed/acne04_yolo/labels/train/levle0_90.txt,2,2,0.000000,1.000000,1.000000,0,0,0,,false,PASS,
levle0_91,train,data/raw/acne04/Classification/JPEGImages/levle0_91.jpg,data/raw/acne04/Detection/VOC2007/Annotations/levle0_91.xml,data/processed/acne04_yolo/labels/train/levle0_91.txt,2,2,0.000000,1.000000,1.000000,0,0,0,,false,PASS,
levle0_92,test,data/raw/acne04/Classification/JPEGImages/levle0_92.jpg,data/raw/acne04/Detection/VOC2007/Annotations/levle0_92.xml,data/processed/acne04_yolo/labels/test/levle0_92.txt,2,2,0.000000,1.000000,1.000000,0,0,0,,false,PASS,
levle0_94,train,data/raw/acne04/Classification/JPEGImages/levle0_94.jpg,data/raw/acne04/Detection/VOC2007/Annotations/levle0_94.xml,data/processed/acne04_yolo/labels/train/levle0_94.txt,1,1,0.000000,1.000000,1.000000,0,0,0,2ccdae05d565fc9ef819d95265797441846727b73804094323902594a9ceadd2,false,NEEDS_REVIEW,duplicate_group_annotation_counts_differ
levle0_95,train,data/raw/acne04/Classification/JPEGImages/levle0_95.jpg,data/raw/acne04/Detection/VOC2007/Annotations/levle0_95.xml,data/processed/acne04_yolo/labels/train/levle0_95.txt,1,1,0.000000,1.000000,1.000000,0,0,0,5a71adc2b690cdedde439890ed1ae950c16f1cc58cef93b90b37781256dbce1b,false,PASS,
levle0_96,train,data/raw/acne04/Classification/JPEGImages/levle0_96.jpg,data/raw/acne04/Detection/VOC2007/Annotations/levle0_96.xml,data/processed/acne04_yolo/labels/train/levle0_96.txt,1,1,0.000000,1.000000,1.000000,0,0,0,f3cdc89f4d872cf7d23832684598b638bfa78b4b716bc061a41e7b1eed017ae4,false,PASS,
levle0_97,train,data/raw/acne04/Classification/JPEGImages/levle0_97.jpg,data/raw/acne04/Detection/VOC2007/Annotations/levle0_97.xml,data/processed/acne04_yolo/labels/train/levle0_97.txt,2,2,0.000000,1.000000,1.000000,0,0,0,,false,PASS,
levle0_98,train,data/raw/acne04/Classification/JPEGImages/levle0_98.jpg,data/raw/acne04/Detection/VOC2007/Annotations/levle0_98.xml,data/processed/acne04_yolo/labels/train/levle0_98.txt,2,2,0.000000,1.000000,1.000000,0,0,0,af8003fc89da8bb87c30596ab5a84e7e90843b935e38adbdd5485880095de743,false,PASS,
levle0_99,train,data/raw/acne04/Classification/JPEGImages/levle0_99.jpg,data/raw/acne04/Detection/VOC2007/Annotations/levle0_99.xml,data/processed/acne04_yolo/labels/train/levle0_99.txt,2,2,0.000000,1.000000,1.000000,0,0,0,af8003fc89da8bb87c30596ab5a84e7e90843b935e38adbdd5485880095de743,false,PASS,
levle1_0,val,data/raw/acne04/Classification/JPEGImages/levle1_0.jpg,data/raw/acne04/Detection/VOC2007/Annotations/levle1_0.xml,data/processed/acne04_yolo/labels/val/levle1_0.txt,10,10,0.000000,1.000000,1.000000,0,0,0,,false,PASS,
levle1_1,train,data/raw/acne04/Classification/JPEGImages/levle1_1.jpg,data/raw/acne04/Detection/VOC2007/Annotations/levle1_1.xml,data/processed/acne04_yolo/labels/train/levle1_1.txt,7,7,0.000000,1.000000,1.000000,0,0,0,,false,PASS,
levle1_10,train,data/raw/acne04/Classification/JPEGImages/levle1_10.jpg,data/raw/acne04/Detection/VOC2007/Annotations/levle1_10.xml,data/processed/acne04_yolo/labels/train/levle1_10.txt,17,17,0.000000,1.000000,1.000000,0,0,0,,false,PASS,
levle1_100,test,data/raw/acne04/Classification/JPEGImages/levle1_100.jpg,data/raw/acne04/Detection/VOC2007/Annotations/levle1_100.xml,data/processed/acne04_yolo/labels/test/levle1_100.txt,6,6,0.000000,1.000000,1.000000,0,0,0,,false,PASS,
levle1_101,test,data/raw/acne04/Classification/JPEGImages/levle1_101.jpg,data/raw/acne04/Detection/VOC2007/Annotations/levle1_101.xml,data/processed/acne04_yolo/labels/test/levle1_101.txt,8,8,0.000000,1.000000,1.000000,0,0,0,,false,PASS,
levle1_102,train,data/raw/acne04/Classification/JPEGImages/levle1_102.jpg,data/raw/acne04/Detection/VOC2007/Annotations/levle1_102.xml,data/processed/acne04_yolo/labels/train/levle1_102.txt,8,8,0.000000,1.000000,1.000000,0,0,0,,false,PASS,
levle1_103,train,data/raw/acne04/Classification/JPEGImages/levle1_103.jpg,data/raw/acne04/Detection/VOC2007/Annotations/levle1_103.xml,data/processed/acne04_yolo/labels/train/levle1_103.txt,7,7,0.000000,1.000000,1.000000,0,0,0,,false,PASS,
levle1_104,train,data/raw/acne04/Classification/JPEGImages/levle1_104.jpg,data/raw/acne04/Detection/VOC2007/Annotations/levle1_104.xml,data/processed/acne04_yolo/labels/train/levle1_104.txt,11,11,0.000000,1.000000,1.000000,0,0,0,,false,PASS,
levle1_105,val,data/raw/acne04/Classification/JPEGImages/levle1_105.jpg,data/raw/acne04/Detection/VOC2007/Annotations/levle1_105.xml,data/processed/acne04_yolo/labels/val/levle1_105.txt,7,7,0.000000,1.000000,1.000000,0,0,0,,false,PASS,
levle1_106,train,data/raw/acne04/Classification/JPEGImages/levle1_106.jpg,data/raw/acne04/Detection/VOC2007/Annotations/levle1_106.xml,data/processed/acne04_yolo/labels/train/levle1_106.txt,7,7,0.000000,1.000000,1.000000,0,0,0,,false,PASS,
levle1_107,train,data/raw/acne04/Classification/JPEGImages/levle1_107.jpg,data/raw/acne04/Detection/VOC2007/Annotations/levle1_107.xml,data/processed/acne04_yolo/labels/train/levle1_107.txt,7,7,0.000000,1.000000,1.000000,0,0,0,,false,PASS,
levle1_108,train,data/raw/acne04/Classification/JPEGImages/levle1_108.jpg,data/raw/acne04/Detection/VOC2007/Annotations/levle1_108.xml,data/processed/acne04_yolo/labels/train/levle1_108.txt,7,7,0.000000,1.000000,1.000000,0,0,0,,false,PASS,
levle1_109,train,data/raw/acne04/Classification/JPEGImages/levle1_109.jpg,data/raw/acne04/Detection/VOC2007/Annotations/levle1_109.xml,data/processed/acne04_yolo/labels/train/levle1_109.txt,12,12,0.000000,1.000000,1.000000,0,0,0,,false,PASS,
levle1_11,test,data/raw/acne04/Classification/JPEGImages/levle1_11.jpg,data/raw/acne04/Detection/VOC2007/Annotations/levle1_11.xml,data/processed/acne04_yolo/labels/test/levle1_11.txt,16,16,0.000000,1.000000,1.000000,0,0,0,,false,PASS,
levle1_110,train,data/raw/acne04/Classification/JPEGImages/levle1_110.jpg,data/raw/acne04/Detection/VOC2007/Annotations/levle1_110.xml,data/processed/acne04_yolo/labels/train/levle1_110.txt,9,9,0.000000,1.000000,1.000000,0,0,0,,false,PASS,
levle1_111,train,data/raw/acne04/Classification/JPEGImages/levle1_111.jpg,data/raw/acne04/Detection/VOC2007/Annotations/levle1_111.xml,data/processed/acne04_yolo/labels/train/levle1_111.txt,8,8,0.000000,1.000000,1.000000,0,0,0,,false,PASS,
levle1_112,test,data/raw/acne04/Classification/JPEGImages/levle1_112.jpg,data/raw/acne04/Detection/VOC2007/Annotations/levle1_112.xml,data/processed/acne04_yolo/labels/test/levle1_112.txt,9,9,0.000000,1.000000,1.000000,0,0,0,,false,PASS,
levle1_113,train,data/raw/acne04/Classification/JPEGImages/levle1_113.jpg,data/raw/acne04/Detection/VOC2007/Annotations/levle1_113.xml,data/processed/acne04_yolo/labels/train/levle1_113.txt,8,8,0.000000,1.000000,1.000000,0,0,0,,false,PASS,
levle1_114,test,data/raw/acne04/Classification/JPEGImages/levle1_114.jpg,data/raw/acne04/Detection/VOC2007/Annotations/levle1_114.xml,data/processed/acne04_yolo/labels/test/levle1_114.txt,17,17,0.000000,1.000000,1.000000,0,0,0,,false,PASS,
levle1_115,train,data/raw/acne04/Classification/JPEGImages/levle1_115.jpg,data/raw/acne04/Detection/VOC2007/Annotations/levle1_115.xml,data/processed/acne04_yolo/labels/train/levle1_115.txt,13,13,0.000000,1.000000,1.000000,0,0,0,,false,PASS,
levle1_116,train,data/raw/acne04/Classification/JPEGImages/levle1_116.jpg,data/raw/acne04/Detection/VOC2007/Annotations/levle1_116.xml,data/processed/acne04_yolo/labels/train/levle1_116.txt,7,7,0.000000,1.000000,1.000000,0,0,0,,false,PASS,
levle1_117,train,data/raw/acne04/Classification/JPEGImages/levle1_117.jpg,data/raw/acne04/Detection/VOC2007/Annotations/levle1_117.xml,data/processed/acne04_yolo/labels/train/levle1_117.txt,9,9,0.000000,1.000000,1.000000,0,0,0,,false,PASS,
levle1_118,train,data/raw/acne04/Classification/JPEGImages/levle1_118.jpg,data/raw/acne04/Detection/VOC2007/Annotations/levle1_118.xml,data/processed/acne04_yolo/labels/train/levle1_118.txt,12,12,0.000000,1.000000,1.000000,0,0,0,,false,PASS,
levle1_119,val,data/raw/acne04/Classification/JPEGImages/levle1_119.jpg,data/raw/acne04/Detection/VOC2007/Annotations/levle1_119.xml,data/processed/acne04_yolo/labels/val/levle1_119.txt,8,8,0.000000,1.000000,1.000000,0,0,0,,false,PASS,
levle1_12,train,data/raw/acne04/Classification/JPEGImages/levle1_12.jpg,data/raw/acne04/Detection/VOC2007/Annotations/levle1_12.xml,data/processed/acne04_yolo/labels/train/levle1_12.txt,9,9,0.000000,1.000000,1.000000,0,0,0,,false,PASS,
levle1_120,train,data/raw/acne04/Classification/JPEGImages/levle1_120.jpg,data/raw/acne04/Detection/VOC2007/Annotations/levle1_120.xml,data/processed/acne04_yolo/labels/train/levle1_120.txt,9,9,0.000000,1.000000,1.000000,0,0,0,,false,PASS,
levle1_121,train,data/raw/acne04/Classification/JPEGImages/levle1_121.jpg,data/raw/acne04/Detection/VOC2007/Annotations/levle1_121.xml,data/processed/acne04_yolo/labels/train/levle1_121.txt,6,6,0.000000,1.000000,1.000000,0,0,0,,false,PASS,
levle1_122,train,data/raw/acne04/Classification/JPEGImages/levle1_122.jpg,data/raw/acne04/Detection/VOC2007/Annotations/levle1_122.xml,data/processed/acne04_yolo/labels/train/levle1_122.txt,6,6,0.000000,1.000000,1.000000,0,0,0,,false,PASS,
levle1_123,train,data/raw/acne04/Classification/JPEGImages/levle1_123.jpg,data/raw/acne04/Detection/VOC2007/Annotations/levle1_123.xml,data/processed/acne04_yolo/labels/train/levle1_123.txt,10,10,0.000000,1.000000,1.000000,0,0,0,,false,PASS,
levle1_124,train,data/raw/acne04/Classification/JPEGImages/levle1_124.jpg,data/raw/acne04/Detection/VOC2007/Annotations/levle1_124.xml,data/processed/acne04_yolo/labels/train/levle1_124.txt,7,7,0.000000,1.000000,1.000000,0,0,0,,false,PASS,
levle1_125,train,data/raw/acne04/Classification/JPEGImages/levle1_125.jpg,data/raw/acne04/Detection/VOC2007/Annotations/levle1_125.xml,data/processed/acne04_yolo/labels/train/levle1_125.txt,10,10,0.000000,1.000000,1.000000,0,0,0,,false,PASS,
levle1_126,val,data/raw/acne04/Classification/JPEGImages/levle1_126.jpg,data/raw/acne04/Detection/VOC2007/Annotations/levle1_126.xml,data/processed/acne04_yolo/labels/val/levle1_126.txt,7,7,0.000000,1.000000,1.000000,0,0,0,,false,PASS,
levle1_127,train,data/raw/acne04/Classification/JPEGImages/levle1_127.jpg,data/raw/acne04/Detection/VOC2007/Annotations/levle1_127.xml,data/processed/acne04_yolo/labels/train/levle1_127.txt,8,8,0.000000,1.000000,1.000000,0,0,0,,false,PASS,
levle1_128,train,data/raw/acne04/Classification/JPEGImages/levle1_128.jpg,data/raw/acne04/Detection/VOC2007/Annotations/levle1_128.xml,data/processed/acne04_yolo/labels/train/levle1_128.txt,7,7,0.000000,1.000000,1.000000,0,0,0,,false,PASS,
levle1_129,test,data/raw/acne04/Classification/JPEGImages/levle1_129.jpg,data/raw/acne04/Detection/VOC2007/Annotations/levle1_129.xml,data/processed/acne04_yolo/labels/test/levle1_129.txt,6,6,0.000000,1.000000,1.000000,0,0,0,e495c0ba4c919bc4392bba4fafe3036fa8df7b9fb54a6ffb54f04b05cc4f1d73,false,PASS,
levle1_13,train,data/raw/acne04/Classification/JPEGImages/levle1_13.jpg,data/raw/acne04/Detection/VOC2007/Annotations/levle1_13.xml,data/processed/acne04_yolo/labels/train/levle1_13.txt,9,9,0.000000,1.000000,1.000000,0,0,0,,false,PASS,
levle1_130,train,data/raw/acne04/Classification/JPEGImages/levle1_130.jpg,data/raw/acne04/Detection/VOC2007/Annotations/levle1_130.xml,data/processed/acne04_yolo/labels/train/levle1_130.txt,7,7,0.000000,1.000000,1.000000,0,0,0,,false,PASS,
levle1_131,train,data/raw/acne04/Classification/JPEGImages/levle1_131.jpg,data/raw/acne04/Detection/VOC2007/Annotations/levle1_131.xml,data/processed/acne04_yolo/labels/train/levle1_131.txt,11,11,0.000000,1.000000,1.000000,0,0,0,b538b91a3834cc61f2bae23436e14c79dc7695f268b9faed486bcafca0ba87fe,false,NEEDS_REVIEW,duplicate_group_annotation_counts_differ
levle1_132,train,data/raw/acne04/Classification/JPEGImages/levle1_132.jpg,data/raw/acne04/Detection/VOC2007/Annotations/levle1_132.xml,data/processed/acne04_yolo/labels/train/levle1_132.txt,8,8,0.000000,1.000000,1.000000,0,0,0,ac383d9c0f7a262ea2a61061ff5c4040615fde79388aaa9076be884550281857,false,PASS,
levle1_133,train,data/raw/acne04/Classification/JPEGImages/levle1_133.jpg,data/raw/acne04/Detection/VOC2007/Annotations/levle1_133.xml,data/processed/acne04_yolo/labels/train/levle1_133.txt,9,9,0.000000,1.000000,1.000000,0,0,0,bee48890973035c00481b8ccb33e15b76b0d0d9ba2599e86c0b4f1af3fbeaf65,false,NEEDS_REVIEW,duplicate_group_annotation_counts_differ
levle1_134,train,data/raw/acne04/Classification/JPEGImages/levle1_134.jpg,data/raw/acne04/Detection/VOC2007/Annotations/levle1_134.xml,data/processed/acne04_yolo/labels/train/levle1_134.txt,11,11,0.000000,1.000000,1.000000,0,0,0,,false,PASS,
levle1_135,train,data/raw/acne04/Classification/JPEGImages/levle1_135.jpg,data/raw/acne04/Detection/VOC2007/Annotations/levle1_135.xml,data/processed/acne04_yolo/labels/train/levle1_135.txt,7,7,0.000000,1.000000,1.000000,0,0,0,6dab728e8bfca66d940a03e8f880b31598ca6b0fa8d16bca7b766a03953e0fa4,false,NEEDS_REVIEW,duplicate_group_annotation_counts_differ
levle1_136,train,data/raw/acne04/Classification/JPEGImages/levle1_136.jpg,data/raw/acne04/Detection/VOC2007/Annotations/levle1_136.xml,data/processed/acne04_yolo/labels/train/levle1_136.txt,7,7,0.000000,1.000000,1.000000,0,0,0,611532acc5ec2bf348ef5c4188532e15c8de490178c8b33cdc8fc972d2fb64d3,false,NEEDS_REVIEW,duplicate_group_annotation_counts_differ
levle1_137,train,data/raw/acne04/Classification/JPEGImages/levle1_137.jpg,data/raw/acne04/Detection/VOC2007/Annotations/levle1_137.xml,data/processed/acne04_yolo/labels/train/levle1_137.txt,7,7,0.000000,1.000000,1.000000,0,0,0,,false,PASS,
levle1_138,val,data/raw/acne04/Classification/JPEGImages/levle1_138.jpg,data/raw/acne04/Detection/VOC2007/Annotations/levle1_138.xml,data/processed/acne04_yolo/labels/val/levle1_138.txt,8,8,0.000000,1.000000,1.000000,0,0,0,b25d783297ecffaacce4206049d1c91c1be56df59a47008f6cb95fb46dbb497b,false,NEEDS_REVIEW,duplicate_group_annotation_counts_differ
levle1_139,val,data/raw/acne04/Classification/JPEGImages/levle1_139.jpg,data/raw/acne04/Detection/VOC2007/Annotations/levle1_139.xml,data/processed/acne04_yolo/labels/val/levle1_139.txt,9,9,0.000000,1.000000,1.000000,0,0,0,,false,PASS,
levle1_14,train,data/raw/acne04/Classification/JPEGImages/levle1_14.jpg,data/raw/acne04/Detection/VOC2007/Annotations/levle1_14.xml,data/processed/acne04_yolo/labels/train/levle1_14.txt,10,10,0.000000,1.000000,1.000000,0,0,0,,false,PASS,
levle1_140,val,data/raw/acne04/Classification/JPEGImages/levle1_140.jpg,data/raw/acne04/Detection/VOC2007/Annotations/levle1_140.xml,data/processed/acne04_yolo/labels/val/levle1_140.txt,9,9,0.000000,1.000000,1.000000,0,0,0,e5927997a3ff6d90155559c5ef3d7bca1eeb6c7b10fef464dbf1a3b8694893c6,false,NEEDS_REVIEW,duplicate_group_annotation_counts_differ
levle1_141,train,data/raw/acne04/Classification/JPEGImages/levle1_141.jpg,data/raw/acne04/Detection/VOC2007/Annotations/levle1_141.xml,data/processed/acne04_yolo/labels/train/levle1_141.txt,6,6,0.000000,1.000000,1.000000,0,0,0,,false,PASS,
levle1_142,train,data/raw/acne04/Classification/JPEGImages/levle1_142.jpg,data/raw/acne04/Detection/VOC2007/Annotations/levle1_142.xml,data/processed/acne04_yolo/labels/train/levle1_142.txt,6,6,0.000000,1.000000,1.000000,0,0,0,,false,PASS,
levle1_143,test,data/raw/acne04/Classification/JPEGImages/levle1_143.jpg,data/raw/acne04/Detection/VOC2007/Annotations/levle1_143.xml,data/processed/acne04_yolo/labels/test/levle1_143.txt,7,7,0.000000,1.000000,1.000000,0,0,0,,false,PASS,
levle1_144,train,data/raw/acne04/Classification/JPEGImages/levle1_144.jpg,data/raw/acne04/Detection/VOC2007/Annotations/levle1_144.xml,data/processed/acne04_yolo/labels/train/levle1_144.txt,6,6,0.000000,1.000000,1.000000,0,0,0,,false,PASS,
levle1_145,val,data/raw/acne04/Classification/JPEGImages/levle1_145.jpg,data/raw/acne04/Detection/VOC2007/Annotations/levle1_145.xml,data/processed/acne04_yolo/labels/val/levle1_145.txt,7,7,0.000000,1.000000,1.000000,0,0,0,56f232f4433dd59a75104e2370b6d2367444046a071b10cee66b1da17bf7862e,false,NEEDS_REVIEW,duplicate_group_annotation_counts_differ
levle1_146,test,data/raw/acne04/Classification/JPEGImages/levle1_146.jpg,data/raw/acne04/Detection/VOC2007/Annotations/levle1_146.xml,data/processed/acne04_yolo/labels/test/levle1_146.txt,6,6,0.000000,1.000000,1.000000,0,0,0,,false,PASS,
levle1_147,test,data/raw/acne04/Classification/JPEGImages/levle1_147.jpg,data/raw/acne04/Detection/VOC2007/Annotations/levle1_147.xml,data/processed/acne04_yolo/labels/test/levle1_147.txt,8,8,0.000000,1.000000,1.000000,0,0,0,,false,PASS,
levle1_149,train,data/raw/acne04/Classification/JPEGImages/levle1_149.jpg,data/raw/acne04/Detection/VOC2007/Annotations/levle1_149.xml,data/processed/acne04_yolo/labels/train/levle1_149.txt,6,6,0.000000,1.000000,1.000000,0,0,0,,false,PASS,
levle1_15,train,data/raw/acne04/Classification/JPEGImages/levle1_15.jpg,data/raw/acne04/Detection/VOC2007/Annotations/levle1_15.xml,data/processed/acne04_yolo/labels/train/levle1_15.txt,15,15,0.000000,1.000000,1.000000,0,0,0,,false,PASS,
levle1_150,test,data/raw/acne04/Classification/JPEGImages/levle1_150.jpg,data/raw/acne04/Detection/VOC2007/Annotations/levle1_150.xml,data/processed/acne04_yolo/labels/test/levle1_150.txt,9,9,0.000000,1.000000,1.000000,0,0,0,,false,PASS,
levle1_151,train,data/raw/acne04/Classification/JPEGImages/levle1_151.jpg,data/raw/acne04/Detection/VOC2007/Annotations/levle1_151.xml,data/processed/acne04_yolo/labels/train/levle1_151.txt,4,4,0.000000,1.000000,1.000000,0,0,0,,false,PASS,
levle1_152,val,data/raw/acne04/Classification/JPEGImages/levle1_152.jpg,data/raw/acne04/Detection/VOC2007/Annotations/levle1_152.xml,data/processed/acne04_yolo/labels/val/levle1_152.txt,10,10,0.000000,1.000000,1.000000,0,0,0,,false,PASS,
levle1_153,train,data/raw/acne04/Classification/JPEGImages/levle1_153.jpg,data/raw/acne04/Detection/VOC2007/Annotations/levle1_153.xml,data/processed/acne04_yolo/labels/train/levle1_153.txt,6,6,0.000000,1.000000,1.000000,0,0,0,,false,PASS,
levle1_154,train,data/raw/acne04/Classification/JPEGImages/levle1_154.jpg,data/raw/acne04/Detection/VOC2007/Annotations/levle1_154.xml,data/processed/acne04_yolo/labels/train/levle1_154.txt,9,9,0.000000,1.000000,1.000000,0,0,0,,false,PASS,
levle1_155,train,data/raw/acne04/Classification/JPEGImages/levle1_155.jpg,data/raw/acne04/Detection/VOC2007/Annotations/levle1_155.xml,data/processed/acne04_yolo/labels/train/levle1_155.txt,6,6,0.000000,1.000000,1.000000,0,0,0,,false,PASS,
levle1_156,train,data/raw/acne04/Classification/JPEGImages/levle1_156.jpg,data/raw/acne04/Detection/VOC2007/Annotations/levle1_156.xml,data/processed/acne04_yolo/labels/train/levle1_156.txt,9,9,0.000000,1.000000,1.000000,0,0,0,,false,PASS,
levle1_157,test,data/raw/acne04/Classification/JPEGImages/levle1_157.jpg,data/raw/acne04/Detection/VOC2007/Annotations/levle1_157.xml,data/processed/acne04_yolo/labels/test/levle1_157.txt,9,9,0.000000,1.000000,1.000000,0,0,0,a358d7cd91a81d928c821574c00a6ccbe747a2edcad4661c7970284a9d6d5ba9,false,PASS,
levle1_158,val,data/raw/acne04/Classification/JPEGImages/levle1_158.jpg,data/raw/acne04/Detection/VOC2007/Annotations/levle1_158.xml,data/processed/acne04_yolo/labels/val/levle1_158.txt,11,11,0.000000,1.000000,1.000000,0,0,0,,false,PASS,
levle1_159,val,data/raw/acne04/Classification/JPEGImages/levle1_159.jpg,data/raw/acne04/Detection/VOC2007/Annotations/levle1_159.xml,data/processed/acne04_yolo/labels/val/levle1_159.txt,3,3,0.000000,1.000000,1.000000,0,0,0,,false,PASS,
levle1_16,val,data/raw/acne04/Classification/JPEGImages/levle1_16.jpg,data/raw/acne04/Detection/VOC2007/Annotations/levle1_16.xml,data/processed/acne04_yolo/labels/val/levle1_16.txt,9,9,0.000000,1.000000,1.000000,0,0,0,5b605bc92fcd022a9193bbdf5c9e0ac18bce8da4e29df9a6731b1bb46dcd1eea,false,NEEDS_REVIEW,duplicate_group_annotation_counts_differ
levle1_160,train,data/raw/acne04/Classification/JPEGImages/levle1_160.jpg,data/raw/acne04/Detection/VOC2007/Annotations/levle1_160.xml,data/processed/acne04_yolo/labels/train/levle1_160.txt,6,6,0.000000,1.000000,1.000000,0,0,0,,false,PASS,
levle1_161,train,data/raw/acne04/Classification/JPEGImages/levle1_161.jpg,data/raw/acne04/Detection/VOC2007/Annotations/levle1_161.xml,data/processed/acne04_yolo/labels/train/levle1_161.txt,8,8,0.000000,1.000000,1.000000,0,0,0,c0a65e9715c24491a9cf3bbadbf88e06ebe4e5040ebaffdf9d70f997995c7933,false,NEEDS_REVIEW,duplicate_group_annotation_counts_differ
levle1_162,train,data/raw/acne04/Classification/JPEGImages/levle1_162.jpg,data/raw/acne04/Detection/VOC2007/Annotations/levle1_162.xml,data/processed/acne04_yolo/labels/train/levle1_162.txt,10,10,0.000000,1.000000,1.000000,0,0,0,d6e18cb937238b07c43af479b2452d79e1d32c4925b98b726f5e14721d848edc,false,PASS,
levle1_163,train,data/raw/acne04/Classification/JPEGImages/levle1_163.jpg,data/raw/acne04/Detection/VOC2007/Annotations/levle1_163.xml,data/processed/acne04_yolo/labels/train/levle1_163.txt,7,7,0.000000,1.000000,1.000000,0,0,0,,false,PASS,
levle1_164,train,data/raw/acne04/Classification/JPEGImages/levle1_164.jpg,data/raw/acne04/Detection/VOC2007/Annotations/levle1_164.xml,data/processed/acne04_yolo/labels/train/levle1_164.txt,7,7,0.000000,1.000000,1.000000,0,0,0,a83e345a1b8432e7a4b192ecd8df57d898430f57f7b03aad8c115d719a362bef,false,NEEDS_REVIEW,duplicate_group_annotation_counts_differ
levle1_165,val,data/raw/acne04/Classification/JPEGImages/levle1_165.jpg,data/raw/acne04/Detection/VOC2007/Annotations/levle1_165.xml,data/processed/acne04_yolo/labels/val/levle1_165.txt,6,6,0.000000,1.000000,1.000000,0,0,0,,false,PASS,
levle1_166,train,data/raw/acne04/Classification/JPEGImages/levle1_166.jpg,data/raw/acne04/Detection/VOC2007/Annotations/levle1_166.xml,data/processed/acne04_yolo/labels/train/levle1_166.txt,7,7,0.000000,1.000000,1.000000,0,0,0,85ea30ada51213b9e42f13611eb085c8a0be1b7e8d68861a2a73fa0cf7839ed6,false,NEEDS_REVIEW,duplicate_group_annotation_counts_differ
levle1_167,train,data/raw/acne04/Classification/JPEGImages/levle1_167.jpg,data/raw/acne04/Detection/VOC2007/Annotations/levle1_167.xml,data/processed/acne04_yolo/labels/train/levle1_167.txt,7,7,0.000000,1.000000,1.000000,0,0,0,,false,PASS,
levle1_168,test,data/raw/acne04/Classification/JPEGImages/levle1_168.jpg,data/raw/acne04/Detection/VOC2007/Annotations/levle1_168.xml,data/processed/acne04_yolo/labels/test/levle1_168.txt,6,6,0.000000,1.000000,1.000000,0,0,0,,false,PASS,
levle1_169,train,data/raw/acne04/Classification/JPEGImages/levle1_169.jpg,data/raw/acne04/Detection/VOC2007/Annotations/levle1_169.xml,data/processed/acne04_yolo/labels/train/levle1_169.txt,6,6,0.000000,1.000000,1.000000,0,0,0,,false,PASS,
levle1_17,train,data/raw/acne04/Classification/JPEGImages/levle1_17.jpg,data/raw/acne04/Detection/VOC2007/Annotations/levle1_17.xml,data/processed/acne04_yolo/labels/train/levle1_17.txt,11,11,0.000000,1.000000,1.000000,0,0,0,,false,PASS,
levle1_170,train,data/raw/acne04/Classification/JPEGImages/levle1_170.jpg,data/raw/acne04/Detection/VOC2007/Annotations/levle1_170.xml,data/processed/acne04_yolo/labels/train/levle1_170.txt,6,6,0.000000,1.000000,1.000000,0,0,0,,false,PASS,
levle1_171,train,data/raw/acne04/Classification/JPEGImages/levle1_171.jpg,data/raw/acne04/Detection/VOC2007/Annotations/levle1_171.xml,data/processed/acne04_yolo/labels/train/levle1_171.txt,11,11,0.000000,1.000000,1.000000,0,0,0,,false,PASS,
levle1_172,val,data/raw/acne04/Classification/JPEGImages/levle1_172.jpg,data/raw/acne04/Detection/VOC2007/Annotations/levle1_172.xml,data/processed/acne04_yolo/labels/val/levle1_172.txt,7,7,0.000000,1.000000,1.000000,0,0,0,,false,PASS,
levle1_173,train,data/raw/acne04/Classification/JPEGImages/levle1_173.jpg,data/raw/acne04/Detection/VOC2007/Annotations/levle1_173.xml,data/processed/acne04_yolo/labels/train/levle1_173.txt,6,6,0.000000,1.000000,1.000000,0,0,0,,false,PASS,
levle1_174,train,data/raw/acne04/Classification/JPEGImages/levle1_174.jpg,data/raw/acne04/Detection/VOC2007/Annotations/levle1_174.xml,data/processed/acne04_yolo/labels/train/levle1_174.txt,12,12,0.000000,1.000000,1.000000,0,0,0,,false,PASS,
levle1_175,train,data/raw/acne04/Classification/JPEGImages/levle1_175.jpg,data/raw/acne04/Detection/VOC2007/Annotations/levle1_175.xml,data/processed/acne04_yolo/labels/train/levle1_175.txt,6,6,0.000000,1.000000,1.000000,0,0,0,,false,PASS,
levle1_176,train,data/raw/acne04/Classification/JPEGImages/levle1_176.jpg,data/raw/acne04/Detection/VOC2007/Annotations/levle1_176.xml,data/processed/acne04_yolo/labels/train/levle1_176.txt,12,12,0.000000,1.000000,1.000000,0,0,0,,false,PASS,
levle1_177,train,data/raw/acne04/Classification/JPEGImages/levle1_177.jpg,data/raw/acne04/Detection/VOC2007/Annotations/levle1_177.xml,data/processed/acne04_yolo/labels/train/levle1_177.txt,6,6,0.000000,1.000000,1.000000,0,0,0,,false,PASS,
levle1_178,train,data/raw/acne04/Classification/JPEGImages/levle1_178.jpg,data/raw/acne04/Detection/VOC2007/Annotations/levle1_178.xml,data/processed/acne04_yolo/labels/train/levle1_178.txt,7,7,0.000000,1.000000,1.000000,0,0,0,,false,PASS,
levle1_179,train,data/raw/acne04/Classification/JPEGImages/levle1_179.jpg,data/raw/acne04/Detection/VOC2007/Annotations/levle1_179.xml,data/processed/acne04_yolo/labels/train/levle1_179.txt,11,11,0.000000,1.000000,1.000000,0,0,0,,false,PASS,
levle1_18,train,data/raw/acne04/Classification/JPEGImages/levle1_18.jpg,data/raw/acne04/Detection/VOC2007/Annotations/levle1_18.xml,data/processed/acne04_yolo/labels/train/levle1_18.txt,12,12,0.000000,1.000000,1.000000,0,0,1,,false,NEEDS_REVIEW,contains_very_small_box
levle1_180,val,data/raw/acne04/Classification/JPEGImages/levle1_180.jpg,data/raw/acne04/Detection/VOC2007/Annotations/levle1_180.xml,data/processed/acne04_yolo/labels/val/levle1_180.txt,6,6,0.000000,1.000000,1.000000,0,0,0,,false,PASS,
levle1_181,train,data/raw/acne04/Classification/JPEGImages/levle1_181.jpg,data/raw/acne04/Detection/VOC2007/Annotations/levle1_181.xml,data/processed/acne04_yolo/labels/train/levle1_181.txt,1,1,0.000000,1.000000,1.000000,0,0,0,,false,PASS,
levle1_182,test,data/raw/acne04/Classification/JPEGImages/levle1_182.jpg,data/raw/acne04/Detection/VOC2007/Annotations/levle1_182.xml,data/processed/acne04_yolo/labels/test/levle1_182.txt,6,6,0.000000,1.000000,1.000000,0,0,0,,false,PASS,
levle1_183,train,data/raw/acne04/Classification/JPEGImages/levle1_183.jpg,data/raw/acne04/Detection/VOC2007/Annotations/levle1_183.xml,data/processed/acne04_yolo/labels/train/levle1_183.txt,6,6,0.000000,1.000000,1.000000,0,0,0,,false,PASS,
levle1_184,train,data/raw/acne04/Classification/JPEGImages/levle1_184.jpg,data/raw/acne04/Detection/VOC2007/Annotations/levle1_184.xml,data/processed/acne04_yolo/labels/train/levle1_184.txt,11,11,0.000000,1.000000,1.000000,0,0,0,,false,PASS,
levle1_185,train,data/raw/acne04/Classification/JPEGImages/levle1_185.jpg,data/raw/acne04/Detection/VOC2007/Annotations/levle1_185.xml,data/processed/acne04_yolo/labels/train/levle1_185.txt,8,8,0.000000,1.000000,1.000000,0,0,0,,false,PASS,
levle1_186,test,data/raw/acne04/Classification/JPEGImages/levle1_186.jpg,data/raw/acne04/Detection/VOC2007/Annotations/levle1_186.xml,data/processed/acne04_yolo/labels/test/levle1_186.txt,13,13,0.000000,1.000000,1.000000,0,0,0,,false,PASS,
levle1_187,train,data/raw/acne04/Classification/JPEGImages/levle1_187.jpg,data/raw/acne04/Detection/VOC2007/Annotations/levle1_187.xml,data/processed/acne04_yolo/labels/train/levle1_187.txt,9,9,0.000000,1.000000,1.000000,0,0,0,,false,PASS,
levle1_188,train,data/raw/acne04/Classification/JPEGImages/levle1_188.jpg,data/raw/acne04/Detection/VOC2007/Annotations/levle1_188.xml,data/processed/acne04_yolo/labels/train/levle1_188.txt,10,10,0.000000,1.000000,1.000000,0,0,0,,false,PASS,
levle1_189,train,data/raw/acne04/Classification/JPEGImages/levle1_189.jpg,data/raw/acne04/Detection/VOC2007/Annotations/levle1_189.xml,data/processed/acne04_yolo/labels/train/levle1_189.txt,6,6,0.000000,1.000000,1.000000,0,0,0,,false,PASS,
levle1_19,train,data/raw/acne04/Classification/JPEGImages/levle1_19.jpg,data/raw/acne04/Detection/VOC2007/Annotations/levle1_19.xml,data/processed/acne04_yolo/labels/train/levle1_19.txt,8,8,0.000000,1.000000,1.000000,0,0,3,,false,NEEDS_REVIEW,contains_very_small_box
levle1_190,train,data/raw/acne04/Classification/JPEGImages/levle1_190.jpg,data/raw/acne04/Detection/VOC2007/Annotations/levle1_190.xml,data/processed/acne04_yolo/labels/train/levle1_190.txt,7,7,0.000000,1.000000,1.000000,0,0,0,,false,PASS,
levle1_191,train,data/raw/acne04/Classification/JPEGImages/levle1_191.jpg,data/raw/acne04/Detection/VOC2007/Annotations/levle1_191.xml,data/processed/acne04_yolo/labels/train/levle1_191.txt,7,7,0.000000,1.000000,1.000000,0,0,0,,false,PASS,
levle1_192,train,data/raw/acne04/Classification/JPEGImages/levle1_192.jpg,data/raw/acne04/Detection/VOC2007/Annotations/levle1_192.xml,data/processed/acne04_yolo/labels/train/levle1_192.txt,8,8,0.000000,1.000000,1.000000,0,0,0,,false,PASS,
levle1_193,test,data/raw/acne04/Classification/JPEGImages/levle1_193.jpg,data/raw/acne04/Detection/VOC2007/Annotations/levle1_193.xml,data/processed/acne04_yolo/labels/test/levle1_193.txt,7,7,0.000000,1.000000,1.000000,0,0,0,,false,PASS,
levle1_194,train,data/raw/acne04/Classification/JPEGImages/levle1_194.jpg,data/raw/acne04/Detection/VOC2007/Annotations/levle1_194.xml,data/processed/acne04_yolo/labels/train/levle1_194.txt,10,10,0.000000,1.000000,1.000000,0,0,0,,false,PASS,
levle1_195,train,data/raw/acne04/Classification/JPEGImages/levle1_195.jpg,data/raw/acne04/Detection/VOC2007/Annotations/levle1_195.xml,data/processed/acne04_yolo/labels/train/levle1_195.txt,8,8,0.000000,1.000000,1.000000,0,0,0,,false,PASS,
levle1_196,train,data/raw/acne04/Classification/JPEGImages/levle1_196.jpg,data/raw/acne04/Detection/VOC2007/Annotations/levle1_196.xml,data/processed/acne04_yolo/labels/train/levle1_196.txt,7,7,0.000000,1.000000,1.000000,0,0,0,,false,PASS,
levle1_197,val,data/raw/acne04/Classification/JPEGImages/levle1_197.jpg,data/raw/acne04/Detection/VOC2007/Annotations/levle1_197.xml,data/processed/acne04_yolo/labels/val/levle1_197.txt,7,7,0.000000,1.000000,1.000000,0,0,0,,false,PASS,
levle1_198,val,data/raw/acne04/Classification/JPEGImages/levle1_198.jpg,data/raw/acne04/Detection/VOC2007/Annotations/levle1_198.xml,data/processed/acne04_yolo/labels/val/levle1_198.txt,1,1,0.000000,1.000000,1.000000,0,0,0,,false,PASS,
levle1_199,train,data/raw/acne04/Classification/JPEGImages/levle1_199.jpg,data/raw/acne04/Detection/VOC2007/Annotations/levle1_199.xml,data/processed/acne04_yolo/labels/train/levle1_199.txt,6,6,0.000000,1.000000,1.000000,0,0,0,,false,PASS,
levle1_2,train,data/raw/acne04/Classification/JPEGImages/levle1_2.jpg,data/raw/acne04/Detection/VOC2007/Annotations/levle1_2.xml,data/processed/acne04_yolo/labels/train/levle1_2.txt,13,13,0.000000,1.000000,1.000000,0,0,0,,false,PASS,
levle1_20,train,data/raw/acne04/Classification/JPEGImages/levle1_20.jpg,data/raw/acne04/Detection/VOC2007/Annotations/levle1_20.xml,data/processed/acne04_yolo/labels/train/levle1_20.txt,8,8,0.000000,1.000000,1.000000,0,0,0,3fcb0f1627c6ad98df131b8f9c7ae10e9ba5d0e9599cf525ec54ce072ebcbfe5,false,NEEDS_REVIEW,duplicate_group_annotation_counts_differ
levle1_200,train,data/raw/acne04/Classification/JPEGImages/levle1_200.jpg,data/raw/acne04/Detection/VOC2007/Annotations/levle1_200.xml,data/processed/acne04_yolo/labels/train/levle1_200.txt,7,7,0.000000,1.000000,1.000000,0,0,0,,false,PASS,
levle1_201,train,data/raw/acne04/Classification/JPEGImages/levle1_201.jpg,data/raw/acne04/Detection/VOC2007/Annotations/levle1_201.xml,data/processed/acne04_yolo/labels/train/levle1_201.txt,8,8,0.000000,1.000000,1.000000,0,0,0,,false,PASS,
levle1_202,train,data/raw/acne04/Classification/JPEGImages/levle1_202.jpg,data/raw/acne04/Detection/VOC2007/Annotations/levle1_202.xml,data/processed/acne04_yolo/labels/train/levle1_202.txt,6,6,0.000000,1.000000,1.000000,0,0,0,,false,PASS,
levle1_203,val,data/raw/acne04/Classification/JPEGImages/levle1_203.jpg,data/raw/acne04/Detection/VOC2007/Annotations/levle1_203.xml,data/processed/acne04_yolo/labels/val/levle1_203.txt,8,8,0.000000,1.000000,1.000000,0,0,0,,false,PASS,
levle1_204,val,data/raw/acne04/Classification/JPEGImages/levle1_204.jpg,data/raw/acne04/Detection/VOC2007/Annotations/levle1_204.xml,data/processed/acne04_yolo/labels/val/levle1_204.txt,6,6,0.000000,1.000000,1.000000,0,0,0,,false,PASS,
levle1_205,train,data/raw/acne04/Classification/JPEGImages/levle1_205.jpg,data/raw/acne04/Detection/VOC2007/Annotations/levle1_205.xml,data/processed/acne04_yolo/labels/train/levle1_205.txt,7,7,0.000000,1.000000,1.000000,0,0,0,,false,PASS,
levle1_206,test,data/raw/acne04/Classification/JPEGImages/levle1_206.jpg,data/raw/acne04/Detection/VOC2007/Annotations/levle1_206.xml,data/processed/acne04_yolo/labels/test/levle1_206.txt,6,6,0.000000,1.000000,1.000000,0,0,0,e495c0ba4c919bc4392bba4fafe3036fa8df7b9fb54a6ffb54f04b05cc4f1d73,false,PASS,
levle1_207,train,data/raw/acne04/Classification/JPEGImages/levle1_207.jpg,data/raw/acne04/Detection/VOC2007/Annotations/levle1_207.xml,data/processed/acne04_yolo/labels/train/levle1_207.txt,9,9,0.000000,1.000000,1.000000,0,0,0,,false,PASS,
levle1_208,train,data/raw/acne04/Classification/JPEGImages/levle1_208.jpg,data/raw/acne04/Detection/VOC2007/Annotations/levle1_208.xml,data/processed/acne04_yolo/labels/train/levle1_208.txt,6,6,0.000000,1.000000,1.000000,0,0,0,,false,PASS,
levle1_209,train,data/raw/acne04/Classification/JPEGImages/levle1_209.jpg,data/raw/acne04/Detection/VOC2007/Annotations/levle1_209.xml,data/processed/acne04_yolo/labels/train/levle1_209.txt,6,6,0.000000,1.000000,1.000000,0,0,0,6dab728e8bfca66d940a03e8f880b31598ca6b0fa8d16bca7b766a03953e0fa4,false,NEEDS_REVIEW,duplicate_group_annotation_counts_differ
levle1_21,val,data/raw/acne04/Classification/JPEGImages/levle1_21.jpg,data/raw/acne04/Detection/VOC2007/Annotations/levle1_21.xml,data/processed/acne04_yolo/labels/val/levle1_21.txt,9,9,0.000000,1.000000,1.000000,0,0,0,,false,PASS,
levle1_210,train,data/raw/acne04/Classification/JPEGImages/levle1_210.jpg,data/raw/acne04/Detection/VOC2007/Annotations/levle1_210.xml,data/processed/acne04_yolo/labels/train/levle1_210.txt,10,10,0.000000,1.000000,1.000000,0,0,0,,false,PASS,
levle1_211,test,data/raw/acne04/Classification/JPEGImages/levle1_211.jpg,data/raw/acne04/Detection/VOC2007/Annotations/levle1_211.xml,data/processed/acne04_yolo/labels/test/levle1_211.txt,6,6,0.000000,1.000000,1.000000,0,0,0,,false,PASS,
levle1_212,train,data/raw/acne04/Classification/JPEGImages/levle1_212.jpg,data/raw/acne04/Detection/VOC2007/Annotations/levle1_212.xml,data/processed/acne04_yolo/labels/train/levle1_212.txt,10,10,0.000000,1.000000,1.000000,0,0,0,,false,PASS,
levle1_213,test,data/raw/acne04/Classification/JPEGImages/levle1_213.jpg,data/raw/acne04/Detection/VOC2007/Annotations/levle1_213.xml,data/processed/acne04_yolo/labels/test/levle1_213.txt,8,8,0.000000,1.000000,1.000000,0,0,0,,false,PASS,
levle1_214,train,data/raw/acne04/Classification/JPEGImages/levle1_214.jpg,data/raw/acne04/Detection/VOC2007/Annotations/levle1_214.xml,data/processed/acne04_yolo/labels/train/levle1_214.txt,9,9,0.000000,1.000000,1.000000,0,0,0,,false,PASS,
levle1_215,val,data/raw/acne04/Classification/JPEGImages/levle1_215.jpg,data/raw/acne04/Detection/VOC2007/Annotations/levle1_215.xml,data/processed/acne04_yolo/labels/val/levle1_215.txt,10,10,0.000000,1.000000,1.000000,0,0,0,,false,PASS,
levle1_216,train,data/raw/acne04/Classification/JPEGImages/levle1_216.jpg,data/raw/acne04/Detection/VOC2007/Annotations/levle1_216.xml,data/processed/acne04_yolo/labels/train/levle1_216.txt,8,8,0.000000,1.000000,1.000000,0,0,0,,false,PASS,
levle1_217,train,data/raw/acne04/Classification/JPEGImages/levle1_217.jpg,data/raw/acne04/Detection/VOC2007/Annotations/levle1_217.xml,data/processed/acne04_yolo/labels/train/levle1_217.txt,13,13,0.000000,1.000000,1.000000,0,0,0,,false,PASS,
levle1_218,train,data/raw/acne04/Classification/JPEGImages/levle1_218.jpg,data/raw/acne04/Detection/VOC2007/Annotations/levle1_218.xml,data/processed/acne04_yolo/labels/train/levle1_218.txt,8,8,0.000000,1.000000,1.000000,0,0,0,,false,PASS,
levle1_219,train,data/raw/acne04/Classification/JPEGImages/levle1_219.jpg,data/raw/acne04/Detection/VOC2007/Annotations/levle1_219.xml,data/processed/acne04_yolo/labels/train/levle1_219.txt,7,7,0.000000,1.000000,1.000000,0,0,0,,false,PASS,
levle1_22,train,data/raw/acne04/Classification/JPEGImages/levle1_22.jpg,data/raw/acne04/Detection/VOC2007/Annotations/levle1_22.xml,data/processed/acne04_yolo/labels/train/levle1_22.txt,7,7,0.000000,1.000000,1.000000,0,0,0,e6f1ca9fee7ba325b431b4d8b9479f5ffe08614b6e9ddefa7e11d3f0401aa1f7,false,NEEDS_REVIEW,duplicate_group_annotation_counts_differ
levle1_220,test,data/raw/acne04/Classification/JPEGImages/levle1_220.jpg,data/raw/acne04/Detection/VOC2007/Annotations/levle1_220.xml,data/processed/acne04_yolo/labels/test/levle1_220.txt,9,9,0.000000,1.000000,1.000000,0,0,0,,false,PASS,
levle1_221,test,data/raw/acne04/Classification/JPEGImages/levle1_221.jpg,data/raw/acne04/Detection/VOC2007/Annotations/levle1_221.xml,data/processed/acne04_yolo/labels/test/levle1_221.txt,12,12,0.000000,1.000000,1.000000,0,0,0,,false,PASS,
levle1_222,train,data/raw/acne04/Classification/JPEGImages/levle1_222.jpg,data/raw/acne04/Detection/VOC2007/Annotations/levle1_222.xml,data/processed/acne04_yolo/labels/train/levle1_222.txt,8,8,0.000000,1.000000,1.000000,0,0,0,,false,PASS,
levle1_223,train,data/raw/acne04/Classification/JPEGImages/levle1_223.jpg,data/raw/acne04/Detection/VOC2007/Annotations/levle1_223.xml,data/processed/acne04_yolo/labels/train/levle1_223.txt,9,9,0.000000,1.000000,1.000000,0,0,0,,false,PASS,
levle1_224,test,data/raw/acne04/Classification/JPEGImages/levle1_224.jpg,data/raw/acne04/Detection/VOC2007/Annotations/levle1_224.xml,data/processed/acne04_yolo/labels/test/levle1_224.txt,7,7,0.000000,1.000000,1.000000,0,0,0,,false,PASS,
levle1_225,train,data/raw/acne04/Classification/JPEGImages/levle1_225.jpg,data/raw/acne04/Detection/VOC2007/Annotations/levle1_225.xml,data/processed/acne04_yolo/labels/train/levle1_225.txt,8,8,0.000000,1.000000,1.000000,0,0,0,,false,PASS,
levle1_226,val,data/raw/acne04/Classification/JPEGImages/levle1_226.jpg,data/raw/acne04/Detection/VOC2007/Annotations/levle1_226.xml,data/processed/acne04_yolo/labels/val/levle1_226.txt,8,8,0.000000,1.000000,1.000000,0,0,0,,false,PASS,
levle1_227,train,data/raw/acne04/Classification/JPEGImages/levle1_227.jpg,data/raw/acne04/Detection/VOC2007/Annotations/levle1_227.xml,data/processed/acne04_yolo/labels/train/levle1_227.txt,7,7,0.000000,1.000000,1.000000,0,0,0,,false,PASS,
levle1_228,train,data/raw/acne04/Classification/JPEGImages/levle1_228.jpg,data/raw/acne04/Detection/VOC2007/Annotations/levle1_228.xml,data/processed/acne04_yolo/labels/train/levle1_228.txt,8,8,0.000000,1.000000,1.000000,0,0,0,,false,PASS,
levle1_229,train,data/raw/acne04/Classification/JPEGImages/levle1_229.jpg,data/raw/acne04/Detection/VOC2007/Annotations/levle1_229.xml,data/processed/acne04_yolo/labels/train/levle1_229.txt,7,7,0.000000,1.000000,1.000000,0,0,0,,false,PASS,
levle1_23,test,data/raw/acne04/Classification/JPEGImages/levle1_23.jpg,data/raw/acne04/Detection/VOC2007/Annotations/levle1_23.xml,data/processed/acne04_yolo/labels/test/levle1_23.txt,9,9,0.000000,1.000000,1.000000,0,0,0,188f8fbae3b30080927c37f44890906e211578ec177ea2a3b021a166b252b09a,false,NEEDS_REVIEW,duplicate_group_annotation_counts_differ
levle1_230,train,data/raw/acne04/Classification/JPEGImages/levle1_230.jpg,data/raw/acne04/Detection/VOC2007/Annotations/levle1_230.xml,data/processed/acne04_yolo/labels/train/levle1_230.txt,9,9,0.000000,1.000000,1.000000,0,0,0,,false,PASS,
levle1_231,train,data/raw/acne04/Classification/JPEGImages/levle1_231.jpg,data/raw/acne04/Detection/VOC2007/Annotations/levle1_231.xml,data/processed/acne04_yolo/labels/train/levle1_231.txt,6,6,0.000000,1.000000,1.000000,0,0,0,,false,PASS,
levle1_232,val,data/raw/acne04/Classification/JPEGImages/levle1_232.jpg,data/raw/acne04/Detection/VOC2007/Annotations/levle1_232.xml,data/processed/acne04_yolo/labels/val/levle1_232.txt,7,7,0.000000,1.000000,1.000000,0,0,0,,false,PASS,
levle1_233,train,data/raw/acne04/Classification/JPEGImages/levle1_233.jpg,data/raw/acne04/Detection/VOC2007/Annotations/levle1_233.xml,data/processed/acne04_yolo/labels/train/levle1_233.txt,6,6,0.000000,1.000000,1.000000,0,0,0,,false,PASS,
levle1_234,train,data/raw/acne04/Classification/JPEGImages/levle1_234.jpg,data/raw/acne04/Detection/VOC2007/Annotations/levle1_234.xml,data/processed/acne04_yolo/labels/train/levle1_234.txt,6,6,0.000000,1.000000,1.000000,0,0,0,,false,PASS,
levle1_235,train,data/raw/acne04/Classification/JPEGImages/levle1_235.jpg,data/raw/acne04/Detection/VOC2007/Annotations/levle1_235.xml,data/processed/acne04_yolo/labels/train/levle1_235.txt,6,6,0.000000,1.000000,1.000000,0,0,0,,false,PASS,
levle1_236,train,data/raw/acne04/Classification/JPEGImages/levle1_236.jpg,data/raw/acne04/Detection/VOC2007/Annotations/levle1_236.xml,data/processed/acne04_yolo/labels/train/levle1_236.txt,7,7,0.000000,1.000000,1.000000,0,0,0,,false,PASS,
levle1_237,train,data/raw/acne04/Classification/JPEGImages/levle1_237.jpg,data/raw/acne04/Detection/VOC2007/Annotations/levle1_237.xml,data/processed/acne04_yolo/labels/train/levle1_237.txt,7,7,0.000000,1.000000,1.000000,0,0,0,,false,PASS,
levle1_238,val,data/raw/acne04/Classification/JPEGImages/levle1_238.jpg,data/raw/acne04/Detection/VOC2007/Annotations/levle1_238.xml,data/processed/acne04_yolo/labels/val/levle1_238.txt,6,6,0.000000,1.000000,1.000000,0,0,0,,false,PASS,
levle1_239,test,data/raw/acne04/Classification/JPEGImages/levle1_239.jpg,data/raw/acne04/Detection/VOC2007/Annotations/levle1_239.xml,data/processed/acne04_yolo/labels/test/levle1_239.txt,8,8,0.000000,1.000000,1.000000,0,0,0,,false,PASS,
levle1_24,train,data/raw/acne04/Classification/JPEGImages/levle1_24.jpg,data/raw/acne04/Detection/VOC2007/Annotations/levle1_24.xml,data/processed/acne04_yolo/labels/train/levle1_24.txt,11,11,0.000000,1.000000,1.000000,0,0,0,,false,PASS,
levle1_240,train,data/raw/acne04/Classification/JPEGImages/levle1_240.jpg,data/raw/acne04/Detection/VOC2007/Annotations/levle1_240.xml,data/processed/acne04_yolo/labels/train/levle1_240.txt,8,8,0.000000,1.000000,1.000000,0,0,0,,false,PASS,
levle1_241,train,data/raw/acne04/Classification/JPEGImages/levle1_241.jpg,data/raw/acne04/Detection/VOC2007/Annotations/levle1_241.xml,data/processed/acne04_yolo/labels/train/levle1_241.txt,8,8,0.000000,1.000000,1.000000,0,0,0,,false,PASS,
levle1_242,train,data/raw/acne04/Classification/JPEGImages/levle1_242.jpg,data/raw/acne04/Detection/VOC2007/Annotations/levle1_242.xml,data/processed/acne04_yolo/labels/train/levle1_242.txt,7,7,0.000000,1.000000,1.000000,0,0,0,,false,PASS,
levle1_243,test,data/raw/acne04/Classification/JPEGImages/levle1_243.jpg,data/raw/acne04/Detection/VOC2007/Annotations/levle1_243.xml,data/processed/acne04_yolo/labels/test/levle1_243.txt,11,11,0.000000,1.000000,1.000000,0,0,0,,false,PASS,
levle1_244,test,data/raw/acne04/Classification/JPEGImages/levle1_244.jpg,data/raw/acne04/Detection/VOC2007/Annotations/levle1_244.xml,data/processed/acne04_yolo/labels/test/levle1_244.txt,7,7,0.000000,1.000000,1.000000,0,0,0,,false,PASS,
levle1_245,val,data/raw/acne04/Classification/JPEGImages/levle1_245.jpg,data/raw/acne04/Detection/VOC2007/Annotations/levle1_245.xml,data/processed/acne04_yolo/labels/val/levle1_245.txt,11,11,0.000000,1.000000,1.000000,0,0,0,,false,PASS,
levle1_246,train,data/raw/acne04/Classification/JPEGImages/levle1_246.jpg,data/raw/acne04/Detection/VOC2007/Annotations/levle1_246.xml,data/processed/acne04_yolo/labels/train/levle1_246.txt,13,13,0.000000,1.000000,1.000000,0,0,0,,false,PASS,
levle1_247,train,data/raw/acne04/Classification/JPEGImages/levle1_247.jpg,data/raw/acne04/Detection/VOC2007/Annotations/levle1_247.xml,data/processed/acne04_yolo/labels/train/levle1_247.txt,11,11,0.000000,1.000000,1.000000,0,0,0,,false,PASS,
levle1_248,train,data/raw/acne04/Classification/JPEGImages/levle1_248.jpg,data/raw/acne04/Detection/VOC2007/Annotations/levle1_248.xml,data/processed/acne04_yolo/labels/train/levle1_248.txt,8,8,0.000000,1.000000,1.000000,0,0,0,,false,PASS,
levle1_249,train,data/raw/acne04/Classification/JPEGImages/levle1_249.jpg,data/raw/acne04/Detection/VOC2007/Annotations/levle1_249.xml,data/processed/acne04_yolo/labels/train/levle1_249.txt,7,7,0.000000,1.000000,1.000000,0,0,0,,false,PASS,
levle1_25,val,data/raw/acne04/Classification/JPEGImages/levle1_25.jpg,data/raw/acne04/Detection/VOC2007/Annotations/levle1_25.xml,data/processed/acne04_yolo/labels/val/levle1_25.txt,12,12,0.000000,1.000000,1.000000,0,0,9,,false,NEEDS_REVIEW,contains_very_small_box
levle1_250,train,data/raw/acne04/Classification/JPEGImages/levle1_250.jpg,data/raw/acne04/Detection/VOC2007/Annotations/levle1_250.xml,data/processed/acne04_yolo/labels/train/levle1_250.txt,7,7,0.000000,1.000000,1.000000,0,0,0,,false,PASS,
levle1_251,test,data/raw/acne04/Classification/JPEGImages/levle1_251.jpg,data/raw/acne04/Detection/VOC2007/Annotations/levle1_251.xml,data/processed/acne04_yolo/labels/test/levle1_251.txt,6,6,0.000000,1.000000,1.000000,0,0,0,,false,PASS,
levle1_252,val,data/raw/acne04/Classification/JPEGImages/levle1_252.jpg,data/raw/acne04/Detection/VOC2007/Annotations/levle1_252.xml,data/processed/acne04_yolo/labels/val/levle1_252.txt,7,7,0.000000,1.000000,1.000000,0,0,0,,false,PASS,
levle1_253,train,data/raw/acne04/Classification/JPEGImages/levle1_253.jpg,data/raw/acne04/Detection/VOC2007/Annotations/levle1_253.xml,data/processed/acne04_yolo/labels/train/levle1_253.txt,6,6,0.000000,1.000000,1.000000,0,0,0,,false,PASS,
levle1_254,train,data/raw/acne04/Classification/JPEGImages/levle1_254.jpg,data/raw/acne04/Detection/VOC2007/Annotations/levle1_254.xml,data/processed/acne04_yolo/labels/train/levle1_254.txt,7,7,0.000000,1.000000,1.000000,0,0,0,,false,PASS,
levle1_255,train,data/raw/acne04/Classification/JPEGImages/levle1_255.jpg,data/raw/acne04/Detection/VOC2007/Annotations/levle1_255.xml,data/processed/acne04_yolo/labels/train/levle1_255.txt,6,6,0.000000,1.000000,1.000000,0,0,4,,false,NEEDS_REVIEW,contains_very_small_box
levle1_256,val,data/raw/acne04/Classification/JPEGImages/levle1_256.jpg,data/raw/acne04/Detection/VOC2007/Annotations/levle1_256.xml,data/processed/acne04_yolo/labels/val/levle1_256.txt,6,6,0.000000,1.000000,1.000000,0,0,4,,false,NEEDS_REVIEW,contains_very_small_box
levle1_257,train,data/raw/acne04/Classification/JPEGImages/levle1_257.jpg,data/raw/acne04/Detection/VOC2007/Annotations/levle1_257.xml,data/processed/acne04_yolo/labels/train/levle1_257.txt,10,10,0.000000,1.000000,1.000000,0,0,0,,false,PASS,
levle1_258,train,data/raw/acne04/Classification/JPEGImages/levle1_258.jpg,data/raw/acne04/Detection/VOC2007/Annotations/levle1_258.xml,data/processed/acne04_yolo/labels/train/levle1_258.txt,8,8,0.000000,1.000000,1.000000,0,0,0,,false,PASS,
levle1_259,train,data/raw/acne04/Classification/JPEGImages/levle1_259.jpg,data/raw/acne04/Detection/VOC2007/Annotations/levle1_259.xml,data/processed/acne04_yolo/labels/train/levle1_259.txt,7,7,0.000000,1.000000,1.000000,0,0,0,,false,PASS,
levle1_26,train,data/raw/acne04/Classification/JPEGImages/levle1_26.jpg,data/raw/acne04/Detection/VOC2007/Annotations/levle1_26.xml,data/processed/acne04_yolo/labels/train/levle1_26.txt,6,6,0.000000,1.000000,1.000000,0,0,0,,false,PASS,
levle1_260,val,data/raw/acne04/Classification/JPEGImages/levle1_260.jpg,data/raw/acne04/Detection/VOC2007/Annotations/levle1_260.xml,data/processed/acne04_yolo/labels/val/levle1_260.txt,8,8,0.000000,1.000000,1.000000,0,0,0,,false,PASS,
levle1_261,train,data/raw/acne04/Classification/JPEGImages/levle1_261.jpg,data/raw/acne04/Detection/VOC2007/Annotations/levle1_261.xml,data/processed/acne04_yolo/labels/train/levle1_261.txt,8,8,0.000000,1.000000,1.000000,0,0,0,,false,PASS,
levle1_262,train,data/raw/acne04/Classification/JPEGImages/levle1_262.jpg,data/raw/acne04/Detection/VOC2007/Annotations/levle1_262.xml,data/processed/acne04_yolo/labels/train/levle1_262.txt,10,10,0.000000,1.000000,1.000000,0,0,0,,false,PASS,
levle1_263,train,data/raw/acne04/Classification/JPEGImages/levle1_263.jpg,data/raw/acne04/Detection/VOC2007/Annotations/levle1_263.xml,data/processed/acne04_yolo/labels/train/levle1_263.txt,9,9,0.000000,1.000000,1.000000,0,0,0,,false,PASS,
levle1_264,test,data/raw/acne04/Classification/JPEGImages/levle1_264.jpg,data/raw/acne04/Detection/VOC2007/Annotations/levle1_264.xml,data/processed/acne04_yolo/labels/test/levle1_264.txt,8,8,0.000000,1.000000,1.000000,0,0,0,,false,PASS,
levle1_265,train,data/raw/acne04/Classification/JPEGImages/levle1_265.jpg,data/raw/acne04/Detection/VOC2007/Annotations/levle1_265.xml,data/processed/acne04_yolo/labels/train/levle1_265.txt,6,6,0.000000,1.000000,1.000000,0,0,0,,false,PASS,
levle1_266,train,data/raw/acne04/Classification/JPEGImages/levle1_266.jpg,data/raw/acne04/Detection/VOC2007/Annotations/levle1_266.xml,data/processed/acne04_yolo/labels/train/levle1_266.txt,6,6,0.000000,1.000000,1.000000,0,0,0,,false,PASS,
levle1_267,train,data/raw/acne04/Classification/JPEGImages/levle1_267.jpg,data/raw/acne04/Detection/VOC2007/Annotations/levle1_267.xml,data/processed/acne04_yolo/labels/train/levle1_267.txt,6,6,0.000000,1.000000,1.000000,0,0,0,,false,PASS,
levle1_268,train,data/raw/acne04/Classification/JPEGImages/levle1_268.jpg,data/raw/acne04/Detection/VOC2007/Annotations/levle1_268.xml,data/processed/acne04_yolo/labels/train/levle1_268.txt,8,8,0.000000,1.000000,1.000000,0,0,0,,false,PASS,
levle1_269,train,data/raw/acne04/Classification/JPEGImages/levle1_269.jpg,data/raw/acne04/Detection/VOC2007/Annotations/levle1_269.xml,data/processed/acne04_yolo/labels/train/levle1_269.txt,8,8,0.000000,1.000000,1.000000,0,0,0,,false,PASS,
levle1_27,train,data/raw/acne04/Classification/JPEGImages/levle1_27.jpg,data/raw/acne04/Detection/VOC2007/Annotations/levle1_27.xml,data/processed/acne04_yolo/labels/train/levle1_27.txt,7,7,0.000000,1.000000,1.000000,0,0,0,,false,PASS,
levle1_270,test,data/raw/acne04/Classification/JPEGImages/levle1_270.jpg,data/raw/acne04/Detection/VOC2007/Annotations/levle1_270.xml,data/processed/acne04_yolo/labels/test/levle1_270.txt,7,7,0.000000,1.000000,1.000000,0,0,0,,false,PASS,
levle1_271,train,data/raw/acne04/Classification/JPEGImages/levle1_271.jpg,data/raw/acne04/Detection/VOC2007/Annotations/levle1_271.xml,data/processed/acne04_yolo/labels/train/levle1_271.txt,8,8,0.000000,1.000000,1.000000,0,0,0,,false,PASS,
levle1_272,val,data/raw/acne04/Classification/JPEGImages/levle1_272.jpg,data/raw/acne04/Detection/VOC2007/Annotations/levle1_272.xml,data/processed/acne04_yolo/labels/val/levle1_272.txt,6,6,0.000000,1.000000,1.000000,0,0,0,,false,PASS,
levle1_273,test,data/raw/acne04/Classification/JPEGImages/levle1_273.jpg,data/raw/acne04/Detection/VOC2007/Annotations/levle1_273.xml,data/processed/acne04_yolo/labels/test/levle1_273.txt,6,6,0.000000,1.000000,1.000000,0,0,0,,false,PASS,
levle1_274,train,data/raw/acne04/Classification/JPEGImages/levle1_274.jpg,data/raw/acne04/Detection/VOC2007/Annotations/levle1_274.xml,data/processed/acne04_yolo/labels/train/levle1_274.txt,7,7,0.000000,1.000000,1.000000,0,0,0,,false,PASS,
levle1_275,train,data/raw/acne04/Classification/JPEGImages/levle1_275.jpg,data/raw/acne04/Detection/VOC2007/Annotations/levle1_275.xml,data/processed/acne04_yolo/labels/train/levle1_275.txt,6,6,0.000000,1.000000,1.000000,0,0,0,,false,PASS,
levle1_276,train,data/raw/acne04/Classification/JPEGImages/levle1_276.jpg,data/raw/acne04/Detection/VOC2007/Annotations/levle1_276.xml,data/processed/acne04_yolo/labels/train/levle1_276.txt,6,6,0.000000,1.000000,1.000000,0,0,0,,false,PASS,
levle1_277,train,data/raw/acne04/Classification/JPEGImages/levle1_277.jpg,data/raw/acne04/Detection/VOC2007/Annotations/levle1_277.xml,data/processed/acne04_yolo/labels/train/levle1_277.txt,11,11,0.000000,1.000000,1.000000,0,0,0,,false,PASS,
levle1_278,train,data/raw/acne04/Classification/JPEGImages/levle1_278.jpg,data/raw/acne04/Detection/VOC2007/Annotations/levle1_278.xml,data/processed/acne04_yolo/labels/train/levle1_278.txt,4,4,0.000000,1.000000,1.000000,0,0,0,,false,PASS,
levle1_279,train,data/raw/acne04/Classification/JPEGImages/levle1_279.jpg,data/raw/acne04/Detection/VOC2007/Annotations/levle1_279.xml,data/processed/acne04_yolo/labels/train/levle1_279.txt,4,4,0.000000,1.000000,1.000000,0,0,0,,false,PASS,
levle1_28,test,data/raw/acne04/Classification/JPEGImages/levle1_28.jpg,data/raw/acne04/Detection/VOC2007/Annotations/levle1_28.xml,data/processed/acne04_yolo/labels/test/levle1_28.txt,19,19,0.000000,1.000000,1.000000,0,0,0,,false,PASS,
levle1_280,train,data/raw/acne04/Classification/JPEGImages/levle1_280.jpg,data/raw/acne04/Detection/VOC2007/Annotations/levle1_280.xml,data/processed/acne04_yolo/labels/train/levle1_280.txt,8,8,0.000000,1.000000,1.000000,0,0,0,,false,PASS,
levle1_281,val,data/raw/acne04/Classification/JPEGImages/levle1_281.jpg,data/raw/acne04/Detection/VOC2007/Annotations/levle1_281.xml,data/processed/acne04_yolo/labels/val/levle1_281.txt,9,9,0.000000,1.000000,1.000000,0,0,0,56f232f4433dd59a75104e2370b6d2367444046a071b10cee66b1da17bf7862e,false,NEEDS_REVIEW,duplicate_group_annotation_counts_differ
levle1_282,train,data/raw/acne04/Classification/JPEGImages/levle1_282.jpg,data/raw/acne04/Detection/VOC2007/Annotations/levle1_282.xml,data/processed/acne04_yolo/labels/train/levle1_282.txt,6,6,0.000000,1.000000,1.000000,0,0,0,,false,PASS,
levle1_283,train,data/raw/acne04/Classification/JPEGImages/levle1_283.jpg,data/raw/acne04/Detection/VOC2007/Annotations/levle1_283.xml,data/processed/acne04_yolo/labels/train/levle1_283.txt,11,11,0.000000,1.000000,1.000000,0,0,0,8e219a67bbef8530223502453b2c1924b89b56e8ca09e6b84120a84354bb8615,false,NEEDS_REVIEW,duplicate_group_annotation_counts_differ
levle1_284,train,data/raw/acne04/Classification/JPEGImages/levle1_284.jpg,data/raw/acne04/Detection/VOC2007/Annotations/levle1_284.xml,data/processed/acne04_yolo/labels/train/levle1_284.txt,6,6,0.000000,1.000000,1.000000,0,0,0,,false,PASS,
levle1_285,test,data/raw/acne04/Classification/JPEGImages/levle1_285.jpg,data/raw/acne04/Detection/VOC2007/Annotations/levle1_285.xml,data/processed/acne04_yolo/labels/test/levle1_285.txt,9,9,0.000000,1.000000,1.000000,0,0,0,a358d7cd91a81d928c821574c00a6ccbe747a2edcad4661c7970284a9d6d5ba9,false,PASS,
levle1_286,train,data/raw/acne04/Classification/JPEGImages/levle1_286.jpg,data/raw/acne04/Detection/VOC2007/Annotations/levle1_286.xml,data/processed/acne04_yolo/labels/train/levle1_286.txt,7,7,0.000000,1.000000,1.000000,0,0,0,9d1adbdaf1926dc91901a53e69f56be19045ea7f3f36f557244a7f0367f833d9,false,NEEDS_REVIEW,duplicate_group_annotation_counts_differ
levle1_287,train,data/raw/acne04/Classification/JPEGImages/levle1_287.jpg,data/raw/acne04/Detection/VOC2007/Annotations/levle1_287.xml,data/processed/acne04_yolo/labels/train/levle1_287.txt,9,9,0.000000,1.000000,1.000000,0,0,0,,false,PASS,
levle1_288,train,data/raw/acne04/Classification/JPEGImages/levle1_288.jpg,data/raw/acne04/Detection/VOC2007/Annotations/levle1_288.xml,data/processed/acne04_yolo/labels/train/levle1_288.txt,11,11,0.000000,1.000000,1.000000,0,0,0,c0a65e9715c24491a9cf3bbadbf88e06ebe4e5040ebaffdf9d70f997995c7933,false,NEEDS_REVIEW,duplicate_group_annotation_counts_differ
levle1_289,train,data/raw/acne04/Classification/JPEGImages/levle1_289.jpg,data/raw/acne04/Detection/VOC2007/Annotations/levle1_289.xml,data/processed/acne04_yolo/labels/train/levle1_289.txt,10,10,0.000000,1.000000,1.000000,0,0,0,d6e18cb937238b07c43af479b2452d79e1d32c4925b98b726f5e14721d848edc,false,PASS,
levle1_29,val,data/raw/acne04/Classification/JPEGImages/levle1_29.jpg,data/raw/acne04/Detection/VOC2007/Annotations/levle1_29.xml,data/processed/acne04_yolo/labels/val/levle1_29.txt,19,19,0.000000,1.000000,1.000000,0,0,0,,false,PASS,
levle1_290,val,data/raw/acne04/Classification/JPEGImages/levle1_290.jpg,data/raw/acne04/Detection/VOC2007/Annotations/levle1_290.xml,data/processed/acne04_yolo/labels/val/levle1_290.txt,6,6,0.000000,1.000000,1.000000,0,0,0,,false,PASS,
levle1_291,train,data/raw/acne04/Classification/JPEGImages/levle1_291.jpg,data/raw/acne04/Detection/VOC2007/Annotations/levle1_291.xml,data/processed/acne04_yolo/labels/train/levle1_291.txt,9,9,0.000000,1.000000,1.000000,0,0,0,a83e345a1b8432e7a4b192ecd8df57d898430f57f7b03aad8c115d719a362bef,false,NEEDS_REVIEW,duplicate_group_annotation_counts_differ
levle1_292,train,data/raw/acne04/Classification/JPEGImages/levle1_292.jpg,data/raw/acne04/Detection/VOC2007/Annotations/levle1_292.xml,data/processed/acne04_yolo/labels/train/levle1_292.txt,10,10,0.000000,1.000000,1.000000,0,0,0,85ea30ada51213b9e42f13611eb085c8a0be1b7e8d68861a2a73fa0cf7839ed6,false,NEEDS_REVIEW,duplicate_group_annotation_counts_differ
levle1_293,train,data/raw/acne04/Classification/JPEGImages/levle1_293.jpg,data/raw/acne04/Detection/VOC2007/Annotations/levle1_293.xml,data/processed/acne04_yolo/labels/train/levle1_293.txt,6,6,0.000000,1.000000,1.000000,0,0,0,,false,PASS,
levle1_294,val,data/raw/acne04/Classification/JPEGImages/levle1_294.jpg,data/raw/acne04/Detection/VOC2007/Annotations/levle1_294.xml,data/processed/acne04_yolo/labels/val/levle1_294.txt,8,8,0.000000,1.000000,1.000000,0,0,0,,false,PASS,
levle1_295,val,data/raw/acne04/Classification/JPEGImages/levle1_295.jpg,data/raw/acne04/Detection/VOC2007/Annotations/levle1_295.xml,data/processed/acne04_yolo/labels/val/levle1_295.txt,9,9,0.000000,1.000000,1.000000,0,0,0,,false,PASS,
levle1_296,val,data/raw/acne04/Classification/JPEGImages/levle1_296.jpg,data/raw/acne04/Detection/VOC2007/Annotations/levle1_296.xml,data/processed/acne04_yolo/labels/val/levle1_296.txt,7,7,0.000000,1.000000,1.000000,0,0,0,,false,PASS,
levle1_297,train,data/raw/acne04/Classification/JPEGImages/levle1_297.jpg,data/raw/acne04/Detection/VOC2007/Annotations/levle1_297.xml,data/processed/acne04_yolo/labels/train/levle1_297.txt,10,10,0.000000,1.000000,1.000000,0,0,0,,false,PASS,
levle1_298,train,data/raw/acne04/Classification/JPEGImages/levle1_298.jpg,data/raw/acne04/Detection/VOC2007/Annotations/levle1_298.xml,data/processed/acne04_yolo/labels/train/levle1_298.txt,7,7,0.000000,1.000000,1.000000,0,0,0,,false,PASS,
levle1_299,test,data/raw/acne04/Classification/JPEGImages/levle1_299.jpg,data/raw/acne04/Detection/VOC2007/Annotations/levle1_299.xml,data/processed/acne04_yolo/labels/test/levle1_299.txt,8,8,0.000000,1.000000,1.000000,0,0,0,,false,PASS,
levle1_3,train,data/raw/acne04/Classification/JPEGImages/levle1_3.jpg,data/raw/acne04/Detection/VOC2007/Annotations/levle1_3.xml,data/processed/acne04_yolo/labels/train/levle1_3.txt,13,13,0.000000,1.000000,1.000000,0,0,0,,false,PASS,
levle1_30,val,data/raw/acne04/Classification/JPEGImages/levle1_30.jpg,data/raw/acne04/Detection/VOC2007/Annotations/levle1_30.xml,data/processed/acne04_yolo/labels/val/levle1_30.txt,21,21,0.000000,1.000000,1.000000,0,0,0,,false,PASS,
levle1_300,test,data/raw/acne04/Classification/JPEGImages/levle1_300.jpg,data/raw/acne04/Detection/VOC2007/Annotations/levle1_300.xml,data/processed/acne04_yolo/labels/test/levle1_300.txt,6,6,0.000000,1.000000,1.000000,0,0,0,,false,PASS,
levle1_301,train,data/raw/acne04/Classification/JPEGImages/levle1_301.jpg,data/raw/acne04/Detection/VOC2007/Annotations/levle1_301.xml,data/processed/acne04_yolo/labels/train/levle1_301.txt,8,8,0.000000,1.000000,1.000000,0,0,0,,false,PASS,
levle1_302,train,data/raw/acne04/Classification/JPEGImages/levle1_302.jpg,data/raw/acne04/Detection/VOC2007/Annotations/levle1_302.xml,data/processed/acne04_yolo/labels/train/levle1_302.txt,9,9,0.000000,1.000000,1.000000,0,0,0,,false,PASS,
levle1_303,train,data/raw/acne04/Classification/JPEGImages/levle1_303.jpg,data/raw/acne04/Detection/VOC2007/Annotations/levle1_303.xml,data/processed/acne04_yolo/labels/train/levle1_303.txt,6,6,0.000000,1.000000,1.000000,0,0,0,,false,PASS,
levle1_304,train,data/raw/acne04/Classification/JPEGImages/levle1_304.jpg,data/raw/acne04/Detection/VOC2007/Annotations/levle1_304.xml,data/processed/acne04_yolo/labels/train/levle1_304.txt,6,6,0.000000,1.000000,1.000000,0,0,0,,false,PASS,
levle1_305,train,data/raw/acne04/Classification/JPEGImages/levle1_305.jpg,data/raw/acne04/Detection/VOC2007/Annotations/levle1_305.xml,data/processed/acne04_yolo/labels/train/levle1_305.txt,7,7,0.000000,1.000000,1.000000,0,0,0,,false,PASS,
levle1_306,train,data/raw/acne04/Classification/JPEGImages/levle1_306.jpg,data/raw/acne04/Detection/VOC2007/Annotations/levle1_306.xml,data/processed/acne04_yolo/labels/train/levle1_306.txt,7,7,0.000000,1.000000,1.000000,0,0,0,,false,PASS,
levle1_307,train,data/raw/acne04/Classification/JPEGImages/levle1_307.jpg,data/raw/acne04/Detection/VOC2007/Annotations/levle1_307.xml,data/processed/acne04_yolo/labels/train/levle1_307.txt,6,6,0.000000,1.000000,1.000000,0,0,0,,false,PASS,
levle1_308,train,data/raw/acne04/Classification/JPEGImages/levle1_308.jpg,data/raw/acne04/Detection/VOC2007/Annotations/levle1_308.xml,data/processed/acne04_yolo/labels/train/levle1_308.txt,6,6,0.000000,1.000000,1.000000,0,0,0,,false,PASS,
levle1_309,val,data/raw/acne04/Classification/JPEGImages/levle1_309.jpg,data/raw/acne04/Detection/VOC2007/Annotations/levle1_309.xml,data/processed/acne04_yolo/labels/val/levle1_309.txt,6,6,0.000000,1.000000,1.000000,0,0,0,,false,PASS,
levle1_31,test,data/raw/acne04/Classification/JPEGImages/levle1_31.jpg,data/raw/acne04/Detection/VOC2007/Annotations/levle1_31.xml,data/processed/acne04_yolo/labels/test/levle1_31.txt,22,22,0.000000,1.000000,1.000000,0,0,0,,false,PASS,
levle1_310,test,data/raw/acne04/Classification/JPEGImages/levle1_310.jpg,data/raw/acne04/Detection/VOC2007/Annotations/levle1_310.xml,data/processed/acne04_yolo/labels/test/levle1_310.txt,7,7,0.000000,1.000000,1.000000,0,0,0,,false,PASS,
levle1_311,train,data/raw/acne04/Classification/JPEGImages/levle1_311.jpg,data/raw/acne04/Detection/VOC2007/Annotations/levle1_311.xml,data/processed/acne04_yolo/labels/train/levle1_311.txt,12,12,0.000000,1.000000,1.000000,0,0,0,,false,PASS,
levle1_312,train,data/raw/acne04/Classification/JPEGImages/levle1_312.jpg,data/raw/acne04/Detection/VOC2007/Annotations/levle1_312.xml,data/processed/acne04_yolo/labels/train/levle1_312.txt,14,14,0.000000,1.000000,1.000000,0,0,0,,false,PASS,
levle1_313,train,data/raw/acne04/Classification/JPEGImages/levle1_313.jpg,data/raw/acne04/Detection/VOC2007/Annotations/levle1_313.xml,data/processed/acne04_yolo/labels/train/levle1_313.txt,11,11,0.000000,1.000000,1.000000,0,0,0,,false,PASS,
levle1_314,train,data/raw/acne04/Classification/JPEGImages/levle1_314.jpg,data/raw/acne04/Detection/VOC2007/Annotations/levle1_314.xml,data/processed/acne04_yolo/labels/train/levle1_314.txt,13,13,0.000000,1.000000,1.000000,0,0,0,,false,PASS,
levle1_315,test,data/raw/acne04/Classification/JPEGImages/levle1_315.jpg,data/raw/acne04/Detection/VOC2007/Annotations/levle1_315.xml,data/processed/acne04_yolo/labels/test/levle1_315.txt,9,9,0.000000,1.000000,1.000000,0,0,0,,false,PASS,
levle1_316,train,data/raw/acne04/Classification/JPEGImages/levle1_316.jpg,data/raw/acne04/Detection/VOC2007/Annotations/levle1_316.xml,data/processed/acne04_yolo/labels/train/levle1_316.txt,8,8,0.000000,1.000000,1.000000,0,0,0,,false,PASS,
levle1_317,train,data/raw/acne04/Classification/JPEGImages/levle1_317.jpg,data/raw/acne04/Detection/VOC2007/Annotations/levle1_317.xml,data/processed/acne04_yolo/labels/train/levle1_317.txt,9,9,0.000000,1.000000,1.000000,0,0,0,,false,PASS,
levle1_318,train,data/raw/acne04/Classification/JPEGImages/levle1_318.jpg,data/raw/acne04/Detection/VOC2007/Annotations/levle1_318.xml,data/processed/acne04_yolo/labels/train/levle1_318.txt,7,7,0.000000,1.000000,1.000000,0,0,0,,false,PASS,
levle1_319,test,data/raw/acne04/Classification/JPEGImages/levle1_319.jpg,data/raw/acne04/Detection/VOC2007/Annotations/levle1_319.xml,data/processed/acne04_yolo/labels/test/levle1_319.txt,6,6,0.000000,1.000000,1.000000,0,0,0,,false,PASS,
levle1_32,train,data/raw/acne04/Classification/JPEGImages/levle1_32.jpg,data/raw/acne04/Detection/VOC2007/Annotations/levle1_32.xml,data/processed/acne04_yolo/labels/train/levle1_32.txt,11,11,0.000000,1.000000,1.000000,0,0,0,,false,PASS,
levle1_320,train,data/raw/acne04/Classification/JPEGImages/levle1_320.jpg,data/raw/acne04/Detection/VOC2007/Annotations/levle1_320.xml,data/processed/acne04_yolo/labels/train/levle1_320.txt,8,8,0.000000,1.000000,1.000000,0,0,0,,false,PASS,
levle1_321,train,data/raw/acne04/Classification/JPEGImages/levle1_321.jpg,data/raw/acne04/Detection/VOC2007/Annotations/levle1_321.xml,data/processed/acne04_yolo/labels/train/levle1_321.txt,7,7,0.000000,1.000000,1.000000,0,0,0,,false,PASS,
levle1_322,val,data/raw/acne04/Classification/JPEGImages/levle1_322.jpg,data/raw/acne04/Detection/VOC2007/Annotations/levle1_322.xml,data/processed/acne04_yolo/labels/val/levle1_322.txt,7,7,0.000000,1.000000,1.000000,0,0,0,,false,PASS,
levle1_323,train,data/raw/acne04/Classification/JPEGImages/levle1_323.jpg,data/raw/acne04/Detection/VOC2007/Annotations/levle1_323.xml,data/processed/acne04_yolo/labels/train/levle1_323.txt,9,9,0.000000,1.000000,1.000000,0,0,0,,false,PASS,
levle1_324,train,data/raw/acne04/Classification/JPEGImages/levle1_324.jpg,data/raw/acne04/Detection/VOC2007/Annotations/levle1_324.xml,data/processed/acne04_yolo/labels/train/levle1_324.txt,7,7,0.000000,1.000000,1.000000,0,0,0,,false,PASS,
levle1_325,train,data/raw/acne04/Classification/JPEGImages/levle1_325.jpg,data/raw/acne04/Detection/VOC2007/Annotations/levle1_325.xml,data/processed/acne04_yolo/labels/train/levle1_325.txt,6,6,0.000000,1.000000,1.000000,0,0,0,,false,PASS,
levle1_326,train,data/raw/acne04/Classification/JPEGImages/levle1_326.jpg,data/raw/acne04/Detection/VOC2007/Annotations/levle1_326.xml,data/processed/acne04_yolo/labels/train/levle1_326.txt,7,7,0.000000,1.000000,1.000000,0,0,0,,false,PASS,
levle1_327,train,data/raw/acne04/Classification/JPEGImages/levle1_327.jpg,data/raw/acne04/Detection/VOC2007/Annotations/levle1_327.xml,data/processed/acne04_yolo/labels/train/levle1_327.txt,6,6,0.000000,1.000000,1.000000,0,0,0,,false,PASS,
levle1_328,train,data/raw/acne04/Classification/JPEGImages/levle1_328.jpg,data/raw/acne04/Detection/VOC2007/Annotations/levle1_328.xml,data/processed/acne04_yolo/labels/train/levle1_328.txt,8,8,0.000000,1.000000,1.000000,0,0,0,,false,PASS,
levle1_329,train,data/raw/acne04/Classification/JPEGImages/levle1_329.jpg,data/raw/acne04/Detection/VOC2007/Annotations/levle1_329.xml,data/processed/acne04_yolo/labels/train/levle1_329.txt,7,7,0.000000,1.000000,1.000000,0,0,0,,false,PASS,
levle1_33,test,data/raw/acne04/Classification/JPEGImages/levle1_33.jpg,data/raw/acne04/Detection/VOC2007/Annotations/levle1_33.xml,data/processed/acne04_yolo/labels/test/levle1_33.txt,11,11,0.000000,1.000000,1.000000,0,0,0,,false,PASS,
levle1_330,test,data/raw/acne04/Classification/JPEGImages/levle1_330.jpg,data/raw/acne04/Detection/VOC2007/Annotations/levle1_330.xml,data/processed/acne04_yolo/labels/test/levle1_330.txt,7,7,0.000000,1.000000,1.000000,0,0,0,,false,PASS,
levle1_331,train,data/raw/acne04/Classification/JPEGImages/levle1_331.jpg,data/raw/acne04/Detection/VOC2007/Annotations/levle1_331.xml,data/processed/acne04_yolo/labels/train/levle1_331.txt,6,6,0.000000,1.000000,1.000000,0,0,0,,false,PASS,
levle1_332,train,data/raw/acne04/Classification/JPEGImages/levle1_332.jpg,data/raw/acne04/Detection/VOC2007/Annotations/levle1_332.xml,data/processed/acne04_yolo/labels/train/levle1_332.txt,7,7,0.000000,1.000000,1.000000,0,0,0,,false,PASS,
levle1_333,val,data/raw/acne04/Classification/JPEGImages/levle1_333.jpg,data/raw/acne04/Detection/VOC2007/Annotations/levle1_333.xml,data/processed/acne04_yolo/labels/val/levle1_333.txt,8,8,0.000000,1.000000,1.000000,0,0,0,,false,PASS,
levle1_334,train,data/raw/acne04/Classification/JPEGImages/levle1_334.jpg,data/raw/acne04/Detection/VOC2007/Annotations/levle1_334.xml,data/processed/acne04_yolo/labels/train/levle1_334.txt,7,7,0.000000,1.000000,1.000000,0,0,0,,false,PASS,
levle1_335,train,data/raw/acne04/Classification/JPEGImages/levle1_335.jpg,data/raw/acne04/Detection/VOC2007/Annotations/levle1_335.xml,data/processed/acne04_yolo/labels/train/levle1_335.txt,8,8,0.000000,1.000000,1.000000,0,0,0,,false,PASS,
levle1_336,train,data/raw/acne04/Classification/JPEGImages/levle1_336.jpg,data/raw/acne04/Detection/VOC2007/Annotations/levle1_336.xml,data/processed/acne04_yolo/labels/train/levle1_336.txt,6,6,0.000000,1.000000,1.000000,0,0,0,,false,PASS,
levle1_337,train,data/raw/acne04/Classification/JPEGImages/levle1_337.jpg,data/raw/acne04/Detection/VOC2007/Annotations/levle1_337.xml,data/processed/acne04_yolo/labels/train/levle1_337.txt,6,6,0.000000,1.000000,1.000000,0,0,0,,false,PASS,
levle1_338,test,data/raw/acne04/Classification/JPEGImages/levle1_338.jpg,data/raw/acne04/Detection/VOC2007/Annotations/levle1_338.xml,data/processed/acne04_yolo/labels/test/levle1_338.txt,8,8,0.000000,1.000000,1.000000,0,0,0,,false,PASS,
levle1_339,val,data/raw/acne04/Classification/JPEGImages/levle1_339.jpg,data/raw/acne04/Detection/VOC2007/Annotations/levle1_339.xml,data/processed/acne04_yolo/labels/val/levle1_339.txt,6,6,0.000000,1.000000,1.000000,0,0,0,,false,PASS,
levle1_34,train,data/raw/acne04/Classification/JPEGImages/levle1_34.jpg,data/raw/acne04/Detection/VOC2007/Annotations/levle1_34.xml,data/processed/acne04_yolo/labels/train/levle1_34.txt,17,17,0.000000,1.000000,1.000000,0,0,0,,false,PASS,
levle1_340,val,data/raw/acne04/Classification/JPEGImages/levle1_340.jpg,data/raw/acne04/Detection/VOC2007/Annotations/levle1_340.xml,data/processed/acne04_yolo/labels/val/levle1_340.txt,7,7,0.000000,1.000000,1.000000,0,0,0,,false,PASS,
levle1_341,train,data/raw/acne04/Classification/JPEGImages/levle1_341.jpg,data/raw/acne04/Detection/VOC2007/Annotations/levle1_341.xml,data/processed/acne04_yolo/labels/train/levle1_341.txt,8,8,0.000000,1.000000,1.000000,0,0,0,,false,PASS,
levle1_342,test,data/raw/acne04/Classification/JPEGImages/levle1_342.jpg,data/raw/acne04/Detection/VOC2007/Annotations/levle1_342.xml,data/processed/acne04_yolo/labels/test/levle1_342.txt,6,6,0.000000,1.000000,1.000000,0,0,0,,false,PASS,
levle1_343,train,data/raw/acne04/Classification/JPEGImages/levle1_343.jpg,data/raw/acne04/Detection/VOC2007/Annotations/levle1_343.xml,data/processed/acne04_yolo/labels/train/levle1_343.txt,4,4,0.000000,1.000000,1.000000,0,0,0,,false,PASS,
levle1_344,val,data/raw/acne04/Classification/JPEGImages/levle1_344.jpg,data/raw/acne04/Detection/VOC2007/Annotations/levle1_344.xml,data/processed/acne04_yolo/labels/val/levle1_344.txt,4,4,0.000000,1.000000,1.000000,0,0,0,,false,PASS,
levle1_345,train,data/raw/acne04/Classification/JPEGImages/levle1_345.jpg,data/raw/acne04/Detection/VOC2007/Annotations/levle1_345.xml,data/processed/acne04_yolo/labels/train/levle1_345.txt,10,10,0.000000,1.000000,1.000000,0,0,0,,false,PASS,
levle1_346,train,data/raw/acne04/Classification/JPEGImages/levle1_346.jpg,data/raw/acne04/Detection/VOC2007/Annotations/levle1_346.xml,data/processed/acne04_yolo/labels/train/levle1_346.txt,6,6,0.000000,1.000000,1.000000,0,0,0,,false,PASS,
levle1_347,train,data/raw/acne04/Classification/JPEGImages/levle1_347.jpg,data/raw/acne04/Detection/VOC2007/Annotations/levle1_347.xml,data/processed/acne04_yolo/labels/train/levle1_347.txt,9,9,0.000000,1.000000,1.000000,0,0,0,,false,PASS,
levle1_348,train,data/raw/acne04/Classification/JPEGImages/levle1_348.jpg,data/raw/acne04/Detection/VOC2007/Annotations/levle1_348.xml,data/processed/acne04_yolo/labels/train/levle1_348.txt,7,7,0.000000,1.000000,1.000000,0,0,0,,false,PASS,
levle1_349,train,data/raw/acne04/Classification/JPEGImages/levle1_349.jpg,data/raw/acne04/Detection/VOC2007/Annotations/levle1_349.xml,data/processed/acne04_yolo/labels/train/levle1_349.txt,7,7,0.000000,1.000000,1.000000,0,0,0,,false,PASS,
levle1_35,train,data/raw/acne04/Classification/JPEGImages/levle1_35.jpg,data/raw/acne04/Detection/VOC2007/Annotations/levle1_35.xml,data/processed/acne04_yolo/labels/train/levle1_35.txt,10,10,0.000000,1.000000,1.000000,0,0,0,,false,PASS,
levle1_350,train,data/raw/acne04/Classification/JPEGImages/levle1_350.jpg,data/raw/acne04/Detection/VOC2007/Annotations/levle1_350.xml,data/processed/acne04_yolo/labels/train/levle1_350.txt,6,6,0.000000,1.000000,1.000000,0,0,0,,false,PASS,
levle1_351,train,data/raw/acne04/Classification/JPEGImages/levle1_351.jpg,data/raw/acne04/Detection/VOC2007/Annotations/levle1_351.xml,data/processed/acne04_yolo/labels/train/levle1_351.txt,6,6,0.000000,1.000000,1.000000,0,0,0,,false,PASS,
levle1_352,train,data/raw/acne04/Classification/JPEGImages/levle1_352.jpg,data/raw/acne04/Detection/VOC2007/Annotations/levle1_352.xml,data/processed/acne04_yolo/labels/train/levle1_352.txt,7,7,0.000000,1.000000,1.000000,0,0,0,,false,PASS,
levle1_353,train,data/raw/acne04/Classification/JPEGImages/levle1_353.jpg,data/raw/acne04/Detection/VOC2007/Annotations/levle1_353.xml,data/processed/acne04_yolo/labels/train/levle1_353.txt,11,11,0.000000,1.000000,1.000000,0,0,0,,false,PASS,
levle1_354,train,data/raw/acne04/Classification/JPEGImages/levle1_354.jpg,data/raw/acne04/Detection/VOC2007/Annotations/levle1_354.xml,data/processed/acne04_yolo/labels/train/levle1_354.txt,6,6,0.000000,1.000000,1.000000,0,0,0,,false,PASS,
levle1_355,test,data/raw/acne04/Classification/JPEGImages/levle1_355.jpg,data/raw/acne04/Detection/VOC2007/Annotations/levle1_355.xml,data/processed/acne04_yolo/labels/test/levle1_355.txt,7,7,0.000000,1.000000,1.000000,0,0,0,,false,PASS,
levle1_356,train,data/raw/acne04/Classification/JPEGImages/levle1_356.jpg,data/raw/acne04/Detection/VOC2007/Annotations/levle1_356.xml,data/processed/acne04_yolo/labels/train/levle1_356.txt,7,7,0.000000,1.000000,1.000000,0,0,0,,false,PASS,
levle1_357,val,data/raw/acne04/Classification/JPEGImages/levle1_357.jpg,data/raw/acne04/Detection/VOC2007/Annotations/levle1_357.xml,data/processed/acne04_yolo/labels/val/levle1_357.txt,6,6,0.000000,1.000000,1.000000,0,0,0,,false,PASS,
levle1_358,val,data/raw/acne04/Classification/JPEGImages/levle1_358.jpg,data/raw/acne04/Detection/VOC2007/Annotations/levle1_358.xml,data/processed/acne04_yolo/labels/val/levle1_358.txt,6,6,0.000000,1.000000,1.000000,0,0,0,e5927997a3ff6d90155559c5ef3d7bca1eeb6c7b10fef464dbf1a3b8694893c6,false,NEEDS_REVIEW,duplicate_group_annotation_counts_differ
levle1_359,train,data/raw/acne04/Classification/JPEGImages/levle1_359.jpg,data/raw/acne04/Detection/VOC2007/Annotations/levle1_359.xml,data/processed/acne04_yolo/labels/train/levle1_359.txt,6,6,0.000000,1.000000,1.000000,0,0,0,,false,PASS,
levle1_36,train,data/raw/acne04/Classification/JPEGImages/levle1_36.jpg,data/raw/acne04/Detection/VOC2007/Annotations/levle1_36.xml,data/processed/acne04_yolo/labels/train/levle1_36.txt,8,8,0.000000,1.000000,1.000000,0,0,0,,false,PASS,
levle1_360,train,data/raw/acne04/Classification/JPEGImages/levle1_360.jpg,data/raw/acne04/Detection/VOC2007/Annotations/levle1_360.xml,data/processed/acne04_yolo/labels/train/levle1_360.txt,4,4,0.000000,1.000000,1.000000,0,0,0,,false,PASS,
levle1_361,val,data/raw/acne04/Classification/JPEGImages/levle1_361.jpg,data/raw/acne04/Detection/VOC2007/Annotations/levle1_361.xml,data/processed/acne04_yolo/labels/val/levle1_361.txt,10,10,0.000000,1.000000,1.000000,0,0,0,,false,PASS,
levle1_362,val,data/raw/acne04/Classification/JPEGImages/levle1_362.jpg,data/raw/acne04/Detection/VOC2007/Annotations/levle1_362.xml,data/processed/acne04_yolo/labels/val/levle1_362.txt,7,7,0.000000,1.000000,1.000000,0,0,0,,false,PASS,
levle1_363,test,data/raw/acne04/Classification/JPEGImages/levle1_363.jpg,data/raw/acne04/Detection/VOC2007/Annotations/levle1_363.xml,data/processed/acne04_yolo/labels/test/levle1_363.txt,6,6,0.000000,1.000000,1.000000,0,0,0,,false,PASS,
levle1_364,train,data/raw/acne04/Classification/JPEGImages/levle1_364.jpg,data/raw/acne04/Detection/VOC2007/Annotations/levle1_364.xml,data/processed/acne04_yolo/labels/train/levle1_364.txt,14,14,0.000000,1.000000,1.000000,0,0,0,,false,PASS,
levle1_365,train,data/raw/acne04/Classification/JPEGImages/levle1_365.jpg,data/raw/acne04/Detection/VOC2007/Annotations/levle1_365.xml,data/processed/acne04_yolo/labels/train/levle1_365.txt,6,6,0.000000,1.000000,1.000000,0,0,0,,false,PASS,
levle1_366,train,data/raw/acne04/Classification/JPEGImages/levle1_366.jpg,data/raw/acne04/Detection/VOC2007/Annotations/levle1_366.xml,data/processed/acne04_yolo/labels/train/levle1_366.txt,8,8,0.000000,1.000000,1.000000,0,0,0,,false,PASS,
levle1_367,train,data/raw/acne04/Classification/JPEGImages/levle1_367.jpg,data/raw/acne04/Detection/VOC2007/Annotations/levle1_367.xml,data/processed/acne04_yolo/labels/train/levle1_367.txt,7,7,0.000000,1.000000,1.000000,0,0,0,,false,PASS,
levle1_368,test,data/raw/acne04/Classification/JPEGImages/levle1_368.jpg,data/raw/acne04/Detection/VOC2007/Annotations/levle1_368.xml,data/processed/acne04_yolo/labels/test/levle1_368.txt,4,4,0.000000,1.000000,1.000000,0,0,0,,false,PASS,
levle1_369,train,data/raw/acne04/Classification/JPEGImages/levle1_369.jpg,data/raw/acne04/Detection/VOC2007/Annotations/levle1_369.xml,data/processed/acne04_yolo/labels/train/levle1_369.txt,7,7,0.000000,1.000000,1.000000,0,0,0,,false,PASS,
levle1_37,train,data/raw/acne04/Classification/JPEGImages/levle1_37.jpg,data/raw/acne04/Detection/VOC2007/Annotations/levle1_37.xml,data/processed/acne04_yolo/labels/train/levle1_37.txt,14,14,0.000000,1.000000,1.000000,0,0,0,,false,PASS,
levle1_370,train,data/raw/acne04/Classification/JPEGImages/levle1_370.jpg,data/raw/acne04/Detection/VOC2007/Annotations/levle1_370.xml,data/processed/acne04_yolo/labels/train/levle1_370.txt,6,6,0.000000,1.000000,1.000000,0,0,0,,false,PASS,
levle1_371,train,data/raw/acne04/Classification/JPEGImages/levle1_371.jpg,data/raw/acne04/Detection/VOC2007/Annotations/levle1_371.xml,data/processed/acne04_yolo/labels/train/levle1_371.txt,8,8,0.000000,1.000000,1.000000,0,0,0,,false,PASS,
levle1_372,train,data/raw/acne04/Classification/JPEGImages/levle1_372.jpg,data/raw/acne04/Detection/VOC2007/Annotations/levle1_372.xml,data/processed/acne04_yolo/labels/train/levle1_372.txt,7,7,0.000000,1.000000,1.000000,0,0,0,,false,PASS,
levle1_373,val,data/raw/acne04/Classification/JPEGImages/levle1_373.jpg,data/raw/acne04/Detection/VOC2007/Annotations/levle1_373.xml,data/processed/acne04_yolo/labels/val/levle1_373.txt,8,8,0.000000,1.000000,1.000000,0,0,0,,false,PASS,
levle1_374,val,data/raw/acne04/Classification/JPEGImages/levle1_374.jpg,data/raw/acne04/Detection/VOC2007/Annotations/levle1_374.xml,data/processed/acne04_yolo/labels/val/levle1_374.txt,11,11,0.000000,1.000000,1.000000,0,0,0,,false,PASS,
levle1_375,train,data/raw/acne04/Classification/JPEGImages/levle1_375.jpg,data/raw/acne04/Detection/VOC2007/Annotations/levle1_375.xml,data/processed/acne04_yolo/labels/train/levle1_375.txt,11,11,0.000000,1.000000,1.000000,0,0,0,,false,PASS,
levle1_376,train,data/raw/acne04/Classification/JPEGImages/levle1_376.jpg,data/raw/acne04/Detection/VOC2007/Annotations/levle1_376.xml,data/processed/acne04_yolo/labels/train/levle1_376.txt,9,9,0.000000,1.000000,1.000000,0,0,0,,false,PASS,
levle1_377,train,data/raw/acne04/Classification/JPEGImages/levle1_377.jpg,data/raw/acne04/Detection/VOC2007/Annotations/levle1_377.xml,data/processed/acne04_yolo/labels/train/levle1_377.txt,8,8,0.000000,1.000000,1.000000,0,0,0,,false,PASS,
levle1_378,train,data/raw/acne04/Classification/JPEGImages/levle1_378.jpg,data/raw/acne04/Detection/VOC2007/Annotations/levle1_378.xml,data/processed/acne04_yolo/labels/train/levle1_378.txt,6,6,0.000000,1.000000,1.000000,0,0,0,,false,PASS,
levle1_379,train,data/raw/acne04/Classification/JPEGImages/levle1_379.jpg,data/raw/acne04/Detection/VOC2007/Annotations/levle1_379.xml,data/processed/acne04_yolo/labels/train/levle1_379.txt,3,3,0.000000,1.000000,1.000000,0,0,0,,false,PASS,
levle1_38,test,data/raw/acne04/Classification/JPEGImages/levle1_38.jpg,data/raw/acne04/Detection/VOC2007/Annotations/levle1_38.xml,data/processed/acne04_yolo/labels/test/levle1_38.txt,13,13,0.000000,1.000000,1.000000,0,0,0,,false,PASS,
levle1_380,train,data/raw/acne04/Classification/JPEGImages/levle1_380.jpg,data/raw/acne04/Detection/VOC2007/Annotations/levle1_380.xml,data/processed/acne04_yolo/labels/train/levle1_380.txt,6,6,0.000000,1.000000,1.000000,0,0,0,,false,PASS,
levle1_381,test,data/raw/acne04/Classification/JPEGImages/levle1_381.jpg,data/raw/acne04/Detection/VOC2007/Annotations/levle1_381.xml,data/processed/acne04_yolo/labels/test/levle1_381.txt,8,8,0.000000,1.000000,1.000000,0,0,0,,false,PASS,
levle1_382,train,data/raw/acne04/Classification/JPEGImages/levle1_382.jpg,data/raw/acne04/Detection/VOC2007/Annotations/levle1_382.xml,data/processed/acne04_yolo/labels/train/levle1_382.txt,10,10,0.000000,1.000000,1.000000,0,0,0,,false,PASS,
levle1_383,val,data/raw/acne04/Classification/JPEGImages/levle1_383.jpg,data/raw/acne04/Detection/VOC2007/Annotations/levle1_383.xml,data/processed/acne04_yolo/labels/val/levle1_383.txt,6,6,0.000000,1.000000,1.000000,0,0,0,,false,PASS,
levle1_384,test,data/raw/acne04/Classification/JPEGImages/levle1_384.jpg,data/raw/acne04/Detection/VOC2007/Annotations/levle1_384.xml,data/processed/acne04_yolo/labels/test/levle1_384.txt,6,6,0.000000,1.000000,1.000000,0,0,0,,false,PASS,
levle1_385,train,data/raw/acne04/Classification/JPEGImages/levle1_385.jpg,data/raw/acne04/Detection/VOC2007/Annotations/levle1_385.xml,data/processed/acne04_yolo/labels/train/levle1_385.txt,8,8,0.000000,1.000000,1.000000,0,0,0,,false,PASS,
levle1_386,train,data/raw/acne04/Classification/JPEGImages/levle1_386.jpg,data/raw/acne04/Detection/VOC2007/Annotations/levle1_386.xml,data/processed/acne04_yolo/labels/train/levle1_386.txt,8,8,0.000000,1.000000,1.000000,0,0,0,,false,PASS,
levle1_387,train,data/raw/acne04/Classification/JPEGImages/levle1_387.jpg,data/raw/acne04/Detection/VOC2007/Annotations/levle1_387.xml,data/processed/acne04_yolo/labels/train/levle1_387.txt,6,6,0.000000,1.000000,1.000000,0,0,0,,false,PASS,
levle1_388,test,data/raw/acne04/Classification/JPEGImages/levle1_388.jpg,data/raw/acne04/Detection/VOC2007/Annotations/levle1_388.xml,data/processed/acne04_yolo/labels/test/levle1_388.txt,7,7,0.000000,1.000000,1.000000,0,0,0,,false,PASS,
levle1_389,test,data/raw/acne04/Classification/JPEGImages/levle1_389.jpg,data/raw/acne04/Detection/VOC2007/Annotations/levle1_389.xml,data/processed/acne04_yolo/labels/test/levle1_389.txt,10,10,0.000000,1.000000,1.000000,0,0,0,,false,PASS,
levle1_39,train,data/raw/acne04/Classification/JPEGImages/levle1_39.jpg,data/raw/acne04/Detection/VOC2007/Annotations/levle1_39.xml,data/processed/acne04_yolo/labels/train/levle1_39.txt,11,11,0.000000,1.000000,1.000000,0,0,0,,false,PASS,
levle1_390,train,data/raw/acne04/Classification/JPEGImages/levle1_390.jpg,data/raw/acne04/Detection/VOC2007/Annotations/levle1_390.xml,data/processed/acne04_yolo/labels/train/levle1_390.txt,6,6,0.000000,1.000000,1.000000,0,0,0,,false,PASS,
levle1_391,train,data/raw/acne04/Classification/JPEGImages/levle1_391.jpg,data/raw/acne04/Detection/VOC2007/Annotations/levle1_391.xml,data/processed/acne04_yolo/labels/train/levle1_391.txt,11,11,0.000000,1.000000,1.000000,0,0,0,,false,PASS,
levle1_392,train,data/raw/acne04/Classification/JPEGImages/levle1_392.jpg,data/raw/acne04/Detection/VOC2007/Annotations/levle1_392.xml,data/processed/acne04_yolo/labels/train/levle1_392.txt,6,6,0.000000,1.000000,1.000000,0,0,0,,false,PASS,
levle1_393,train,data/raw/acne04/Classification/JPEGImages/levle1_393.jpg,data/raw/acne04/Detection/VOC2007/Annotations/levle1_393.xml,data/processed/acne04_yolo/labels/train/levle1_393.txt,7,7,0.000000,1.000000,1.000000,0,0,0,,false,PASS,
levle1_394,val,data/raw/acne04/Classification/JPEGImages/levle1_394.jpg,data/raw/acne04/Detection/VOC2007/Annotations/levle1_394.xml,data/processed/acne04_yolo/labels/val/levle1_394.txt,13,13,0.000000,1.000000,1.000000,0,0,0,,false,PASS,
levle1_395,train,data/raw/acne04/Classification/JPEGImages/levle1_395.jpg,data/raw/acne04/Detection/VOC2007/Annotations/levle1_395.xml,data/processed/acne04_yolo/labels/train/levle1_395.txt,12,12,0.000000,1.000000,1.000000,0,0,0,,false,PASS,
levle1_396,train,data/raw/acne04/Classification/JPEGImages/levle1_396.jpg,data/raw/acne04/Detection/VOC2007/Annotations/levle1_396.xml,data/processed/acne04_yolo/labels/train/levle1_396.txt,6,6,0.000000,1.000000,1.000000,0,0,0,,false,PASS,
levle1_397,train,data/raw/acne04/Classification/JPEGImages/levle1_397.jpg,data/raw/acne04/Detection/VOC2007/Annotations/levle1_397.xml,data/processed/acne04_yolo/labels/train/levle1_397.txt,8,8,0.000000,1.000000,1.000000,0,0,0,,false,PASS,
levle1_398,val,data/raw/acne04/Classification/JPEGImages/levle1_398.jpg,data/raw/acne04/Detection/VOC2007/Annotations/levle1_398.xml,data/processed/acne04_yolo/labels/val/levle1_398.txt,9,9,0.000000,1.000000,1.000000,0,0,0,,false,PASS,
levle1_399,test,data/raw/acne04/Classification/JPEGImages/levle1_399.jpg,data/raw/acne04/Detection/VOC2007/Annotations/levle1_399.xml,data/processed/acne04_yolo/labels/test/levle1_399.txt,9,9,0.000000,1.000000,1.000000,0,0,0,,false,PASS,
levle1_4,train,data/raw/acne04/Classification/JPEGImages/levle1_4.jpg,data/raw/acne04/Detection/VOC2007/Annotations/levle1_4.xml,data/processed/acne04_yolo/labels/train/levle1_4.txt,13,13,0.000000,1.000000,1.000000,0,0,1,,false,NEEDS_REVIEW,contains_very_small_box
levle1_40,train,data/raw/acne04/Classification/JPEGImages/levle1_40.jpg,data/raw/acne04/Detection/VOC2007/Annotations/levle1_40.xml,data/processed/acne04_yolo/labels/train/levle1_40.txt,10,10,0.000000,1.000000,1.000000,0,0,0,,false,PASS,
levle1_400,train,data/raw/acne04/Classification/JPEGImages/levle1_400.jpg,data/raw/acne04/Detection/VOC2007/Annotations/levle1_400.xml,data/processed/acne04_yolo/labels/train/levle1_400.txt,8,8,0.000000,1.000000,1.000000,0,0,0,,false,PASS,
levle1_401,val,data/raw/acne04/Classification/JPEGImages/levle1_401.jpg,data/raw/acne04/Detection/VOC2007/Annotations/levle1_401.xml,data/processed/acne04_yolo/labels/val/levle1_401.txt,8,8,0.000000,1.000000,1.000000,0,0,0,,false,PASS,
levle1_402,train,data/raw/acne04/Classification/JPEGImages/levle1_402.jpg,data/raw/acne04/Detection/VOC2007/Annotations/levle1_402.xml,data/processed/acne04_yolo/labels/train/levle1_402.txt,2,2,0.000000,1.000000,1.000000,0,0,0,,false,PASS,
levle1_403,train,data/raw/acne04/Classification/JPEGImages/levle1_403.jpg,data/raw/acne04/Detection/VOC2007/Annotations/levle1_403.xml,data/processed/acne04_yolo/labels/train/levle1_403.txt,6,6,0.000000,1.000000,1.000000,0,0,0,,false,PASS,
levle1_404,train,data/raw/acne04/Classification/JPEGImages/levle1_404.jpg,data/raw/acne04/Detection/VOC2007/Annotations/levle1_404.xml,data/processed/acne04_yolo/labels/train/levle1_404.txt,7,7,0.000000,1.000000,1.000000,0,0,0,,false,PASS,
levle1_405,train,data/raw/acne04/Classification/JPEGImages/levle1_405.jpg,data/raw/acne04/Detection/VOC2007/Annotations/levle1_405.xml,data/processed/acne04_yolo/labels/train/levle1_405.txt,10,10,0.000000,1.000000,1.000000,0,0,0,,false,PASS,
levle1_406,train,data/raw/acne04/Classification/JPEGImages/levle1_406.jpg,data/raw/acne04/Detection/VOC2007/Annotations/levle1_406.xml,data/processed/acne04_yolo/labels/train/levle1_406.txt,9,9,0.000000,1.000000,1.000000,0,0,0,,false,PASS,
levle1_407,val,data/raw/acne04/Classification/JPEGImages/levle1_407.jpg,data/raw/acne04/Detection/VOC2007/Annotations/levle1_407.xml,data/processed/acne04_yolo/labels/val/levle1_407.txt,7,7,0.000000,1.000000,1.000000,0,0,0,,false,PASS,
levle1_408,test,data/raw/acne04/Classification/JPEGImages/levle1_408.jpg,data/raw/acne04/Detection/VOC2007/Annotations/levle1_408.xml,data/processed/acne04_yolo/labels/test/levle1_408.txt,8,8,0.000000,1.000000,1.000000,0,0,0,,false,PASS,
levle1_409,train,data/raw/acne04/Classification/JPEGImages/levle1_409.jpg,data/raw/acne04/Detection/VOC2007/Annotations/levle1_409.xml,data/processed/acne04_yolo/labels/train/levle1_409.txt,7,7,0.000000,1.000000,1.000000,0,0,0,,false,PASS,
levle1_41,train,data/raw/acne04/Classification/JPEGImages/levle1_41.jpg,data/raw/acne04/Detection/VOC2007/Annotations/levle1_41.xml,data/processed/acne04_yolo/labels/train/levle1_41.txt,11,11,0.000000,1.000000,1.000000,0,0,0,,false,PASS,
levle1_410,val,data/raw/acne04/Classification/JPEGImages/levle1_410.jpg,data/raw/acne04/Detection/VOC2007/Annotations/levle1_410.xml,data/processed/acne04_yolo/labels/val/levle1_410.txt,6,6,0.000000,1.000000,1.000000,0,0,0,,false,PASS,
levle1_411,train,data/raw/acne04/Classification/JPEGImages/levle1_411.jpg,data/raw/acne04/Detection/VOC2007/Annotations/levle1_411.xml,data/processed/acne04_yolo/labels/train/levle1_411.txt,8,8,0.000000,1.000000,1.000000,0,0,0,,false,PASS,
levle1_412,train,data/raw/acne04/Classification/JPEGImages/levle1_412.jpg,data/raw/acne04/Detection/VOC2007/Annotations/levle1_412.xml,data/processed/acne04_yolo/labels/train/levle1_412.txt,10,10,0.000000,1.000000,1.000000,0,0,0,,false,PASS,
levle1_413,train,data/raw/acne04/Classification/JPEGImages/levle1_413.jpg,data/raw/acne04/Detection/VOC2007/Annotations/levle1_413.xml,data/processed/acne04_yolo/labels/train/levle1_413.txt,4,4,0.000000,1.000000,1.000000,0,0,0,,false,PASS,
levle1_414,test,data/raw/acne04/Classification/JPEGImages/levle1_414.jpg,data/raw/acne04/Detection/VOC2007/Annotations/levle1_414.xml,data/processed/acne04_yolo/labels/test/levle1_414.txt,6,6,0.000000,1.000000,1.000000,0,0,0,,false,PASS,
levle1_415,train,data/raw/acne04/Classification/JPEGImages/levle1_415.jpg,data/raw/acne04/Detection/VOC2007/Annotations/levle1_415.xml,data/processed/acne04_yolo/labels/train/levle1_415.txt,7,7,0.000000,1.000000,1.000000,0,0,0,,false,PASS,
levle1_416,train,data/raw/acne04/Classification/JPEGImages/levle1_416.jpg,data/raw/acne04/Detection/VOC2007/Annotations/levle1_416.xml,data/processed/acne04_yolo/labels/train/levle1_416.txt,6,6,0.000000,1.000000,1.000000,0,0,0,,false,PASS,
levle1_417,train,data/raw/acne04/Classification/JPEGImages/levle1_417.jpg,data/raw/acne04/Detection/VOC2007/Annotations/levle1_417.xml,data/processed/acne04_yolo/labels/train/levle1_417.txt,6,6,0.000000,1.000000,1.000000,0,0,0,,false,PASS,
levle1_418,train,data/raw/acne04/Classification/JPEGImages/levle1_418.jpg,data/raw/acne04/Detection/VOC2007/Annotations/levle1_418.xml,data/processed/acne04_yolo/labels/train/levle1_418.txt,7,7,0.000000,1.000000,1.000000,0,0,0,,false,PASS,
levle1_419,train,data/raw/acne04/Classification/JPEGImages/levle1_419.jpg,data/raw/acne04/Detection/VOC2007/Annotations/levle1_419.xml,data/processed/acne04_yolo/labels/train/levle1_419.txt,9,9,0.000000,1.000000,1.000000,0,0,0,,false,PASS,
levle1_42,train,data/raw/acne04/Classification/JPEGImages/levle1_42.jpg,data/raw/acne04/Detection/VOC2007/Annotations/levle1_42.xml,data/processed/acne04_yolo/labels/train/levle1_42.txt,12,12,0.000000,1.000000,1.000000,0,0,0,,false,PASS,
levle1_420,train,data/raw/acne04/Classification/JPEGImages/levle1_420.jpg,data/raw/acne04/Detection/VOC2007/Annotations/levle1_420.xml,data/processed/acne04_yolo/labels/train/levle1_420.txt,6,6,0.000000,1.000000,1.000000,0,0,0,,false,PASS,
levle1_421,test,data/raw/acne04/Classification/JPEGImages/levle1_421.jpg,data/raw/acne04/Detection/VOC2007/Annotations/levle1_421.xml,data/processed/acne04_yolo/labels/test/levle1_421.txt,7,7,0.000000,1.000000,1.000000,0,0,0,,false,PASS,
levle1_422,train,data/raw/acne04/Classification/JPEGImages/levle1_422.jpg,data/raw/acne04/Detection/VOC2007/Annotations/levle1_422.xml,data/processed/acne04_yolo/labels/train/levle1_422.txt,8,8,0.000000,1.000000,1.000000,0,0,0,,false,PASS,
levle1_423,train,data/raw/acne04/Classification/JPEGImages/levle1_423.jpg,data/raw/acne04/Detection/VOC2007/Annotations/levle1_423.xml,data/processed/acne04_yolo/labels/train/levle1_423.txt,8,8,0.000000,1.000000,1.000000,0,0,0,,false,PASS,
levle1_424,train,data/raw/acne04/Classification/JPEGImages/levle1_424.jpg,data/raw/acne04/Detection/VOC2007/Annotations/levle1_424.xml,data/processed/acne04_yolo/labels/train/levle1_424.txt,7,7,0.000000,1.000000,1.000000,0,0,0,,false,PASS,
levle1_425,train,data/raw/acne04/Classification/JPEGImages/levle1_425.jpg,data/raw/acne04/Detection/VOC2007/Annotations/levle1_425.xml,data/processed/acne04_yolo/labels/train/levle1_425.txt,6,6,0.000000,1.000000,1.000000,0,0,0,,false,PASS,
levle1_426,val,data/raw/acne04/Classification/JPEGImages/levle1_426.jpg,data/raw/acne04/Detection/VOC2007/Annotations/levle1_426.xml,data/processed/acne04_yolo/labels/val/levle1_426.txt,6,6,0.000000,1.000000,1.000000,0,0,0,,false,PASS,
levle1_427,train,data/raw/acne04/Classification/JPEGImages/levle1_427.jpg,data/raw/acne04/Detection/VOC2007/Annotations/levle1_427.xml,data/processed/acne04_yolo/labels/train/levle1_427.txt,10,10,0.000000,1.000000,1.000000,0,0,0,,false,PASS,
levle1_428,train,data/raw/acne04/Classification/JPEGImages/levle1_428.jpg,data/raw/acne04/Detection/VOC2007/Annotations/levle1_428.xml,data/processed/acne04_yolo/labels/train/levle1_428.txt,6,6,0.000000,1.000000,1.000000,0,0,0,,false,PASS,
levle1_429,train,data/raw/acne04/Classification/JPEGImages/levle1_429.jpg,data/raw/acne04/Detection/VOC2007/Annotations/levle1_429.xml,data/processed/acne04_yolo/labels/train/levle1_429.txt,8,8,0.000000,1.000000,1.000000,0,0,0,,false,PASS,
levle1_43,val,data/raw/acne04/Classification/JPEGImages/levle1_43.jpg,data/raw/acne04/Detection/VOC2007/Annotations/levle1_43.xml,data/processed/acne04_yolo/labels/val/levle1_43.txt,10,10,0.000000,1.000000,1.000000,0,0,0,,false,PASS,
levle1_430,test,data/raw/acne04/Classification/JPEGImages/levle1_430.jpg,data/raw/acne04/Detection/VOC2007/Annotations/levle1_430.xml,data/processed/acne04_yolo/labels/test/levle1_430.txt,6,6,0.000000,1.000000,1.000000,0,0,0,,false,PASS,
levle1_431,val,data/raw/acne04/Classification/JPEGImages/levle1_431.jpg,data/raw/acne04/Detection/VOC2007/Annotations/levle1_431.xml,data/processed/acne04_yolo/labels/val/levle1_431.txt,8,8,0.000000,1.000000,1.000000,0,0,0,,false,PASS,
levle1_432,train,data/raw/acne04/Classification/JPEGImages/levle1_432.jpg,data/raw/acne04/Detection/VOC2007/Annotations/levle1_432.xml,data/processed/acne04_yolo/labels/train/levle1_432.txt,6,6,0.000000,1.000000,1.000000,0,0,0,,false,PASS,
levle1_433,train,data/raw/acne04/Classification/JPEGImages/levle1_433.jpg,data/raw/acne04/Detection/VOC2007/Annotations/levle1_433.xml,data/processed/acne04_yolo/labels/train/levle1_433.txt,6,6,0.000000,1.000000,1.000000,0,0,0,,false,PASS,
levle1_434,train,data/raw/acne04/Classification/JPEGImages/levle1_434.jpg,data/raw/acne04/Detection/VOC2007/Annotations/levle1_434.xml,data/processed/acne04_yolo/labels/train/levle1_434.txt,12,12,0.000000,1.000000,1.000000,0,0,0,,false,PASS,
levle1_435,test,data/raw/acne04/Classification/JPEGImages/levle1_435.jpg,data/raw/acne04/Detection/VOC2007/Annotations/levle1_435.xml,data/processed/acne04_yolo/labels/test/levle1_435.txt,10,10,0.000000,1.000000,1.000000,0,0,0,,false,PASS,
levle1_436,train,data/raw/acne04/Classification/JPEGImages/levle1_436.jpg,data/raw/acne04/Detection/VOC2007/Annotations/levle1_436.xml,data/processed/acne04_yolo/labels/train/levle1_436.txt,7,7,0.000000,1.000000,1.000000,0,0,0,,false,PASS,
levle1_437,train,data/raw/acne04/Classification/JPEGImages/levle1_437.jpg,data/raw/acne04/Detection/VOC2007/Annotations/levle1_437.xml,data/processed/acne04_yolo/labels/train/levle1_437.txt,6,6,0.000000,1.000000,1.000000,0,0,0,,false,PASS,
levle1_439,train,data/raw/acne04/Classification/JPEGImages/levle1_439.jpg,data/raw/acne04/Detection/VOC2007/Annotations/levle1_439.xml,data/processed/acne04_yolo/labels/train/levle1_439.txt,6,6,0.000000,1.000000,1.000000,0,0,0,,false,PASS,
levle1_44,val,data/raw/acne04/Classification/JPEGImages/levle1_44.jpg,data/raw/acne04/Detection/VOC2007/Annotations/levle1_44.xml,data/processed/acne04_yolo/labels/val/levle1_44.txt,7,7,0.000000,1.000000,1.000000,0,0,0,,false,PASS,
levle1_440,test,data/raw/acne04/Classification/JPEGImages/levle1_440.jpg,data/raw/acne04/Detection/VOC2007/Annotations/levle1_440.xml,data/processed/acne04_yolo/labels/test/levle1_440.txt,12,12,0.000000,1.000000,1.000000,0,0,0,,false,PASS,
levle1_441,test,data/raw/acne04/Classification/JPEGImages/levle1_441.jpg,data/raw/acne04/Detection/VOC2007/Annotations/levle1_441.xml,data/processed/acne04_yolo/labels/test/levle1_441.txt,11,11,0.000000,1.000000,1.000000,0,0,0,,false,PASS,
levle1_442,train,data/raw/acne04/Classification/JPEGImages/levle1_442.jpg,data/raw/acne04/Detection/VOC2007/Annotations/levle1_442.xml,data/processed/acne04_yolo/labels/train/levle1_442.txt,10,10,0.000000,1.000000,1.000000,0,0,0,,false,PASS,
levle1_443,val,data/raw/acne04/Classification/JPEGImages/levle1_443.jpg,data/raw/acne04/Detection/VOC2007/Annotations/levle1_443.xml,data/processed/acne04_yolo/labels/val/levle1_443.txt,11,11,0.000000,1.000000,1.000000,0,0,0,,false,PASS,
levle1_444,val,data/raw/acne04/Classification/JPEGImages/levle1_444.jpg,data/raw/acne04/Detection/VOC2007/Annotations/levle1_444.xml,data/processed/acne04_yolo/labels/val/levle1_444.txt,6,6,0.000000,1.000000,1.000000,0,0,0,,false,PASS,
levle1_445,test,data/raw/acne04/Classification/JPEGImages/levle1_445.jpg,data/raw/acne04/Detection/VOC2007/Annotations/levle1_445.xml,data/processed/acne04_yolo/labels/test/levle1_445.txt,6,6,0.000000,1.000000,1.000000,0,0,0,,false,PASS,
levle1_446,train,data/raw/acne04/Classification/JPEGImages/levle1_446.jpg,data/raw/acne04/Detection/VOC2007/Annotations/levle1_446.xml,data/processed/acne04_yolo/labels/train/levle1_446.txt,12,12,0.000000,1.000000,1.000000,0,0,0,,false,PASS,
levle1_447,train,data/raw/acne04/Classification/JPEGImages/levle1_447.jpg,data/raw/acne04/Detection/VOC2007/Annotations/levle1_447.xml,data/processed/acne04_yolo/labels/train/levle1_447.txt,13,13,0.000000,1.000000,1.000000,0,0,0,,false,PASS,
levle1_448,train,data/raw/acne04/Classification/JPEGImages/levle1_448.jpg,data/raw/acne04/Detection/VOC2007/Annotations/levle1_448.xml,data/processed/acne04_yolo/labels/train/levle1_448.txt,13,13,0.000000,1.000000,1.000000,0,0,0,,false,PASS,
levle1_449,train,data/raw/acne04/Classification/JPEGImages/levle1_449.jpg,data/raw/acne04/Detection/VOC2007/Annotations/levle1_449.xml,data/processed/acne04_yolo/labels/train/levle1_449.txt,8,8,0.000000,1.000000,1.000000,0,0,0,,false,PASS,
levle1_45,train,data/raw/acne04/Classification/JPEGImages/levle1_45.jpg,data/raw/acne04/Detection/VOC2007/Annotations/levle1_45.xml,data/processed/acne04_yolo/labels/train/levle1_45.txt,13,13,0.000000,1.000000,1.000000,0,0,0,,false,PASS,
levle1_450,test,data/raw/acne04/Classification/JPEGImages/levle1_450.jpg,data/raw/acne04/Detection/VOC2007/Annotations/levle1_450.xml,data/processed/acne04_yolo/labels/test/levle1_450.txt,8,8,0.000000,1.000000,1.000000,0,0,0,,false,PASS,
levle1_451,train,data/raw/acne04/Classification/JPEGImages/levle1_451.jpg,data/raw/acne04/Detection/VOC2007/Annotations/levle1_451.xml,data/processed/acne04_yolo/labels/train/levle1_451.txt,10,10,0.000000,1.000000,1.000000,0,0,0,,false,PASS,
levle1_452,train,data/raw/acne04/Classification/JPEGImages/levle1_452.jpg,data/raw/acne04/Detection/VOC2007/Annotations/levle1_452.xml,data/processed/acne04_yolo/labels/train/levle1_452.txt,7,7,0.000000,1.000000,1.000000,0,0,1,,false,NEEDS_REVIEW,contains_very_small_box
levle1_453,train,data/raw/acne04/Classification/JPEGImages/levle1_453.jpg,data/raw/acne04/Detection/VOC2007/Annotations/levle1_453.xml,data/processed/acne04_yolo/labels/train/levle1_453.txt,16,16,0.000000,1.000000,1.000000,0,0,0,,false,PASS,
levle1_454,train,data/raw/acne04/Classification/JPEGImages/levle1_454.jpg,data/raw/acne04/Detection/VOC2007/Annotations/levle1_454.xml,data/processed/acne04_yolo/labels/train/levle1_454.txt,6,6,0.000000,1.000000,1.000000,0,0,0,,false,PASS,
levle1_455,train,data/raw/acne04/Classification/JPEGImages/levle1_455.jpg,data/raw/acne04/Detection/VOC2007/Annotations/levle1_455.xml,data/processed/acne04_yolo/labels/train/levle1_455.txt,6,6,0.000000,1.000000,1.000000,0,0,0,,false,PASS,
levle1_456,train,data/raw/acne04/Classification/JPEGImages/levle1_456.jpg,data/raw/acne04/Detection/VOC2007/Annotations/levle1_456.xml,data/processed/acne04_yolo/labels/train/levle1_456.txt,7,7,0.000000,1.000000,1.000000,0,0,0,,false,PASS,
levle1_457,train,data/raw/acne04/Classification/JPEGImages/levle1_457.jpg,data/raw/acne04/Detection/VOC2007/Annotations/levle1_457.xml,data/processed/acne04_yolo/labels/train/levle1_457.txt,4,4,0.000000,1.000000,1.000000,0,0,0,,false,PASS,
levle1_458,train,data/raw/acne04/Classification/JPEGImages/levle1_458.jpg,data/raw/acne04/Detection/VOC2007/Annotations/levle1_458.xml,data/processed/acne04_yolo/labels/train/levle1_458.txt,10,10,0.000000,1.000000,1.000000,0,0,0,,false,PASS,
levle1_459,train,data/raw/acne04/Classification/JPEGImages/levle1_459.jpg,data/raw/acne04/Detection/VOC2007/Annotations/levle1_459.xml,data/processed/acne04_yolo/labels/train/levle1_459.txt,7,7,0.000000,1.000000,1.000000,0,0,0,,false,PASS,
levle1_46,test,data/raw/acne04/Classification/JPEGImages/levle1_46.jpg,data/raw/acne04/Detection/VOC2007/Annotations/levle1_46.xml,data/processed/acne04_yolo/labels/test/levle1_46.txt,15,15,0.000000,1.000000,1.000000,0,0,0,,false,PASS,
levle1_460,val,data/raw/acne04/Classification/JPEGImages/levle1_460.jpg,data/raw/acne04/Detection/VOC2007/Annotations/levle1_460.xml,data/processed/acne04_yolo/labels/val/levle1_460.txt,9,9,0.000000,1.000000,1.000000,0,0,0,b25d783297ecffaacce4206049d1c91c1be56df59a47008f6cb95fb46dbb497b,false,NEEDS_REVIEW,duplicate_group_annotation_counts_differ
levle1_461,train,data/raw/acne04/Classification/JPEGImages/levle1_461.jpg,data/raw/acne04/Detection/VOC2007/Annotations/levle1_461.xml,data/processed/acne04_yolo/labels/train/levle1_461.txt,13,13,0.000000,1.000000,1.000000,0,0,0,,false,PASS,
levle1_462,train,data/raw/acne04/Classification/JPEGImages/levle1_462.jpg,data/raw/acne04/Detection/VOC2007/Annotations/levle1_462.xml,data/processed/acne04_yolo/labels/train/levle1_462.txt,11,11,0.000000,1.000000,1.000000,0,0,0,,false,PASS,
levle1_463,train,data/raw/acne04/Classification/JPEGImages/levle1_463.jpg,data/raw/acne04/Detection/VOC2007/Annotations/levle1_463.xml,data/processed/acne04_yolo/labels/train/levle1_463.txt,4,4,0.000000,1.000000,1.000000,0,0,0,,false,PASS,
levle1_464,train,data/raw/acne04/Classification/JPEGImages/levle1_464.jpg,data/raw/acne04/Detection/VOC2007/Annotations/levle1_464.xml,data/processed/acne04_yolo/labels/train/levle1_464.txt,13,13,0.000000,1.000000,1.000000,0,0,0,,false,PASS,
levle1_465,train,data/raw/acne04/Classification/JPEGImages/levle1_465.jpg,data/raw/acne04/Detection/VOC2007/Annotations/levle1_465.xml,data/processed/acne04_yolo/labels/train/levle1_465.txt,9,9,0.000000,1.000000,1.000000,0,0,0,,false,PASS,
levle1_466,train,data/raw/acne04/Classification/JPEGImages/levle1_466.jpg,data/raw/acne04/Detection/VOC2007/Annotations/levle1_466.xml,data/processed/acne04_yolo/labels/train/levle1_466.txt,6,6,0.000000,1.000000,1.000000,0,0,0,,false,PASS,
levle1_467,train,data/raw/acne04/Classification/JPEGImages/levle1_467.jpg,data/raw/acne04/Detection/VOC2007/Annotations/levle1_467.xml,data/processed/acne04_yolo/labels/train/levle1_467.txt,7,7,0.000000,1.000000,1.000000,0,0,0,,false,PASS,
levle1_468,train,data/raw/acne04/Classification/JPEGImages/levle1_468.jpg,data/raw/acne04/Detection/VOC2007/Annotations/levle1_468.xml,data/processed/acne04_yolo/labels/train/levle1_468.txt,10,10,0.000000,1.000000,1.000000,0,0,0,,false,PASS,
levle1_469,train,data/raw/acne04/Classification/JPEGImages/levle1_469.jpg,data/raw/acne04/Detection/VOC2007/Annotations/levle1_469.xml,data/processed/acne04_yolo/labels/train/levle1_469.txt,9,9,0.000000,1.000000,1.000000,0,0,0,,false,PASS,
levle1_47,val,data/raw/acne04/Classification/JPEGImages/levle1_47.jpg,data/raw/acne04/Detection/VOC2007/Annotations/levle1_47.xml,data/processed/acne04_yolo/labels/val/levle1_47.txt,10,10,0.000000,1.000000,1.000000,0,0,0,,false,PASS,
levle1_470,train,data/raw/acne04/Classification/JPEGImages/levle1_470.jpg,data/raw/acne04/Detection/VOC2007/Annotations/levle1_470.xml,data/processed/acne04_yolo/labels/train/levle1_470.txt,6,6,0.000000,1.000000,1.000000,0,0,0,,false,PASS,
levle1_471,train,data/raw/acne04/Classification/JPEGImages/levle1_471.jpg,data/raw/acne04/Detection/VOC2007/Annotations/levle1_471.xml,data/processed/acne04_yolo/labels/train/levle1_471.txt,6,6,0.000000,1.000000,1.000000,0,0,0,,false,PASS,
levle1_472,val,data/raw/acne04/Classification/JPEGImages/levle1_472.jpg,data/raw/acne04/Detection/VOC2007/Annotations/levle1_472.xml,data/processed/acne04_yolo/labels/val/levle1_472.txt,9,9,0.000000,1.000000,1.000000,0,0,0,,false,PASS,
levle1_474,val,data/raw/acne04/Classification/JPEGImages/levle1_474.jpg,data/raw/acne04/Detection/VOC2007/Annotations/levle1_474.xml,data/processed/acne04_yolo/labels/val/levle1_474.txt,14,14,0.000000,1.000000,1.000000,0,0,0,,false,PASS,
levle1_475,train,data/raw/acne04/Classification/JPEGImages/levle1_475.jpg,data/raw/acne04/Detection/VOC2007/Annotations/levle1_475.xml,data/processed/acne04_yolo/labels/train/levle1_475.txt,11,11,0.000000,1.000000,1.000000,0,0,0,,false,PASS,
levle1_476,train,data/raw/acne04/Classification/JPEGImages/levle1_476.jpg,data/raw/acne04/Detection/VOC2007/Annotations/levle1_476.xml,data/processed/acne04_yolo/labels/train/levle1_476.txt,9,9,0.000000,1.000000,1.000000,0,0,0,,false,PASS,
levle1_477,train,data/raw/acne04/Classification/JPEGImages/levle1_477.jpg,data/raw/acne04/Detection/VOC2007/Annotations/levle1_477.xml,data/processed/acne04_yolo/labels/train/levle1_477.txt,12,12,0.000000,1.000000,1.000000,0,0,0,,false,PASS,
levle1_478,train,data/raw/acne04/Classification/JPEGImages/levle1_478.jpg,data/raw/acne04/Detection/VOC2007/Annotations/levle1_478.xml,data/processed/acne04_yolo/labels/train/levle1_478.txt,11,11,0.000000,1.000000,1.000000,0,0,0,,false,PASS,
levle1_479,train,data/raw/acne04/Classification/JPEGImages/levle1_479.jpg,data/raw/acne04/Detection/VOC2007/Annotations/levle1_479.xml,data/processed/acne04_yolo/labels/train/levle1_479.txt,11,11,0.000000,1.000000,1.000000,0,0,0,,false,PASS,
levle1_48,train,data/raw/acne04/Classification/JPEGImages/levle1_48.jpg,data/raw/acne04/Detection/VOC2007/Annotations/levle1_48.xml,data/processed/acne04_yolo/labels/train/levle1_48.txt,10,10,0.000000,1.000000,1.000000,0,0,0,,false,PASS,
levle1_480,train,data/raw/acne04/Classification/JPEGImages/levle1_480.jpg,data/raw/acne04/Detection/VOC2007/Annotations/levle1_480.xml,data/processed/acne04_yolo/labels/train/levle1_480.txt,12,12,0.000000,1.000000,1.000000,0,0,0,,false,PASS,
levle1_481,val,data/raw/acne04/Classification/JPEGImages/levle1_481.jpg,data/raw/acne04/Detection/VOC2007/Annotations/levle1_481.xml,data/processed/acne04_yolo/labels/val/levle1_481.txt,6,6,0.000000,1.000000,1.000000,0,0,0,,false,PASS,
levle1_482,test,data/raw/acne04/Classification/JPEGImages/levle1_482.jpg,data/raw/acne04/Detection/VOC2007/Annotations/levle1_482.xml,data/processed/acne04_yolo/labels/test/levle1_482.txt,6,6,0.000000,1.000000,1.000000,0,0,0,,false,PASS,
levle1_483,train,data/raw/acne04/Classification/JPEGImages/levle1_483.jpg,data/raw/acne04/Detection/VOC2007/Annotations/levle1_483.xml,data/processed/acne04_yolo/labels/train/levle1_483.txt,6,6,0.000000,1.000000,1.000000,0,0,0,,false,PASS,
levle1_484,train,data/raw/acne04/Classification/JPEGImages/levle1_484.jpg,data/raw/acne04/Detection/VOC2007/Annotations/levle1_484.xml,data/processed/acne04_yolo/labels/train/levle1_484.txt,8,8,0.000000,1.000000,1.000000,0,0,0,,false,PASS,
levle1_485,train,data/raw/acne04/Classification/JPEGImages/levle1_485.jpg,data/raw/acne04/Detection/VOC2007/Annotations/levle1_485.xml,data/processed/acne04_yolo/labels/train/levle1_485.txt,8,8,0.000000,1.000000,1.000000,0,0,0,ac383d9c0f7a262ea2a61061ff5c4040615fde79388aaa9076be884550281857,false,PASS,
levle1_486,train,data/raw/acne04/Classification/JPEGImages/levle1_486.jpg,data/raw/acne04/Detection/VOC2007/Annotations/levle1_486.xml,data/processed/acne04_yolo/labels/train/levle1_486.txt,8,8,0.000000,1.000000,1.000000,0,0,0,0831ea7a4bc5e0477d5b41eec0553130c4811d8eebb93fc2eb0ce584a7c4a963,false,NEEDS_REVIEW,duplicate_group_annotation_counts_differ
levle1_487,train,data/raw/acne04/Classification/JPEGImages/levle1_487.jpg,data/raw/acne04/Detection/VOC2007/Annotations/levle1_487.xml,data/processed/acne04_yolo/labels/train/levle1_487.txt,12,12,0.000000,1.000000,1.000000,0,0,0,,false,PASS,
levle1_488,test,data/raw/acne04/Classification/JPEGImages/levle1_488.jpg,data/raw/acne04/Detection/VOC2007/Annotations/levle1_488.xml,data/processed/acne04_yolo/labels/test/levle1_488.txt,13,13,0.000000,1.000000,1.000000,0,0,0,,false,PASS,
levle1_489,val,data/raw/acne04/Classification/JPEGImages/levle1_489.jpg,data/raw/acne04/Detection/VOC2007/Annotations/levle1_489.xml,data/processed/acne04_yolo/labels/val/levle1_489.txt,13,13,0.000000,1.000000,1.000000,0,0,0,,false,PASS,
levle1_49,train,data/raw/acne04/Classification/JPEGImages/levle1_49.jpg,data/raw/acne04/Detection/VOC2007/Annotations/levle1_49.xml,data/processed/acne04_yolo/labels/train/levle1_49.txt,17,17,0.000000,1.000000,1.000000,0,0,0,,false,PASS,
levle1_490,test,data/raw/acne04/Classification/JPEGImages/levle1_490.jpg,data/raw/acne04/Detection/VOC2007/Annotations/levle1_490.xml,data/processed/acne04_yolo/labels/test/levle1_490.txt,7,7,0.000000,1.000000,1.000000,0,0,0,,false,PASS,
levle1_491,train,data/raw/acne04/Classification/JPEGImages/levle1_491.jpg,data/raw/acne04/Detection/VOC2007/Annotations/levle1_491.xml,data/processed/acne04_yolo/labels/train/levle1_491.txt,7,7,0.000000,1.000000,1.000000,0,0,0,,false,PASS,
levle1_492,test,data/raw/acne04/Classification/JPEGImages/levle1_492.jpg,data/raw/acne04/Detection/VOC2007/Annotations/levle1_492.xml,data/processed/acne04_yolo/labels/test/levle1_492.txt,9,9,0.000000,1.000000,1.000000,0,0,0,,false,PASS,
levle1_493,train,data/raw/acne04/Classification/JPEGImages/levle1_493.jpg,data/raw/acne04/Detection/VOC2007/Annotations/levle1_493.xml,data/processed/acne04_yolo/labels/train/levle1_493.txt,13,13,0.000000,1.000000,1.000000,0,0,0,,false,PASS,
levle1_494,train,data/raw/acne04/Classification/JPEGImages/levle1_494.jpg,data/raw/acne04/Detection/VOC2007/Annotations/levle1_494.xml,data/processed/acne04_yolo/labels/train/levle1_494.txt,6,6,0.000000,1.000000,1.000000,0,0,0,,false,PASS,
levle1_495,train,data/raw/acne04/Classification/JPEGImages/levle1_495.jpg,data/raw/acne04/Detection/VOC2007/Annotations/levle1_495.xml,data/processed/acne04_yolo/labels/train/levle1_495.txt,8,8,0.000000,1.000000,1.000000,0,0,0,,false,PASS,
levle1_496,test,data/raw/acne04/Classification/JPEGImages/levle1_496.jpg,data/raw/acne04/Detection/VOC2007/Annotations/levle1_496.xml,data/processed/acne04_yolo/labels/test/levle1_496.txt,10,10,0.000000,1.000000,1.000000,0,0,0,,false,PASS,
levle1_497,train,data/raw/acne04/Classification/JPEGImages/levle1_497.jpg,data/raw/acne04/Detection/VOC2007/Annotations/levle1_497.xml,data/processed/acne04_yolo/labels/train/levle1_497.txt,8,8,0.000000,1.000000,1.000000,0,0,0,,false,PASS,
levle1_498,train,data/raw/acne04/Classification/JPEGImages/levle1_498.jpg,data/raw/acne04/Detection/VOC2007/Annotations/levle1_498.xml,data/processed/acne04_yolo/labels/train/levle1_498.txt,9,9,0.000000,1.000000,1.000000,0,0,0,,false,PASS,
levle1_499,train,data/raw/acne04/Classification/JPEGImages/levle1_499.jpg,data/raw/acne04/Detection/VOC2007/Annotations/levle1_499.xml,data/processed/acne04_yolo/labels/train/levle1_499.txt,8,8,0.000000,1.000000,1.000000,0,0,0,,false,PASS,
levle1_5,train,data/raw/acne04/Classification/JPEGImages/levle1_5.jpg,data/raw/acne04/Detection/VOC2007/Annotations/levle1_5.xml,data/processed/acne04_yolo/labels/train/levle1_5.txt,15,15,0.000000,1.000000,1.000000,0,0,0,,false,PASS,
levle1_50,train,data/raw/acne04/Classification/JPEGImages/levle1_50.jpg,data/raw/acne04/Detection/VOC2007/Annotations/levle1_50.xml,data/processed/acne04_yolo/labels/train/levle1_50.txt,13,13,0.000000,1.000000,1.000000,0,0,0,,false,PASS,
levle1_500,train,data/raw/acne04/Classification/JPEGImages/levle1_500.jpg,data/raw/acne04/Detection/VOC2007/Annotations/levle1_500.xml,data/processed/acne04_yolo/labels/train/levle1_500.txt,6,6,0.000000,1.000000,1.000000,0,0,0,,false,PASS,
levle1_501,train,data/raw/acne04/Classification/JPEGImages/levle1_501.jpg,data/raw/acne04/Detection/VOC2007/Annotations/levle1_501.xml,data/processed/acne04_yolo/labels/train/levle1_501.txt,6,6,0.000000,1.000000,1.000000,0,0,0,,false,PASS,
levle1_502,val,data/raw/acne04/Classification/JPEGImages/levle1_502.jpg,data/raw/acne04/Detection/VOC2007/Annotations/levle1_502.xml,data/processed/acne04_yolo/labels/val/levle1_502.txt,7,7,0.000000,1.000000,1.000000,0,0,0,,false,PASS,
levle1_503,train,data/raw/acne04/Classification/JPEGImages/levle1_503.jpg,data/raw/acne04/Detection/VOC2007/Annotations/levle1_503.xml,data/processed/acne04_yolo/labels/train/levle1_503.txt,8,8,0.000000,1.000000,1.000000,0,0,0,bee48890973035c00481b8ccb33e15b76b0d0d9ba2599e86c0b4f1af3fbeaf65,false,NEEDS_REVIEW,duplicate_group_annotation_counts_differ
levle1_504,train,data/raw/acne04/Classification/JPEGImages/levle1_504.jpg,data/raw/acne04/Detection/VOC2007/Annotations/levle1_504.xml,data/processed/acne04_yolo/labels/train/levle1_504.txt,7,7,0.000000,1.000000,1.000000,0,0,0,828240b5dd6441a5b7e339b1c4257725175f9d1b6ec01d90a000bbfec1d16be5,false,NEEDS_REVIEW,duplicate_group_annotation_counts_differ
levle1_505,train,data/raw/acne04/Classification/JPEGImages/levle1_505.jpg,data/raw/acne04/Detection/VOC2007/Annotations/levle1_505.xml,data/processed/acne04_yolo/labels/train/levle1_505.txt,9,9,0.000000,1.000000,1.000000,0,0,0,,false,PASS,
levle1_506,train,data/raw/acne04/Classification/JPEGImages/levle1_506.jpg,data/raw/acne04/Detection/VOC2007/Annotations/levle1_506.xml,data/processed/acne04_yolo/labels/train/levle1_506.txt,7,7,0.000000,1.000000,1.000000,0,0,0,,false,PASS,
levle1_507,train,data/raw/acne04/Classification/JPEGImages/levle1_507.jpg,data/raw/acne04/Detection/VOC2007/Annotations/levle1_507.xml,data/processed/acne04_yolo/labels/train/levle1_507.txt,10,10,0.000000,1.000000,1.000000,0,0,0,,false,PASS,
levle1_508,train,data/raw/acne04/Classification/JPEGImages/levle1_508.jpg,data/raw/acne04/Detection/VOC2007/Annotations/levle1_508.xml,data/processed/acne04_yolo/labels/train/levle1_508.txt,13,13,0.000000,1.000000,1.000000,0,0,0,,false,PASS,
levle1_509,train,data/raw/acne04/Classification/JPEGImages/levle1_509.jpg,data/raw/acne04/Detection/VOC2007/Annotations/levle1_509.xml,data/processed/acne04_yolo/labels/train/levle1_509.txt,9,9,0.000000,1.000000,1.000000,0,0,0,,false,PASS,
levle1_51,train,data/raw/acne04/Classification/JPEGImages/levle1_51.jpg,data/raw/acne04/Detection/VOC2007/Annotations/levle1_51.xml,data/processed/acne04_yolo/labels/train/levle1_51.txt,12,12,0.000000,1.000000,1.000000,0,0,0,,false,PASS,
levle1_510,test,data/raw/acne04/Classification/JPEGImages/levle1_510.jpg,data/raw/acne04/Detection/VOC2007/Annotations/levle1_510.xml,data/processed/acne04_yolo/labels/test/levle1_510.txt,12,12,0.000000,1.000000,1.000000,0,0,0,,false,PASS,
levle1_511,val,data/raw/acne04/Classification/JPEGImages/levle1_511.jpg,data/raw/acne04/Detection/VOC2007/Annotations/levle1_511.xml,data/processed/acne04_yolo/labels/val/levle1_511.txt,6,6,0.000000,1.000000,1.000000,0,0,0,,false,PASS,
levle1_512,train,data/raw/acne04/Classification/JPEGImages/levle1_512.jpg,data/raw/acne04/Detection/VOC2007/Annotations/levle1_512.xml,data/processed/acne04_yolo/labels/train/levle1_512.txt,7,7,0.000000,1.000000,1.000000,0,0,0,,false,PASS,
levle1_513,train,data/raw/acne04/Classification/JPEGImages/levle1_513.jpg,data/raw/acne04/Detection/VOC2007/Annotations/levle1_513.xml,data/processed/acne04_yolo/labels/train/levle1_513.txt,7,7,0.000000,1.000000,1.000000,0,0,0,,false,PASS,
levle1_514,test,data/raw/acne04/Classification/JPEGImages/levle1_514.jpg,data/raw/acne04/Detection/VOC2007/Annotations/levle1_514.xml,data/processed/acne04_yolo/labels/test/levle1_514.txt,7,7,0.000000,1.000000,1.000000,0,0,0,,false,PASS,
levle1_515,train,data/raw/acne04/Classification/JPEGImages/levle1_515.jpg,data/raw/acne04/Detection/VOC2007/Annotations/levle1_515.xml,data/processed/acne04_yolo/labels/train/levle1_515.txt,14,14,0.000000,1.000000,1.000000,0,0,0,,false,PASS,
levle1_516,train,data/raw/acne04/Classification/JPEGImages/levle1_516.jpg,data/raw/acne04/Detection/VOC2007/Annotations/levle1_516.xml,data/processed/acne04_yolo/labels/train/levle1_516.txt,12,12,0.000000,1.000000,1.000000,0,0,0,,false,PASS,
levle1_517,train,data/raw/acne04/Classification/JPEGImages/levle1_517.jpg,data/raw/acne04/Detection/VOC2007/Annotations/levle1_517.xml,data/processed/acne04_yolo/labels/train/levle1_517.txt,9,9,0.000000,1.000000,1.000000,0,0,0,,false,PASS,
levle1_518,train,data/raw/acne04/Classification/JPEGImages/levle1_518.jpg,data/raw/acne04/Detection/VOC2007/Annotations/levle1_518.xml,data/processed/acne04_yolo/labels/train/levle1_518.txt,6,6,0.000000,1.000000,1.000000,0,0,0,,false,PASS,
levle1_519,train,data/raw/acne04/Classification/JPEGImages/levle1_519.jpg,data/raw/acne04/Detection/VOC2007/Annotations/levle1_519.xml,data/processed/acne04_yolo/labels/train/levle1_519.txt,10,10,0.000000,1.000000,1.000000,0,0,0,,false,PASS,
levle1_52,val,data/raw/acne04/Classification/JPEGImages/levle1_52.jpg,data/raw/acne04/Detection/VOC2007/Annotations/levle1_52.xml,data/processed/acne04_yolo/labels/val/levle1_52.txt,8,8,0.000000,1.000000,1.000000,0,0,0,,false,PASS,
levle1_520,test,data/raw/acne04/Classification/JPEGImages/levle1_520.jpg,data/raw/acne04/Detection/VOC2007/Annotations/levle1_520.xml,data/processed/acne04_yolo/labels/test/levle1_520.txt,6,6,0.000000,1.000000,1.000000,0,0,0,,false,PASS,
levle1_521,train,data/raw/acne04/Classification/JPEGImages/levle1_521.jpg,data/raw/acne04/Detection/VOC2007/Annotations/levle1_521.xml,data/processed/acne04_yolo/labels/train/levle1_521.txt,7,7,0.000000,1.000000,1.000000,0,0,0,,false,PASS,
levle1_522,train,data/raw/acne04/Classification/JPEGImages/levle1_522.jpg,data/raw/acne04/Detection/VOC2007/Annotations/levle1_522.xml,data/processed/acne04_yolo/labels/train/levle1_522.txt,6,6,0.000000,1.000000,1.000000,0,0,0,,false,PASS,
levle1_523,train,data/raw/acne04/Classification/JPEGImages/levle1_523.jpg,data/raw/acne04/Detection/VOC2007/Annotations/levle1_523.xml,data/processed/acne04_yolo/labels/train/levle1_523.txt,10,10,0.000000,1.000000,1.000000,0,0,0,,false,PASS,
levle1_524,train,data/raw/acne04/Classification/JPEGImages/levle1_524.jpg,data/raw/acne04/Detection/VOC2007/Annotations/levle1_524.xml,data/processed/acne04_yolo/labels/train/levle1_524.txt,10,10,0.000000,1.000000,1.000000,0,0,0,,false,PASS,
levle1_525,train,data/raw/acne04/Classification/JPEGImages/levle1_525.jpg,data/raw/acne04/Detection/VOC2007/Annotations/levle1_525.xml,data/processed/acne04_yolo/labels/train/levle1_525.txt,8,8,0.000000,1.000000,1.000000,0,0,0,,false,PASS,
levle1_526,train,data/raw/acne04/Classification/JPEGImages/levle1_526.jpg,data/raw/acne04/Detection/VOC2007/Annotations/levle1_526.xml,data/processed/acne04_yolo/labels/train/levle1_526.txt,11,11,0.000000,1.000000,1.000000,0,0,0,,false,PASS,
levle1_527,train,data/raw/acne04/Classification/JPEGImages/levle1_527.jpg,data/raw/acne04/Detection/VOC2007/Annotations/levle1_527.xml,data/processed/acne04_yolo/labels/train/levle1_527.txt,6,6,0.000000,1.000000,1.000000,0,0,0,,false,PASS,
levle1_528,train,data/raw/acne04/Classification/JPEGImages/levle1_528.jpg,data/raw/acne04/Detection/VOC2007/Annotations/levle1_528.xml,data/processed/acne04_yolo/labels/train/levle1_528.txt,6,6,0.000000,1.000000,1.000000,0,0,0,,false,PASS,
levle1_529,train,data/raw/acne04/Classification/JPEGImages/levle1_529.jpg,data/raw/acne04/Detection/VOC2007/Annotations/levle1_529.xml,data/processed/acne04_yolo/labels/train/levle1_529.txt,7,7,0.000000,1.000000,1.000000,0,0,0,,false,PASS,
levle1_53,test,data/raw/acne04/Classification/JPEGImages/levle1_53.jpg,data/raw/acne04/Detection/VOC2007/Annotations/levle1_53.xml,data/processed/acne04_yolo/labels/test/levle1_53.txt,11,11,0.000000,1.000000,1.000000,0,0,0,,false,PASS,
levle1_530,train,data/raw/acne04/Classification/JPEGImages/levle1_530.jpg,data/raw/acne04/Detection/VOC2007/Annotations/levle1_530.xml,data/processed/acne04_yolo/labels/train/levle1_530.txt,13,13,0.000000,1.000000,1.000000,0,0,0,,false,PASS,
levle1_531,train,data/raw/acne04/Classification/JPEGImages/levle1_531.jpg,data/raw/acne04/Detection/VOC2007/Annotations/levle1_531.xml,data/processed/acne04_yolo/labels/train/levle1_531.txt,17,17,0.000000,1.000000,1.000000,0,0,0,,false,PASS,
levle1_532,val,data/raw/acne04/Classification/JPEGImages/levle1_532.jpg,data/raw/acne04/Detection/VOC2007/Annotations/levle1_532.xml,data/processed/acne04_yolo/labels/val/levle1_532.txt,7,7,0.000000,1.000000,1.000000,0,0,0,,false,PASS,
levle1_533,train,data/raw/acne04/Classification/JPEGImages/levle1_533.jpg,data/raw/acne04/Detection/VOC2007/Annotations/levle1_533.xml,data/processed/acne04_yolo/labels/train/levle1_533.txt,6,6,0.000000,1.000000,1.000000,0,0,0,,false,PASS,
levle1_534,val,data/raw/acne04/Classification/JPEGImages/levle1_534.jpg,data/raw/acne04/Detection/VOC2007/Annotations/levle1_534.xml,data/processed/acne04_yolo/labels/val/levle1_534.txt,9,9,0.000000,1.000000,1.000000,0,0,0,,false,PASS,
levle1_535,val,data/raw/acne04/Classification/JPEGImages/levle1_535.jpg,data/raw/acne04/Detection/VOC2007/Annotations/levle1_535.xml,data/processed/acne04_yolo/labels/val/levle1_535.txt,6,6,0.000000,1.000000,1.000000,0,0,0,,false,PASS,
levle1_536,train,data/raw/acne04/Classification/JPEGImages/levle1_536.jpg,data/raw/acne04/Detection/VOC2007/Annotations/levle1_536.xml,data/processed/acne04_yolo/labels/train/levle1_536.txt,7,7,0.000000,1.000000,1.000000,0,0,0,,false,PASS,
levle1_537,train,data/raw/acne04/Classification/JPEGImages/levle1_537.jpg,data/raw/acne04/Detection/VOC2007/Annotations/levle1_537.xml,data/processed/acne04_yolo/labels/train/levle1_537.txt,19,19,0.000000,1.000000,1.000000,0,0,0,,false,PASS,
levle1_538,val,data/raw/acne04/Classification/JPEGImages/levle1_538.jpg,data/raw/acne04/Detection/VOC2007/Annotations/levle1_538.xml,data/processed/acne04_yolo/labels/val/levle1_538.txt,10,10,0.000000,1.000000,1.000000,0,0,0,,false,PASS,
levle1_539,train,data/raw/acne04/Classification/JPEGImages/levle1_539.jpg,data/raw/acne04/Detection/VOC2007/Annotations/levle1_539.xml,data/processed/acne04_yolo/labels/train/levle1_539.txt,10,10,0.000000,1.000000,1.000000,0,0,0,,false,PASS,
levle1_54,train,data/raw/acne04/Classification/JPEGImages/levle1_54.jpg,data/raw/acne04/Detection/VOC2007/Annotations/levle1_54.xml,data/processed/acne04_yolo/labels/train/levle1_54.txt,9,9,0.000000,1.000000,1.000000,0,0,0,611532acc5ec2bf348ef5c4188532e15c8de490178c8b33cdc8fc972d2fb64d3,false,NEEDS_REVIEW,duplicate_group_annotation_counts_differ
levle1_540,train,data/raw/acne04/Classification/JPEGImages/levle1_540.jpg,data/raw/acne04/Detection/VOC2007/Annotations/levle1_540.xml,data/processed/acne04_yolo/labels/train/levle1_540.txt,15,15,0.000000,1.000000,1.000000,0,0,0,,false,PASS,
levle1_541,test,data/raw/acne04/Classification/JPEGImages/levle1_541.jpg,data/raw/acne04/Detection/VOC2007/Annotations/levle1_541.xml,data/processed/acne04_yolo/labels/test/levle1_541.txt,13,13,0.000000,1.000000,1.000000,0,0,0,,false,PASS,
levle1_542,test,data/raw/acne04/Classification/JPEGImages/levle1_542.jpg,data/raw/acne04/Detection/VOC2007/Annotations/levle1_542.xml,data/processed/acne04_yolo/labels/test/levle1_542.txt,6,6,0.000000,1.000000,1.000000,0,0,0,,false,PASS,
levle1_543,train,data/raw/acne04/Classification/JPEGImages/levle1_543.jpg,data/raw/acne04/Detection/VOC2007/Annotations/levle1_543.xml,data/processed/acne04_yolo/labels/train/levle1_543.txt,12,12,0.000000,1.000000,1.000000,0,0,0,,false,PASS,
levle1_544,test,data/raw/acne04/Classification/JPEGImages/levle1_544.jpg,data/raw/acne04/Detection/VOC2007/Annotations/levle1_544.xml,data/processed/acne04_yolo/labels/test/levle1_544.txt,5,5,0.000000,1.000000,1.000000,0,0,0,,false,PASS,
levle1_545,test,data/raw/acne04/Classification/JPEGImages/levle1_545.jpg,data/raw/acne04/Detection/VOC2007/Annotations/levle1_545.xml,data/processed/acne04_yolo/labels/test/levle1_545.txt,10,10,0.000000,1.000000,1.000000,0,0,0,,false,PASS,
levle1_546,train,data/raw/acne04/Classification/JPEGImages/levle1_546.jpg,data/raw/acne04/Detection/VOC2007/Annotations/levle1_546.xml,data/processed/acne04_yolo/labels/train/levle1_546.txt,10,10,0.000000,1.000000,1.000000,0,0,0,,false,PASS,
levle1_547,train,data/raw/acne04/Classification/JPEGImages/levle1_547.jpg,data/raw/acne04/Detection/VOC2007/Annotations/levle1_547.xml,data/processed/acne04_yolo/labels/train/levle1_547.txt,6,6,0.000000,1.000000,1.000000,0,0,0,,false,PASS,
levle1_548,test,data/raw/acne04/Classification/JPEGImages/levle1_548.jpg,data/raw/acne04/Detection/VOC2007/Annotations/levle1_548.xml,data/processed/acne04_yolo/labels/test/levle1_548.txt,8,8,0.000000,1.000000,1.000000,0,0,0,,false,PASS,
levle1_549,train,data/raw/acne04/Classification/JPEGImages/levle1_549.jpg,data/raw/acne04/Detection/VOC2007/Annotations/levle1_549.xml,data/processed/acne04_yolo/labels/train/levle1_549.txt,8,8,0.000000,1.000000,1.000000,0,0,0,,false,PASS,
levle1_55,train,data/raw/acne04/Classification/JPEGImages/levle1_55.jpg,data/raw/acne04/Detection/VOC2007/Annotations/levle1_55.xml,data/processed/acne04_yolo/labels/train/levle1_55.txt,9,9,0.000000,1.000000,1.000000,0,0,0,,false,PASS,
levle1_550,train,data/raw/acne04/Classification/JPEGImages/levle1_550.jpg,data/raw/acne04/Detection/VOC2007/Annotations/levle1_550.xml,data/processed/acne04_yolo/labels/train/levle1_550.txt,10,10,0.000000,1.000000,1.000000,0,0,0,,false,PASS,
levle1_551,train,data/raw/acne04/Classification/JPEGImages/levle1_551.jpg,data/raw/acne04/Detection/VOC2007/Annotations/levle1_551.xml,data/processed/acne04_yolo/labels/train/levle1_551.txt,8,8,0.000000,1.000000,1.000000,0,0,0,,false,PASS,
levle1_552,train,data/raw/acne04/Classification/JPEGImages/levle1_552.jpg,data/raw/acne04/Detection/VOC2007/Annotations/levle1_552.xml,data/processed/acne04_yolo/labels/train/levle1_552.txt,6,6,0.000000,1.000000,1.000000,0,0,0,,false,PASS,
levle1_553,test,data/raw/acne04/Classification/JPEGImages/levle1_553.jpg,data/raw/acne04/Detection/VOC2007/Annotations/levle1_553.xml,data/processed/acne04_yolo/labels/test/levle1_553.txt,11,11,0.000000,1.000000,1.000000,0,0,1,,false,NEEDS_REVIEW,contains_very_small_box
levle1_554,train,data/raw/acne04/Classification/JPEGImages/levle1_554.jpg,data/raw/acne04/Detection/VOC2007/Annotations/levle1_554.xml,data/processed/acne04_yolo/labels/train/levle1_554.txt,15,15,0.000000,1.000000,1.000000,0,0,0,,false,PASS,
levle1_555,test,data/raw/acne04/Classification/JPEGImages/levle1_555.jpg,data/raw/acne04/Detection/VOC2007/Annotations/levle1_555.xml,data/processed/acne04_yolo/labels/test/levle1_555.txt,14,14,0.000000,1.000000,1.000000,0,0,0,,false,PASS,
levle1_556,train,data/raw/acne04/Classification/JPEGImages/levle1_556.jpg,data/raw/acne04/Detection/VOC2007/Annotations/levle1_556.xml,data/processed/acne04_yolo/labels/train/levle1_556.txt,14,14,0.000000,1.000000,1.000000,0,0,0,,false,PASS,
levle1_557,train,data/raw/acne04/Classification/JPEGImages/levle1_557.jpg,data/raw/acne04/Detection/VOC2007/Annotations/levle1_557.xml,data/processed/acne04_yolo/labels/train/levle1_557.txt,8,8,0.000000,1.000000,1.000000,0,0,0,,false,PASS,
levle1_558,train,data/raw/acne04/Classification/JPEGImages/levle1_558.jpg,data/raw/acne04/Detection/VOC2007/Annotations/levle1_558.xml,data/processed/acne04_yolo/labels/train/levle1_558.txt,10,10,0.000000,1.000000,1.000000,0,0,0,,false,PASS,
levle1_559,test,data/raw/acne04/Classification/JPEGImages/levle1_559.jpg,data/raw/acne04/Detection/VOC2007/Annotations/levle1_559.xml,data/processed/acne04_yolo/labels/test/levle1_559.txt,1,1,0.000000,1.000000,1.000000,0,0,0,,false,PASS,
levle1_56,test,data/raw/acne04/Classification/JPEGImages/levle1_56.jpg,data/raw/acne04/Detection/VOC2007/Annotations/levle1_56.xml,data/processed/acne04_yolo/labels/test/levle1_56.txt,20,20,0.000000,1.000000,1.000000,0,0,0,,false,PASS,
levle1_560,train,data/raw/acne04/Classification/JPEGImages/levle1_560.jpg,data/raw/acne04/Detection/VOC2007/Annotations/levle1_560.xml,data/processed/acne04_yolo/labels/train/levle1_560.txt,7,7,0.000000,1.000000,1.000000,0,0,0,,false,PASS,
levle1_561,test,data/raw/acne04/Classification/JPEGImages/levle1_561.jpg,data/raw/acne04/Detection/VOC2007/Annotations/levle1_561.xml,data/processed/acne04_yolo/labels/test/levle1_561.txt,9,9,0.000000,1.000000,1.000000,0,0,0,,false,PASS,
levle1_562,val,data/raw/acne04/Classification/JPEGImages/levle1_562.jpg,data/raw/acne04/Detection/VOC2007/Annotations/levle1_562.xml,data/processed/acne04_yolo/labels/val/levle1_562.txt,11,11,0.000000,1.000000,1.000000,0,0,0,,false,PASS,
levle1_563,train,data/raw/acne04/Classification/JPEGImages/levle1_563.jpg,data/raw/acne04/Detection/VOC2007/Annotations/levle1_563.xml,data/processed/acne04_yolo/labels/train/levle1_563.txt,11,11,0.000000,1.000000,1.000000,0,0,0,,false,PASS,
levle1_564,val,data/raw/acne04/Classification/JPEGImages/levle1_564.jpg,data/raw/acne04/Detection/VOC2007/Annotations/levle1_564.xml,data/processed/acne04_yolo/labels/val/levle1_564.txt,12,12,0.000000,1.000000,1.000000,0,0,0,,false,PASS,
levle1_565,train,data/raw/acne04/Classification/JPEGImages/levle1_565.jpg,data/raw/acne04/Detection/VOC2007/Annotations/levle1_565.xml,data/processed/acne04_yolo/labels/train/levle1_565.txt,9,9,0.000000,1.000000,1.000000,0,0,0,,false,PASS,
levle1_566,train,data/raw/acne04/Classification/JPEGImages/levle1_566.jpg,data/raw/acne04/Detection/VOC2007/Annotations/levle1_566.xml,data/processed/acne04_yolo/labels/train/levle1_566.txt,15,15,0.000000,1.000000,1.000000,0,0,0,,false,PASS,
levle1_567,train,data/raw/acne04/Classification/JPEGImages/levle1_567.jpg,data/raw/acne04/Detection/VOC2007/Annotations/levle1_567.xml,data/processed/acne04_yolo/labels/train/levle1_567.txt,14,14,0.000000,1.000000,1.000000,0,0,0,,false,PASS,
levle1_568,train,data/raw/acne04/Classification/JPEGImages/levle1_568.jpg,data/raw/acne04/Detection/VOC2007/Annotations/levle1_568.xml,data/processed/acne04_yolo/labels/train/levle1_568.txt,9,9,0.000000,1.000000,1.000000,0,0,0,,false,PASS,
levle1_569,train,data/raw/acne04/Classification/JPEGImages/levle1_569.jpg,data/raw/acne04/Detection/VOC2007/Annotations/levle1_569.xml,data/processed/acne04_yolo/labels/train/levle1_569.txt,11,11,0.000000,1.000000,1.000000,0,0,0,,false,PASS,
levle1_57,train,data/raw/acne04/Classification/JPEGImages/levle1_57.jpg,data/raw/acne04/Detection/VOC2007/Annotations/levle1_57.xml,data/processed/acne04_yolo/labels/train/levle1_57.txt,20,20,0.000000,1.000000,1.000000,0,0,0,,false,PASS,
levle1_570,train,data/raw/acne04/Classification/JPEGImages/levle1_570.jpg,data/raw/acne04/Detection/VOC2007/Annotations/levle1_570.xml,data/processed/acne04_yolo/labels/train/levle1_570.txt,10,10,0.000000,1.000000,1.000000,0,0,0,,false,PASS,
levle1_571,train,data/raw/acne04/Classification/JPEGImages/levle1_571.jpg,data/raw/acne04/Detection/VOC2007/Annotations/levle1_571.xml,data/processed/acne04_yolo/labels/train/levle1_571.txt,13,13,0.000000,1.000000,1.000000,0,0,0,,false,PASS,
levle1_572,train,data/raw/acne04/Classification/JPEGImages/levle1_572.jpg,data/raw/acne04/Detection/VOC2007/Annotations/levle1_572.xml,data/processed/acne04_yolo/labels/train/levle1_572.txt,11,11,0.000000,1.000000,1.000000,0,0,0,2666ed0601e6579477889e5671972520bf5bd766ed6ac383d51c44107f46606a,false,NEEDS_REVIEW,duplicate_group_annotation_counts_differ
levle1_573,train,data/raw/acne04/Classification/JPEGImages/levle1_573.jpg,data/raw/acne04/Detection/VOC2007/Annotations/levle1_573.xml,data/processed/acne04_yolo/labels/train/levle1_573.txt,16,16,0.000000,1.000000,1.000000,0,0,0,6bbc2d30d4bb10853d24f732a29fe7cba57df0628ce087cc02a9b3ddce8dc485,false,NEEDS_REVIEW,duplicate_group_annotation_counts_differ
levle1_574,train,data/raw/acne04/Classification/JPEGImages/levle1_574.jpg,data/raw/acne04/Detection/VOC2007/Annotations/levle1_574.xml,data/processed/acne04_yolo/labels/train/levle1_574.txt,7,7,0.000000,1.000000,1.000000,0,0,0,2666ed0601e6579477889e5671972520bf5bd766ed6ac383d51c44107f46606a,false,NEEDS_REVIEW,duplicate_group_annotation_counts_differ
levle1_575,train,data/raw/acne04/Classification/JPEGImages/levle1_575.jpg,data/raw/acne04/Detection/VOC2007/Annotations/levle1_575.xml,data/processed/acne04_yolo/labels/train/levle1_575.txt,15,15,0.000000,1.000000,1.000000,0,0,0,6bbc2d30d4bb10853d24f732a29fe7cba57df0628ce087cc02a9b3ddce8dc485,false,NEEDS_REVIEW,duplicate_group_annotation_counts_differ
levle1_576,train,data/raw/acne04/Classification/JPEGImages/levle1_576.jpg,data/raw/acne04/Detection/VOC2007/Annotations/levle1_576.xml,data/processed/acne04_yolo/labels/train/levle1_576.txt,9,9,0.000000,1.000000,1.000000,0,0,0,,false,PASS,
levle1_577,train,data/raw/acne04/Classification/JPEGImages/levle1_577.jpg,data/raw/acne04/Detection/VOC2007/Annotations/levle1_577.xml,data/processed/acne04_yolo/labels/train/levle1_577.txt,11,11,0.000000,1.000000,1.000000,0,0,0,,false,PASS,
levle1_578,train,data/raw/acne04/Classification/JPEGImages/levle1_578.jpg,data/raw/acne04/Detection/VOC2007/Annotations/levle1_578.xml,data/processed/acne04_yolo/labels/train/levle1_578.txt,9,9,0.000000,1.000000,1.000000,0,0,0,,false,PASS,
levle1_579,val,data/raw/acne04/Classification/JPEGImages/levle1_579.jpg,data/raw/acne04/Detection/VOC2007/Annotations/levle1_579.xml,data/processed/acne04_yolo/labels/val/levle1_579.txt,10,10,0.000000,1.000000,1.000000,0,0,0,,false,PASS,
levle1_58,val,data/raw/acne04/Classification/JPEGImages/levle1_58.jpg,data/raw/acne04/Detection/VOC2007/Annotations/levle1_58.xml,data/processed/acne04_yolo/labels/val/levle1_58.txt,9,9,0.000000,1.000000,1.000000,0,0,0,,false,PASS,
levle1_580,test,data/raw/acne04/Classification/JPEGImages/levle1_580.jpg,data/raw/acne04/Detection/VOC2007/Annotations/levle1_580.xml,data/processed/acne04_yolo/labels/test/levle1_580.txt,10,10,0.000000,1.000000,1.000000,0,0,0,,false,PASS,
levle1_581,train,data/raw/acne04/Classification/JPEGImages/levle1_581.jpg,data/raw/acne04/Detection/VOC2007/Annotations/levle1_581.xml,data/processed/acne04_yolo/labels/train/levle1_581.txt,6,6,0.000000,1.000000,1.000000,0,0,0,,false,PASS,
levle1_582,train,data/raw/acne04/Classification/JPEGImages/levle1_582.jpg,data/raw/acne04/Detection/VOC2007/Annotations/levle1_582.xml,data/processed/acne04_yolo/labels/train/levle1_582.txt,10,10,0.000000,1.000000,1.000000,0,0,0,,false,PASS,
levle1_583,train,data/raw/acne04/Classification/JPEGImages/levle1_583.jpg,data/raw/acne04/Detection/VOC2007/Annotations/levle1_583.xml,data/processed/acne04_yolo/labels/train/levle1_583.txt,11,11,0.000000,1.000000,1.000000,0,0,0,,false,PASS,
levle1_584,train,data/raw/acne04/Classification/JPEGImages/levle1_584.jpg,data/raw/acne04/Detection/VOC2007/Annotations/levle1_584.xml,data/processed/acne04_yolo/labels/train/levle1_584.txt,12,12,0.000000,1.000000,1.000000,0,0,0,,false,PASS,
levle1_585,test,data/raw/acne04/Classification/JPEGImages/levle1_585.jpg,data/raw/acne04/Detection/VOC2007/Annotations/levle1_585.xml,data/processed/acne04_yolo/labels/test/levle1_585.txt,11,11,0.000000,1.000000,1.000000,0,0,0,,false,PASS,
levle1_586,train,data/raw/acne04/Classification/JPEGImages/levle1_586.jpg,data/raw/acne04/Detection/VOC2007/Annotations/levle1_586.xml,data/processed/acne04_yolo/labels/train/levle1_586.txt,12,12,0.000000,1.000000,1.000000,0,0,0,,false,PASS,
levle1_587,train,data/raw/acne04/Classification/JPEGImages/levle1_587.jpg,data/raw/acne04/Detection/VOC2007/Annotations/levle1_587.xml,data/processed/acne04_yolo/labels/train/levle1_587.txt,8,8,0.000000,1.000000,1.000000,0,0,0,,false,PASS,
levle1_588,train,data/raw/acne04/Classification/JPEGImages/levle1_588.jpg,data/raw/acne04/Detection/VOC2007/Annotations/levle1_588.xml,data/processed/acne04_yolo/labels/train/levle1_588.txt,12,12,0.000000,1.000000,1.000000,0,0,0,,false,PASS,
levle1_589,test,data/raw/acne04/Classification/JPEGImages/levle1_589.jpg,data/raw/acne04/Detection/VOC2007/Annotations/levle1_589.xml,data/processed/acne04_yolo/labels/test/levle1_589.txt,12,12,0.000000,1.000000,1.000000,0,0,0,,false,PASS,
levle1_59,train,data/raw/acne04/Classification/JPEGImages/levle1_59.jpg,data/raw/acne04/Detection/VOC2007/Annotations/levle1_59.xml,data/processed/acne04_yolo/labels/train/levle1_59.txt,7,7,0.000000,1.000000,1.000000,0,0,0,,false,PASS,
levle1_590,train,data/raw/acne04/Classification/JPEGImages/levle1_590.jpg,data/raw/acne04/Detection/VOC2007/Annotations/levle1_590.xml,data/processed/acne04_yolo/labels/train/levle1_590.txt,19,19,0.000000,1.000000,1.000000,0,0,0,,false,PASS,
levle1_591,train,data/raw/acne04/Classification/JPEGImages/levle1_591.jpg,data/raw/acne04/Detection/VOC2007/Annotations/levle1_591.xml,data/processed/acne04_yolo/labels/train/levle1_591.txt,11,11,0.000000,1.000000,1.000000,0,0,0,,false,PASS,
levle1_592,train,data/raw/acne04/Classification/JPEGImages/levle1_592.jpg,data/raw/acne04/Detection/VOC2007/Annotations/levle1_592.xml,data/processed/acne04_yolo/labels/train/levle1_592.txt,6,6,0.000000,1.000000,1.000000,0,0,0,,false,PASS,
levle1_593,train,data/raw/acne04/Classification/JPEGImages/levle1_593.jpg,data/raw/acne04/Detection/VOC2007/Annotations/levle1_593.xml,data/processed/acne04_yolo/labels/train/levle1_593.txt,6,6,0.000000,1.000000,1.000000,0,0,0,,false,PASS,
levle1_594,val,data/raw/acne04/Classification/JPEGImages/levle1_594.jpg,data/raw/acne04/Detection/VOC2007/Annotations/levle1_594.xml,data/processed/acne04_yolo/labels/val/levle1_594.txt,11,11,0.000000,1.000000,1.000000,0,0,0,,false,PASS,
levle1_595,test,data/raw/acne04/Classification/JPEGImages/levle1_595.jpg,data/raw/acne04/Detection/VOC2007/Annotations/levle1_595.xml,data/processed/acne04_yolo/labels/test/levle1_595.txt,7,7,0.000000,1.000000,1.000000,0,0,0,,false,PASS,
levle1_596,val,data/raw/acne04/Classification/JPEGImages/levle1_596.jpg,data/raw/acne04/Detection/VOC2007/Annotations/levle1_596.xml,data/processed/acne04_yolo/labels/val/levle1_596.txt,6,6,0.000000,1.000000,1.000000,0,0,0,,false,PASS,
levle1_597,train,data/raw/acne04/Classification/JPEGImages/levle1_597.jpg,data/raw/acne04/Detection/VOC2007/Annotations/levle1_597.xml,data/processed/acne04_yolo/labels/train/levle1_597.txt,7,7,0.000000,1.000000,1.000000,0,0,0,,false,PASS,
levle1_598,train,data/raw/acne04/Classification/JPEGImages/levle1_598.jpg,data/raw/acne04/Detection/VOC2007/Annotations/levle1_598.xml,data/processed/acne04_yolo/labels/train/levle1_598.txt,12,12,0.000000,1.000000,1.000000,0,0,0,,false,PASS,
levle1_599,train,data/raw/acne04/Classification/JPEGImages/levle1_599.jpg,data/raw/acne04/Detection/VOC2007/Annotations/levle1_599.xml,data/processed/acne04_yolo/labels/train/levle1_599.txt,12,12,0.000000,1.000000,1.000000,0,0,0,,false,PASS,
levle1_6,test,data/raw/acne04/Classification/JPEGImages/levle1_6.jpg,data/raw/acne04/Detection/VOC2007/Annotations/levle1_6.xml,data/processed/acne04_yolo/labels/test/levle1_6.txt,6,6,0.000000,1.000000,1.000000,0,0,0,,false,PASS,
levle1_60,train,data/raw/acne04/Classification/JPEGImages/levle1_60.jpg,data/raw/acne04/Detection/VOC2007/Annotations/levle1_60.xml,data/processed/acne04_yolo/labels/train/levle1_60.txt,10,10,0.000000,1.000000,1.000000,0,0,0,,false,PASS,
levle1_600,train,data/raw/acne04/Classification/JPEGImages/levle1_600.jpg,data/raw/acne04/Detection/VOC2007/Annotations/levle1_600.xml,data/processed/acne04_yolo/labels/train/levle1_600.txt,7,7,0.000000,1.000000,1.000000,0,0,0,,false,PASS,
levle1_601,val,data/raw/acne04/Classification/JPEGImages/levle1_601.jpg,data/raw/acne04/Detection/VOC2007/Annotations/levle1_601.xml,data/processed/acne04_yolo/labels/val/levle1_601.txt,7,7,0.000000,1.000000,1.000000,0,0,0,,false,PASS,
levle1_603,test,data/raw/acne04/Classification/JPEGImages/levle1_603.jpg,data/raw/acne04/Detection/VOC2007/Annotations/levle1_603.xml,data/processed/acne04_yolo/labels/test/levle1_603.txt,9,9,0.000000,1.000000,1.000000,0,0,0,,false,PASS,
levle1_604,val,data/raw/acne04/Classification/JPEGImages/levle1_604.jpg,data/raw/acne04/Detection/VOC2007/Annotations/levle1_604.xml,data/processed/acne04_yolo/labels/val/levle1_604.txt,8,8,0.000000,1.000000,1.000000,0,0,0,,false,PASS,
levle1_605,test,data/raw/acne04/Classification/JPEGImages/levle1_605.jpg,data/raw/acne04/Detection/VOC2007/Annotations/levle1_605.xml,data/processed/acne04_yolo/labels/test/levle1_605.txt,15,15,0.000000,1.000000,1.000000,0,0,0,,false,PASS,
levle1_606,train,data/raw/acne04/Classification/JPEGImages/levle1_606.jpg,data/raw/acne04/Detection/VOC2007/Annotations/levle1_606.xml,data/processed/acne04_yolo/labels/train/levle1_606.txt,14,14,0.000000,1.000000,1.000000,0,0,0,,false,PASS,
levle1_607,train,data/raw/acne04/Classification/JPEGImages/levle1_607.jpg,data/raw/acne04/Detection/VOC2007/Annotations/levle1_607.xml,data/processed/acne04_yolo/labels/train/levle1_607.txt,9,9,0.000000,1.000000,1.000000,0,0,0,,false,PASS,
levle1_608,test,data/raw/acne04/Classification/JPEGImages/levle1_608.jpg,data/raw/acne04/Detection/VOC2007/Annotations/levle1_608.xml,data/processed/acne04_yolo/labels/test/levle1_608.txt,8,8,0.000000,1.000000,1.000000,0,0,0,,false,PASS,
levle1_609,train,data/raw/acne04/Classification/JPEGImages/levle1_609.jpg,data/raw/acne04/Detection/VOC2007/Annotations/levle1_609.xml,data/processed/acne04_yolo/labels/train/levle1_609.txt,11,11,0.000000,1.000000,1.000000,0,0,0,,false,PASS,
levle1_61,train,data/raw/acne04/Classification/JPEGImages/levle1_61.jpg,data/raw/acne04/Detection/VOC2007/Annotations/levle1_61.xml,data/processed/acne04_yolo/labels/train/levle1_61.txt,11,11,0.000000,1.000000,1.000000,0,0,0,,false,PASS,
levle1_610,val,data/raw/acne04/Classification/JPEGImages/levle1_610.jpg,data/raw/acne04/Detection/VOC2007/Annotations/levle1_610.xml,data/processed/acne04_yolo/labels/val/levle1_610.txt,9,9,0.000000,1.000000,1.000000,0,0,0,af66359e36acb57b34e05a2afdcecc11f2e79d77d86da66bae0197b7875c5971,false,NEEDS_REVIEW,duplicate_group_annotation_counts_differ
levle1_611,val,data/raw/acne04/Classification/JPEGImages/levle1_611.jpg,data/raw/acne04/Detection/VOC2007/Annotations/levle1_611.xml,data/processed/acne04_yolo/labels/val/levle1_611.txt,11,11,0.000000,1.000000,1.000000,0,0,0,af66359e36acb57b34e05a2afdcecc11f2e79d77d86da66bae0197b7875c5971,false,NEEDS_REVIEW,duplicate_group_annotation_counts_differ
levle1_612,val,data/raw/acne04/Classification/JPEGImages/levle1_612.jpg,data/raw/acne04/Detection/VOC2007/Annotations/levle1_612.xml,data/processed/acne04_yolo/labels/val/levle1_612.txt,14,14,0.000000,1.000000,1.000000,0,0,0,,false,PASS,
levle1_613,train,data/raw/acne04/Classification/JPEGImages/levle1_613.jpg,data/raw/acne04/Detection/VOC2007/Annotations/levle1_613.xml,data/processed/acne04_yolo/labels/train/levle1_613.txt,7,7,0.000000,1.000000,1.000000,0,0,0,,false,PASS,
levle1_614,train,data/raw/acne04/Classification/JPEGImages/levle1_614.jpg,data/raw/acne04/Detection/VOC2007/Annotations/levle1_614.xml,data/processed/acne04_yolo/labels/train/levle1_614.txt,7,7,0.000000,1.000000,1.000000,0,0,0,,false,PASS,
levle1_615,train,data/raw/acne04/Classification/JPEGImages/levle1_615.jpg,data/raw/acne04/Detection/VOC2007/Annotations/levle1_615.xml,data/processed/acne04_yolo/labels/train/levle1_615.txt,10,10,0.000000,1.000000,1.000000,0,0,0,,false,PASS,
levle1_616,train,data/raw/acne04/Classification/JPEGImages/levle1_616.jpg,data/raw/acne04/Detection/VOC2007/Annotations/levle1_616.xml,data/processed/acne04_yolo/labels/train/levle1_616.txt,6,6,0.000000,1.000000,1.000000,0,0,0,,false,PASS,
levle1_617,train,data/raw/acne04/Classification/JPEGImages/levle1_617.jpg,data/raw/acne04/Detection/VOC2007/Annotations/levle1_617.xml,data/processed/acne04_yolo/labels/train/levle1_617.txt,8,8,0.000000,1.000000,1.000000,0,0,0,,false,PASS,
levle1_618,train,data/raw/acne04/Classification/JPEGImages/levle1_618.jpg,data/raw/acne04/Detection/VOC2007/Annotations/levle1_618.xml,data/processed/acne04_yolo/labels/train/levle1_618.txt,8,8,0.000000,1.000000,1.000000,0,0,0,,false,PASS,
levle1_619,train,data/raw/acne04/Classification/JPEGImages/levle1_619.jpg,data/raw/acne04/Detection/VOC2007/Annotations/levle1_619.xml,data/processed/acne04_yolo/labels/train/levle1_619.txt,17,17,0.000000,1.000000,1.000000,0,0,0,,false,PASS,
levle1_62,train,data/raw/acne04/Classification/JPEGImages/levle1_62.jpg,data/raw/acne04/Detection/VOC2007/Annotations/levle1_62.xml,data/processed/acne04_yolo/labels/train/levle1_62.txt,10,10,0.000000,1.000000,1.000000,0,0,0,,false,PASS,
levle1_620,train,data/raw/acne04/Classification/JPEGImages/levle1_620.jpg,data/raw/acne04/Detection/VOC2007/Annotations/levle1_620.xml,data/processed/acne04_yolo/labels/train/levle1_620.txt,7,7,0.000000,1.000000,1.000000,0,0,0,,false,PASS,
levle1_621,train,data/raw/acne04/Classification/JPEGImages/levle1_621.jpg,data/raw/acne04/Detection/VOC2007/Annotations/levle1_621.xml,data/processed/acne04_yolo/labels/train/levle1_621.txt,8,8,0.000000,1.000000,1.000000,0,0,0,,false,PASS,
levle1_622,val,data/raw/acne04/Classification/JPEGImages/levle1_622.jpg,data/raw/acne04/Detection/VOC2007/Annotations/levle1_622.xml,data/processed/acne04_yolo/labels/val/levle1_622.txt,10,10,0.000000,1.000000,1.000000,0,0,0,,false,PASS,
levle1_623,train,data/raw/acne04/Classification/JPEGImages/levle1_623.jpg,data/raw/acne04/Detection/VOC2007/Annotations/levle1_623.xml,data/processed/acne04_yolo/labels/train/levle1_623.txt,10,10,0.000000,1.000000,1.000000,0,0,0,,false,PASS,
levle1_624,test,data/raw/acne04/Classification/JPEGImages/levle1_624.jpg,data/raw/acne04/Detection/VOC2007/Annotations/levle1_624.xml,data/processed/acne04_yolo/labels/test/levle1_624.txt,7,7,0.000000,1.000000,1.000000,0,0,0,,false,PASS,
levle1_625,train,data/raw/acne04/Classification/JPEGImages/levle1_625.jpg,data/raw/acne04/Detection/VOC2007/Annotations/levle1_625.xml,data/processed/acne04_yolo/labels/train/levle1_625.txt,20,20,0.000000,1.000000,1.000000,0,0,0,,false,PASS,
levle1_626,train,data/raw/acne04/Classification/JPEGImages/levle1_626.jpg,data/raw/acne04/Detection/VOC2007/Annotations/levle1_626.xml,data/processed/acne04_yolo/labels/train/levle1_626.txt,14,14,0.000000,1.000000,1.000000,0,0,0,,false,PASS,
levle1_627,train,data/raw/acne04/Classification/JPEGImages/levle1_627.jpg,data/raw/acne04/Detection/VOC2007/Annotations/levle1_627.xml,data/processed/acne04_yolo/labels/train/levle1_627.txt,9,9,0.000000,1.000000,1.000000,0,0,0,,false,PASS,
levle1_628,train,data/raw/acne04/Classification/JPEGImages/levle1_628.jpg,data/raw/acne04/Detection/VOC2007/Annotations/levle1_628.xml,data/processed/acne04_yolo/labels/train/levle1_628.txt,7,7,0.000000,1.000000,1.000000,0,0,0,,false,PASS,
levle1_629,test,data/raw/acne04/Classification/JPEGImages/levle1_629.jpg,data/raw/acne04/Detection/VOC2007/Annotations/levle1_629.xml,data/processed/acne04_yolo/labels/test/levle1_629.txt,10,10,0.000000,1.000000,1.000000,0,0,0,,false,PASS,
levle1_63,train,data/raw/acne04/Classification/JPEGImages/levle1_63.jpg,data/raw/acne04/Detection/VOC2007/Annotations/levle1_63.xml,data/processed/acne04_yolo/labels/train/levle1_63.txt,8,8,0.000000,1.000000,1.000000,0,0,0,,false,PASS,
levle1_630,train,data/raw/acne04/Classification/JPEGImages/levle1_630.jpg,data/raw/acne04/Detection/VOC2007/Annotations/levle1_630.xml,data/processed/acne04_yolo/labels/train/levle1_630.txt,11,11,0.000000,1.000000,1.000000,0,0,0,,false,PASS,
levle1_631,train,data/raw/acne04/Classification/JPEGImages/levle1_631.jpg,data/raw/acne04/Detection/VOC2007/Annotations/levle1_631.xml,data/processed/acne04_yolo/labels/train/levle1_631.txt,6,6,0.000000,1.000000,1.000000,0,0,0,,false,PASS,
levle1_632,train,data/raw/acne04/Classification/JPEGImages/levle1_632.jpg,data/raw/acne04/Detection/VOC2007/Annotations/levle1_632.xml,data/processed/acne04_yolo/labels/train/levle1_632.txt,6,6,0.000000,1.000000,1.000000,0,0,0,,false,PASS,
levle1_633,train,data/raw/acne04/Classification/JPEGImages/levle1_633.jpg,data/raw/acne04/Detection/VOC2007/Annotations/levle1_633.xml,data/processed/acne04_yolo/labels/train/levle1_633.txt,6,6,0.000000,1.000000,1.000000,0,0,0,,false,PASS,
levle1_634,val,data/raw/acne04/Classification/JPEGImages/levle1_634.jpg,data/raw/acne04/Detection/VOC2007/Annotations/levle1_634.xml,data/processed/acne04_yolo/labels/val/levle1_634.txt,8,8,0.000000,1.000000,1.000000,0,0,0,,false,PASS,
levle1_635,val,data/raw/acne04/Classification/JPEGImages/levle1_635.jpg,data/raw/acne04/Detection/VOC2007/Annotations/levle1_635.xml,data/processed/acne04_yolo/labels/val/levle1_635.txt,7,7,0.000000,1.000000,1.000000,0,0,0,,false,PASS,
levle1_636,val,data/raw/acne04/Classification/JPEGImages/levle1_636.jpg,data/raw/acne04/Detection/VOC2007/Annotations/levle1_636.xml,data/processed/acne04_yolo/labels/val/levle1_636.txt,6,6,0.000000,1.000000,1.000000,0,0,0,,false,PASS,
levle1_637,train,data/raw/acne04/Classification/JPEGImages/levle1_637.jpg,data/raw/acne04/Detection/VOC2007/Annotations/levle1_637.xml,data/processed/acne04_yolo/labels/train/levle1_637.txt,8,8,0.000000,1.000000,1.000000,0,0,0,,false,PASS,
levle1_638,train,data/raw/acne04/Classification/JPEGImages/levle1_638.jpg,data/raw/acne04/Detection/VOC2007/Annotations/levle1_638.xml,data/processed/acne04_yolo/labels/train/levle1_638.txt,10,10,0.000000,1.000000,1.000000,0,0,6,,false,NEEDS_REVIEW,contains_very_small_box
levle1_639,train,data/raw/acne04/Classification/JPEGImages/levle1_639.jpg,data/raw/acne04/Detection/VOC2007/Annotations/levle1_639.xml,data/processed/acne04_yolo/labels/train/levle1_639.txt,12,12,0.000000,1.000000,1.000000,0,0,5,,false,NEEDS_REVIEW,contains_very_small_box
levle1_64,train,data/raw/acne04/Classification/JPEGImages/levle1_64.jpg,data/raw/acne04/Detection/VOC2007/Annotations/levle1_64.xml,data/processed/acne04_yolo/labels/train/levle1_64.txt,6,6,0.000000,1.000000,1.000000,0,0,0,,false,PASS,
levle1_640,test,data/raw/acne04/Classification/JPEGImages/levle1_640.jpg,data/raw/acne04/Detection/VOC2007/Annotations/levle1_640.xml,data/processed/acne04_yolo/labels/test/levle1_640.txt,7,7,0.000000,1.000000,1.000000,0,0,4,,false,NEEDS_REVIEW,contains_very_small_box
levle1_641,test,data/raw/acne04/Classification/JPEGImages/levle1_641.jpg,data/raw/acne04/Detection/VOC2007/Annotations/levle1_641.xml,data/processed/acne04_yolo/labels/test/levle1_641.txt,10,10,0.000000,1.000000,1.000000,0,0,6,,false,NEEDS_REVIEW,contains_very_small_box
levle1_642,train,data/raw/acne04/Classification/JPEGImages/levle1_642.jpg,data/raw/acne04/Detection/VOC2007/Annotations/levle1_642.xml,data/processed/acne04_yolo/labels/train/levle1_642.txt,6,6,0.000000,1.000000,1.000000,0,0,4,,false,NEEDS_REVIEW,contains_very_small_box
levle1_65,test,data/raw/acne04/Classification/JPEGImages/levle1_65.jpg,data/raw/acne04/Detection/VOC2007/Annotations/levle1_65.xml,data/processed/acne04_yolo/labels/test/levle1_65.txt,6,6,0.000000,1.000000,1.000000,0,0,0,,false,PASS,
levle1_66,train,data/raw/acne04/Classification/JPEGImages/levle1_66.jpg,data/raw/acne04/Detection/VOC2007/Annotations/levle1_66.xml,data/processed/acne04_yolo/labels/train/levle1_66.txt,6,6,0.000000,1.000000,1.000000,0,0,0,,false,PASS,
levle1_67,train,data/raw/acne04/Classification/JPEGImages/levle1_67.jpg,data/raw/acne04/Detection/VOC2007/Annotations/levle1_67.xml,data/processed/acne04_yolo/labels/train/levle1_67.txt,7,7,0.000000,1.000000,1.000000,0,0,0,,false,PASS,
levle1_68,test,data/raw/acne04/Classification/JPEGImages/levle1_68.jpg,data/raw/acne04/Detection/VOC2007/Annotations/levle1_68.xml,data/processed/acne04_yolo/labels/test/levle1_68.txt,8,8,0.000000,1.000000,1.000000,0,0,0,,false,PASS,
levle1_69,train,data/raw/acne04/Classification/JPEGImages/levle1_69.jpg,data/raw/acne04/Detection/VOC2007/Annotations/levle1_69.xml,data/processed/acne04_yolo/labels/train/levle1_69.txt,9,9,0.000000,1.000000,1.000000,0,0,0,,false,PASS,
levle1_7,val,data/raw/acne04/Classification/JPEGImages/levle1_7.jpg,data/raw/acne04/Detection/VOC2007/Annotations/levle1_7.xml,data/processed/acne04_yolo/labels/val/levle1_7.txt,18,18,0.000000,1.000000,1.000000,0,0,0,,false,PASS,
levle1_70,train,data/raw/acne04/Classification/JPEGImages/levle1_70.jpg,data/raw/acne04/Detection/VOC2007/Annotations/levle1_70.xml,data/processed/acne04_yolo/labels/train/levle1_70.txt,20,20,0.000000,1.000000,1.000000,0,0,0,,false,PASS,
levle1_71,train,data/raw/acne04/Classification/JPEGImages/levle1_71.jpg,data/raw/acne04/Detection/VOC2007/Annotations/levle1_71.xml,data/processed/acne04_yolo/labels/train/levle1_71.txt,15,15,0.000000,1.000000,1.000000,0,0,0,,false,PASS,
levle1_72,train,data/raw/acne04/Classification/JPEGImages/levle1_72.jpg,data/raw/acne04/Detection/VOC2007/Annotations/levle1_72.xml,data/processed/acne04_yolo/labels/train/levle1_72.txt,8,8,0.000000,1.000000,1.000000,0,0,0,,false,PASS,
levle1_74,val,data/raw/acne04/Classification/JPEGImages/levle1_74.jpg,data/raw/acne04/Detection/VOC2007/Annotations/levle1_74.xml,data/processed/acne04_yolo/labels/val/levle1_74.txt,12,12,0.000000,1.000000,1.000000,0,0,0,,false,PASS,
levle1_75,train,data/raw/acne04/Classification/JPEGImages/levle1_75.jpg,data/raw/acne04/Detection/VOC2007/Annotations/levle1_75.xml,data/processed/acne04_yolo/labels/train/levle1_75.txt,10,10,0.000000,1.000000,1.000000,0,0,0,,false,PASS,
levle1_76,train,data/raw/acne04/Classification/JPEGImages/levle1_76.jpg,data/raw/acne04/Detection/VOC2007/Annotations/levle1_76.xml,data/processed/acne04_yolo/labels/train/levle1_76.txt,6,6,0.000000,1.000000,1.000000,0,0,0,,false,PASS,
levle1_77,train,data/raw/acne04/Classification/JPEGImages/levle1_77.jpg,data/raw/acne04/Detection/VOC2007/Annotations/levle1_77.xml,data/processed/acne04_yolo/labels/train/levle1_77.txt,19,19,0.000000,1.000000,1.000000,0,0,0,,false,PASS,
levle1_78,train,data/raw/acne04/Classification/JPEGImages/levle1_78.jpg,data/raw/acne04/Detection/VOC2007/Annotations/levle1_78.xml,data/processed/acne04_yolo/labels/train/levle1_78.txt,10,10,0.000000,1.000000,1.000000,0,0,0,,false,PASS,
levle1_79,train,data/raw/acne04/Classification/JPEGImages/levle1_79.jpg,data/raw/acne04/Detection/VOC2007/Annotations/levle1_79.xml,data/processed/acne04_yolo/labels/train/levle1_79.txt,10,10,0.000000,1.000000,1.000000,0,0,0,,false,PASS,
levle1_8,val,data/raw/acne04/Classification/JPEGImages/levle1_8.jpg,data/raw/acne04/Detection/VOC2007/Annotations/levle1_8.xml,data/processed/acne04_yolo/labels/val/levle1_8.txt,13,13,0.000000,1.000000,1.000000,0,0,1,,false,NEEDS_REVIEW,contains_very_small_box
levle1_80,train,data/raw/acne04/Classification/JPEGImages/levle1_80.jpg,data/raw/acne04/Detection/VOC2007/Annotations/levle1_80.xml,data/processed/acne04_yolo/labels/train/levle1_80.txt,10,10,0.000000,1.000000,1.000000,0,0,0,,false,PASS,
levle1_81,train,data/raw/acne04/Classification/JPEGImages/levle1_81.jpg,data/raw/acne04/Detection/VOC2007/Annotations/levle1_81.xml,data/processed/acne04_yolo/labels/train/levle1_81.txt,8,8,0.000000,1.000000,1.000000,0,0,0,,false,PASS,
levle1_82,train,data/raw/acne04/Classification/JPEGImages/levle1_82.jpg,data/raw/acne04/Detection/VOC2007/Annotations/levle1_82.xml,data/processed/acne04_yolo/labels/train/levle1_82.txt,11,11,0.000000,1.000000,1.000000,0,0,0,,false,PASS,
levle1_83,train,data/raw/acne04/Classification/JPEGImages/levle1_83.jpg,data/raw/acne04/Detection/VOC2007/Annotations/levle1_83.xml,data/processed/acne04_yolo/labels/train/levle1_83.txt,12,12,0.000000,1.000000,1.000000,0,0,0,,false,PASS,
levle1_84,val,data/raw/acne04/Classification/JPEGImages/levle1_84.jpg,data/raw/acne04/Detection/VOC2007/Annotations/levle1_84.xml,data/processed/acne04_yolo/labels/val/levle1_84.txt,13,13,0.000000,1.000000,1.000000,0,0,0,,false,PASS,
levle1_85,train,data/raw/acne04/Classification/JPEGImages/levle1_85.jpg,data/raw/acne04/Detection/VOC2007/Annotations/levle1_85.xml,data/processed/acne04_yolo/labels/train/levle1_85.txt,13,13,0.000000,1.000000,1.000000,0,0,0,,false,PASS,
levle1_87,val,data/raw/acne04/Classification/JPEGImages/levle1_87.jpg,data/raw/acne04/Detection/VOC2007/Annotations/levle1_87.xml,data/processed/acne04_yolo/labels/val/levle1_87.txt,10,10,0.000000,1.000000,1.000000,0,0,0,,false,PASS,
levle1_88,train,data/raw/acne04/Classification/JPEGImages/levle1_88.jpg,data/raw/acne04/Detection/VOC2007/Annotations/levle1_88.xml,data/processed/acne04_yolo/labels/train/levle1_88.txt,7,7,0.000000,1.000000,1.000000,0,0,0,,false,PASS,
levle1_89,train,data/raw/acne04/Classification/JPEGImages/levle1_89.jpg,data/raw/acne04/Detection/VOC2007/Annotations/levle1_89.xml,data/processed/acne04_yolo/labels/train/levle1_89.txt,8,8,0.000000,1.000000,1.000000,0,0,0,,false,PASS,
levle1_9,train,data/raw/acne04/Classification/JPEGImages/levle1_9.jpg,data/raw/acne04/Detection/VOC2007/Annotations/levle1_9.xml,data/processed/acne04_yolo/labels/train/levle1_9.txt,9,9,0.000000,1.000000,1.000000,0,0,0,,false,PASS,
levle1_90,train,data/raw/acne04/Classification/JPEGImages/levle1_90.jpg,data/raw/acne04/Detection/VOC2007/Annotations/levle1_90.xml,data/processed/acne04_yolo/labels/train/levle1_90.txt,12,12,0.000000,1.000000,1.000000,0,0,0,,false,PASS,
levle1_91,train,data/raw/acne04/Classification/JPEGImages/levle1_91.jpg,data/raw/acne04/Detection/VOC2007/Annotations/levle1_91.xml,data/processed/acne04_yolo/labels/train/levle1_91.txt,6,6,0.000000,1.000000,1.000000,0,0,0,,false,PASS,
levle1_92,train,data/raw/acne04/Classification/JPEGImages/levle1_92.jpg,data/raw/acne04/Detection/VOC2007/Annotations/levle1_92.xml,data/processed/acne04_yolo/labels/train/levle1_92.txt,6,6,0.000000,1.000000,1.000000,0,0,0,,false,PASS,
levle1_93,train,data/raw/acne04/Classification/JPEGImages/levle1_93.jpg,data/raw/acne04/Detection/VOC2007/Annotations/levle1_93.xml,data/processed/acne04_yolo/labels/train/levle1_93.txt,8,8,0.000000,1.000000,1.000000,0,0,0,,false,PASS,
levle1_94,val,data/raw/acne04/Classification/JPEGImages/levle1_94.jpg,data/raw/acne04/Detection/VOC2007/Annotations/levle1_94.xml,data/processed/acne04_yolo/labels/val/levle1_94.txt,9,9,0.000000,1.000000,1.000000,0,0,0,,false,PASS,
levle1_95,train,data/raw/acne04/Classification/JPEGImages/levle1_95.jpg,data/raw/acne04/Detection/VOC2007/Annotations/levle1_95.xml,data/processed/acne04_yolo/labels/train/levle1_95.txt,7,7,0.000000,1.000000,1.000000,0,0,0,,false,PASS,
levle1_96,val,data/raw/acne04/Classification/JPEGImages/levle1_96.jpg,data/raw/acne04/Detection/VOC2007/Annotations/levle1_96.xml,data/processed/acne04_yolo/labels/val/levle1_96.txt,6,6,0.000000,1.000000,1.000000,0,0,0,,false,PASS,
levle1_97,test,data/raw/acne04/Classification/JPEGImages/levle1_97.jpg,data/raw/acne04/Detection/VOC2007/Annotations/levle1_97.xml,data/processed/acne04_yolo/labels/test/levle1_97.txt,6,6,0.000000,1.000000,1.000000,0,0,0,,false,PASS,
levle1_98,val,data/raw/acne04/Classification/JPEGImages/levle1_98.jpg,data/raw/acne04/Detection/VOC2007/Annotations/levle1_98.xml,data/processed/acne04_yolo/labels/val/levle1_98.txt,8,8,0.000000,1.000000,1.000000,0,0,0,,false,PASS,
levle1_99,train,data/raw/acne04/Classification/JPEGImages/levle1_99.jpg,data/raw/acne04/Detection/VOC2007/Annotations/levle1_99.xml,data/processed/acne04_yolo/labels/train/levle1_99.txt,8,8,0.000000,1.000000,1.000000,0,0,0,,false,PASS,
levle2_0,train,data/raw/acne04/Classification/JPEGImages/levle2_0.jpg,data/raw/acne04/Detection/VOC2007/Annotations/levle2_0.xml,data/processed/acne04_yolo/labels/train/levle2_0.txt,26,26,0.000000,1.000000,1.000000,0,0,0,,false,PASS,
levle2_1,train,data/raw/acne04/Classification/JPEGImages/levle2_1.jpg,data/raw/acne04/Detection/VOC2007/Annotations/levle2_1.xml,data/processed/acne04_yolo/labels/train/levle2_1.txt,32,32,0.000000,1.000000,1.000000,0,0,1,,false,NEEDS_REVIEW,contains_very_small_box
levle2_10,test,data/raw/acne04/Classification/JPEGImages/levle2_10.jpg,data/raw/acne04/Detection/VOC2007/Annotations/levle2_10.xml,data/processed/acne04_yolo/labels/test/levle2_10.txt,24,24,0.000000,1.000000,1.000000,0,0,0,,false,PASS,
levle2_100,train,data/raw/acne04/Classification/JPEGImages/levle2_100.jpg,data/raw/acne04/Detection/VOC2007/Annotations/levle2_100.xml,data/processed/acne04_yolo/labels/train/levle2_100.txt,21,21,0.000000,1.000000,1.000000,0,0,0,,false,PASS,
levle2_101,train,data/raw/acne04/Classification/JPEGImages/levle2_101.jpg,data/raw/acne04/Detection/VOC2007/Annotations/levle2_101.xml,data/processed/acne04_yolo/labels/train/levle2_101.txt,24,24,0.000000,1.000000,1.000000,0,0,0,,false,PASS,
levle2_102,train,data/raw/acne04/Classification/JPEGImages/levle2_102.jpg,data/raw/acne04/Detection/VOC2007/Annotations/levle2_102.xml,data/processed/acne04_yolo/labels/train/levle2_102.txt,21,21,0.000000,1.000000,1.000000,0,0,0,,false,PASS,
levle2_105,test,data/raw/acne04/Classification/JPEGImages/levle2_105.jpg,data/raw/acne04/Detection/VOC2007/Annotations/levle2_105.xml,data/processed/acne04_yolo/labels/test/levle2_105.txt,11,11,0.000000,1.000000,1.000000,0,0,0,,false,PASS,
levle2_106,test,data/raw/acne04/Classification/JPEGImages/levle2_106.jpg,data/raw/acne04/Detection/VOC2007/Annotations/levle2_106.xml,data/processed/acne04_yolo/labels/test/levle2_106.txt,17,17,0.000000,1.000000,1.000000,0,0,0,,false,PASS,
levle2_107,val,data/raw/acne04/Classification/JPEGImages/levle2_107.jpg,data/raw/acne04/Detection/VOC2007/Annotations/levle2_107.xml,data/processed/acne04_yolo/labels/val/levle2_107.txt,41,41,0.000000,1.000000,1.000000,0,0,0,,false,PASS,
levle2_108,train,data/raw/acne04/Classification/JPEGImages/levle2_108.jpg,data/raw/acne04/Detection/VOC2007/Annotations/levle2_108.xml,data/processed/acne04_yolo/labels/train/levle2_108.txt,33,33,0.000000,1.000000,1.000000,0,0,0,,false,PASS,
levle2_109,val,data/raw/acne04/Classification/JPEGImages/levle2_109.jpg,data/raw/acne04/Detection/VOC2007/Annotations/levle2_109.xml,data/processed/acne04_yolo/labels/val/levle2_109.txt,27,27,0.000000,1.000000,1.000000,0,0,0,,false,PASS,
levle2_11,val,data/raw/acne04/Classification/JPEGImages/levle2_11.jpg,data/raw/acne04/Detection/VOC2007/Annotations/levle2_11.xml,data/processed/acne04_yolo/labels/val/levle2_11.txt,35,35,0.000000,1.000000,1.000000,0,0,0,,false,PASS,
levle2_110,test,data/raw/acne04/Classification/JPEGImages/levle2_110.jpg,data/raw/acne04/Detection/VOC2007/Annotations/levle2_110.xml,data/processed/acne04_yolo/labels/test/levle2_110.txt,29,29,0.000000,1.000000,1.000000,0,0,0,,false,PASS,
levle2_111,val,data/raw/acne04/Classification/JPEGImages/levle2_111.jpg,data/raw/acne04/Detection/VOC2007/Annotations/levle2_111.xml,data/processed/acne04_yolo/labels/val/levle2_111.txt,29,29,0.000000,1.000000,1.000000,0,0,0,,false,PASS,
levle2_112,val,data/raw/acne04/Classification/JPEGImages/levle2_112.jpg,data/raw/acne04/Detection/VOC2007/Annotations/levle2_112.xml,data/processed/acne04_yolo/labels/val/levle2_112.txt,25,25,0.000000,1.000000,1.000000,0,0,0,,false,PASS,
levle2_113,train,data/raw/acne04/Classification/JPEGImages/levle2_113.jpg,data/raw/acne04/Detection/VOC2007/Annotations/levle2_113.xml,data/processed/acne04_yolo/labels/train/levle2_113.txt,22,22,0.000000,1.000000,1.000000,0,0,0,,false,PASS,
levle2_114,val,data/raw/acne04/Classification/JPEGImages/levle2_114.jpg,data/raw/acne04/Detection/VOC2007/Annotations/levle2_114.xml,data/processed/acne04_yolo/labels/val/levle2_114.txt,11,11,0.000000,1.000000,1.000000,0,0,0,,false,PASS,
levle2_115,train,data/raw/acne04/Classification/JPEGImages/levle2_115.jpg,data/raw/acne04/Detection/VOC2007/Annotations/levle2_115.xml,data/processed/acne04_yolo/labels/train/levle2_115.txt,18,18,0.000000,1.000000,1.000000,0,0,0,,false,PASS,
levle2_116,train,data/raw/acne04/Classification/JPEGImages/levle2_116.jpg,data/raw/acne04/Detection/VOC2007/Annotations/levle2_116.xml,data/processed/acne04_yolo/labels/train/levle2_116.txt,28,28,0.000000,1.000000,1.000000,0,0,1,,false,NEEDS_REVIEW,contains_very_small_box
levle2_117,test,data/raw/acne04/Classification/JPEGImages/levle2_117.jpg,data/raw/acne04/Detection/VOC2007/Annotations/levle2_117.xml,data/processed/acne04_yolo/labels/test/levle2_117.txt,7,7,0.000000,1.000000,1.000000,0,0,0,,false,PASS,
levle2_118,train,data/raw/acne04/Classification/JPEGImages/levle2_118.jpg,data/raw/acne04/Detection/VOC2007/Annotations/levle2_118.xml,data/processed/acne04_yolo/labels/train/levle2_118.txt,14,14,0.000000,1.000000,1.000000,0,0,0,,false,PASS,
levle2_119,train,data/raw/acne04/Classification/JPEGImages/levle2_119.jpg,data/raw/acne04/Detection/VOC2007/Annotations/levle2_119.xml,data/processed/acne04_yolo/labels/train/levle2_119.txt,18,18,0.000000,1.000000,1.000000,0,0,0,,false,PASS,
levle2_12,test,data/raw/acne04/Classification/JPEGImages/levle2_12.jpg,data/raw/acne04/Detection/VOC2007/Annotations/levle2_12.xml,data/processed/acne04_yolo/labels/test/levle2_12.txt,41,41,0.000000,1.000000,1.000000,0,0,1,,false,NEEDS_REVIEW,contains_very_small_box
levle2_120,train,data/raw/acne04/Classification/JPEGImages/levle2_120.jpg,data/raw/acne04/Detection/VOC2007/Annotations/levle2_120.xml,data/processed/acne04_yolo/labels/train/levle2_120.txt,21,21,0.000000,1.000000,1.000000,0,0,0,,false,PASS,
levle2_121,test,data/raw/acne04/Classification/JPEGImages/levle2_121.jpg,data/raw/acne04/Detection/VOC2007/Annotations/levle2_121.xml,data/processed/acne04_yolo/labels/test/levle2_121.txt,21,21,0.000000,1.000000,1.000000,0,0,0,,false,PASS,
levle2_122,val,data/raw/acne04/Classification/JPEGImages/levle2_122.jpg,data/raw/acne04/Detection/VOC2007/Annotations/levle2_122.xml,data/processed/acne04_yolo/labels/val/levle2_122.txt,24,24,0.000000,1.000000,1.000000,0,0,0,,false,PASS,
levle2_123,train,data/raw/acne04/Classification/JPEGImages/levle2_123.jpg,data/raw/acne04/Detection/VOC2007/Annotations/levle2_123.xml,data/processed/acne04_yolo/labels/train/levle2_123.txt,25,25,0.000000,1.000000,1.000000,0,0,0,,false,PASS,
levle2_124,train,data/raw/acne04/Classification/JPEGImages/levle2_124.jpg,data/raw/acne04/Detection/VOC2007/Annotations/levle2_124.xml,data/processed/acne04_yolo/labels/train/levle2_124.txt,21,21,0.000000,1.000000,1.000000,0,0,0,,false,PASS,
levle2_125,train,data/raw/acne04/Classification/JPEGImages/levle2_125.jpg,data/raw/acne04/Detection/VOC2007/Annotations/levle2_125.xml,data/processed/acne04_yolo/labels/train/levle2_125.txt,21,21,0.000000,1.000000,1.000000,0,0,0,,false,PASS,
levle2_126,test,data/raw/acne04/Classification/JPEGImages/levle2_126.jpg,data/raw/acne04/Detection/VOC2007/Annotations/levle2_126.xml,data/processed/acne04_yolo/labels/test/levle2_126.txt,23,23,0.000000,1.000000,1.000000,0,0,0,,false,PASS,
levle2_127,val,data/raw/acne04/Classification/JPEGImages/levle2_127.jpg,data/raw/acne04/Detection/VOC2007/Annotations/levle2_127.xml,data/processed/acne04_yolo/labels/val/levle2_127.txt,32,32,0.000000,1.000000,1.000000,0,0,2,,false,NEEDS_REVIEW,contains_very_small_box
levle2_128,train,data/raw/acne04/Classification/JPEGImages/levle2_128.jpg,data/raw/acne04/Detection/VOC2007/Annotations/levle2_128.xml,data/processed/acne04_yolo/labels/train/levle2_128.txt,14,14,0.000000,1.000000,1.000000,0,0,0,b538b91a3834cc61f2bae23436e14c79dc7695f268b9faed486bcafca0ba87fe,false,NEEDS_REVIEW,duplicate_group_annotation_counts_differ
levle2_129,train,data/raw/acne04/Classification/JPEGImages/levle2_129.jpg,data/raw/acne04/Detection/VOC2007/Annotations/levle2_129.xml,data/processed/acne04_yolo/labels/train/levle2_129.txt,29,29,0.000000,1.000000,1.000000,0,0,0,,false,PASS,
levle2_13,train,data/raw/acne04/Classification/JPEGImages/levle2_13.jpg,data/raw/acne04/Detection/VOC2007/Annotations/levle2_13.xml,data/processed/acne04_yolo/labels/train/levle2_13.txt,26,26,0.000000,1.000000,1.000000,0,0,0,,false,PASS,
levle2_130,train,data/raw/acne04/Classification/JPEGImages/levle2_130.jpg,data/raw/acne04/Detection/VOC2007/Annotations/levle2_130.xml,data/processed/acne04_yolo/labels/train/levle2_130.txt,22,22,0.000000,1.000000,1.000000,0,0,0,,false,PASS,
levle2_131,train,data/raw/acne04/Classification/JPEGImages/levle2_131.jpg,data/raw/acne04/Detection/VOC2007/Annotations/levle2_131.xml,data/processed/acne04_yolo/labels/train/levle2_131.txt,23,23,0.000000,1.000000,1.000000,0,0,0,,false,PASS,
levle2_132,train,data/raw/acne04/Classification/JPEGImages/levle2_132.jpg,data/raw/acne04/Detection/VOC2007/Annotations/levle2_132.xml,data/processed/acne04_yolo/labels/train/levle2_132.txt,24,24,0.000000,1.000000,1.000000,0,0,0,,false,PASS,
levle2_134,val,data/raw/acne04/Classification/JPEGImages/levle2_134.jpg,data/raw/acne04/Detection/VOC2007/Annotations/levle2_134.xml,data/processed/acne04_yolo/labels/val/levle2_134.txt,23,23,0.000000,1.000000,1.000000,0,0,0,,false,PASS,
levle2_135,train,data/raw/acne04/Classification/JPEGImages/levle2_135.jpg,data/raw/acne04/Detection/VOC2007/Annotations/levle2_135.xml,data/processed/acne04_yolo/labels/train/levle2_135.txt,23,23,0.000000,1.000000,1.000000,0,0,0,,false,PASS,
levle2_136,train,data/raw/acne04/Classification/JPEGImages/levle2_136.jpg,data/raw/acne04/Detection/VOC2007/Annotations/levle2_136.xml,data/processed/acne04_yolo/labels/train/levle2_136.txt,25,25,0.000000,1.000000,1.000000,0,0,0,,false,PASS,
levle2_137,test,data/raw/acne04/Classification/JPEGImages/levle2_137.jpg,data/raw/acne04/Detection/VOC2007/Annotations/levle2_137.xml,data/processed/acne04_yolo/labels/test/levle2_137.txt,25,25,0.000000,1.000000,1.000000,0,0,0,,false,PASS,
levle2_138,train,data/raw/acne04/Classification/JPEGImages/levle2_138.jpg,data/raw/acne04/Detection/VOC2007/Annotations/levle2_138.xml,data/processed/acne04_yolo/labels/train/levle2_138.txt,25,25,0.000000,1.000000,1.000000,0,0,0,,false,PASS,
levle2_139,train,data/raw/acne04/Classification/JPEGImages/levle2_139.jpg,data/raw/acne04/Detection/VOC2007/Annotations/levle2_139.xml,data/processed/acne04_yolo/labels/train/levle2_139.txt,25,25,0.000000,1.000000,1.000000,0,0,0,,false,PASS,
levle2_14,train,data/raw/acne04/Classification/JPEGImages/levle2_14.jpg,data/raw/acne04/Detection/VOC2007/Annotations/levle2_14.xml,data/processed/acne04_yolo/labels/train/levle2_14.txt,29,29,0.000000,1.000000,1.000000,0,0,7,,false,NEEDS_REVIEW,contains_very_small_box
levle2_140,train,data/raw/acne04/Classification/JPEGImages/levle2_140.jpg,data/raw/acne04/Detection/VOC2007/Annotations/levle2_140.xml,data/processed/acne04_yolo/labels/train/levle2_140.txt,33,33,0.000000,1.000000,1.000000,0,0,0,,false,PASS,
levle2_141,train,data/raw/acne04/Classification/JPEGImages/levle2_141.jpg,data/raw/acne04/Detection/VOC2007/Annotations/levle2_141.xml,data/processed/acne04_yolo/labels/train/levle2_141.txt,24,24,0.000000,1.000000,1.000000,0,0,0,,false,PASS,
levle2_142,val,data/raw/acne04/Classification/JPEGImages/levle2_142.jpg,data/raw/acne04/Detection/VOC2007/Annotations/levle2_142.xml,data/processed/acne04_yolo/labels/val/levle2_142.txt,21,21,0.000000,1.000000,1.000000,0,0,0,,false,PASS,
levle2_143,train,data/raw/acne04/Classification/JPEGImages/levle2_143.jpg,data/raw/acne04/Detection/VOC2007/Annotations/levle2_143.xml,data/processed/acne04_yolo/labels/train/levle2_143.txt,21,21,0.000000,1.000000,1.000000,0,0,0,,false,PASS,
levle2_144,val,data/raw/acne04/Classification/JPEGImages/levle2_144.jpg,data/raw/acne04/Detection/VOC2007/Annotations/levle2_144.xml,data/processed/acne04_yolo/labels/val/levle2_144.txt,25,25,0.000000,1.000000,1.000000,0,0,0,,false,PASS,
levle2_145,train,data/raw/acne04/Classification/JPEGImages/levle2_145.jpg,data/raw/acne04/Detection/VOC2007/Annotations/levle2_145.xml,data/processed/acne04_yolo/labels/train/levle2_145.txt,21,21,0.000000,1.000000,1.000000,0,0,0,,false,PASS,
levle2_146,test,data/raw/acne04/Classification/JPEGImages/levle2_146.jpg,data/raw/acne04/Detection/VOC2007/Annotations/levle2_146.xml,data/processed/acne04_yolo/labels/test/levle2_146.txt,21,21,0.000000,1.000000,1.000000,0,0,0,,false,PASS,
levle2_147,train,data/raw/acne04/Classification/JPEGImages/levle2_147.jpg,data/raw/acne04/Detection/VOC2007/Annotations/levle2_147.xml,data/processed/acne04_yolo/labels/train/levle2_147.txt,29,29,0.000000,1.000000,1.000000,0,0,0,,false,PASS,
levle2_148,train,data/raw/acne04/Classification/JPEGImages/levle2_148.jpg,data/raw/acne04/Detection/VOC2007/Annotations/levle2_148.xml,data/processed/acne04_yolo/labels/train/levle2_148.txt,25,25,0.000000,1.000000,1.000000,0,0,0,,false,PASS,
levle2_149,test,data/raw/acne04/Classification/JPEGImages/levle2_149.jpg,data/raw/acne04/Detection/VOC2007/Annotations/levle2_149.xml,data/processed/acne04_yolo/labels/test/levle2_149.txt,24,24,0.000000,1.000000,1.000000,0,0,0,,false,PASS,
levle2_15,test,data/raw/acne04/Classification/JPEGImages/levle2_15.jpg,data/raw/acne04/Detection/VOC2007/Annotations/levle2_15.xml,data/processed/acne04_yolo/labels/test/levle2_15.txt,35,35,0.000000,1.000000,1.000000,0,0,0,,false,PASS,
levle2_150,val,data/raw/acne04/Classification/JPEGImages/levle2_150.jpg,data/raw/acne04/Detection/VOC2007/Annotations/levle2_150.xml,data/processed/acne04_yolo/labels/val/levle2_150.txt,21,21,0.000000,1.000000,1.000000,0,0,0,5b605bc92fcd022a9193bbdf5c9e0ac18bce8da4e29df9a6731b1bb46dcd1eea,false,NEEDS_REVIEW,duplicate_group_annotation_counts_differ
levle2_151,train,data/raw/acne04/Classification/JPEGImages/levle2_151.jpg,data/raw/acne04/Detection/VOC2007/Annotations/levle2_151.xml,data/processed/acne04_yolo/labels/train/levle2_151.txt,24,24,0.000000,1.000000,1.000000,0,0,0,3fcb0f1627c6ad98df131b8f9c7ae10e9ba5d0e9599cf525ec54ce072ebcbfe5,false,NEEDS_REVIEW,duplicate_group_annotation_counts_differ
levle2_152,train,data/raw/acne04/Classification/JPEGImages/levle2_152.jpg,data/raw/acne04/Detection/VOC2007/Annotations/levle2_152.xml,data/processed/acne04_yolo/labels/train/levle2_152.txt,22,22,0.000000,1.000000,1.000000,0,0,0,e6f1ca9fee7ba325b431b4d8b9479f5ffe08614b6e9ddefa7e11d3f0401aa1f7,false,NEEDS_REVIEW,duplicate_group_annotation_counts_differ
levle2_153,test,data/raw/acne04/Classification/JPEGImages/levle2_153.jpg,data/raw/acne04/Detection/VOC2007/Annotations/levle2_153.xml,data/processed/acne04_yolo/labels/test/levle2_153.txt,24,24,0.000000,1.000000,1.000000,0,0,0,188f8fbae3b30080927c37f44890906e211578ec177ea2a3b021a166b252b09a,false,NEEDS_REVIEW,duplicate_group_annotation_counts_differ
levle2_154,train,data/raw/acne04/Classification/JPEGImages/levle2_154.jpg,data/raw/acne04/Detection/VOC2007/Annotations/levle2_154.xml,data/processed/acne04_yolo/labels/train/levle2_154.txt,33,33,0.000000,1.000000,1.000000,0,0,0,,false,PASS,
levle2_155,train,data/raw/acne04/Classification/JPEGImages/levle2_155.jpg,data/raw/acne04/Detection/VOC2007/Annotations/levle2_155.xml,data/processed/acne04_yolo/labels/train/levle2_155.txt,31,31,0.000000,1.000000,1.000000,0,0,0,,false,PASS,
levle2_156,train,data/raw/acne04/Classification/JPEGImages/levle2_156.jpg,data/raw/acne04/Detection/VOC2007/Annotations/levle2_156.xml,data/processed/acne04_yolo/labels/train/levle2_156.txt,25,25,0.000000,1.000000,1.000000,0,0,0,,false,PASS,
levle2_157,train,data/raw/acne04/Classification/JPEGImages/levle2_157.jpg,data/raw/acne04/Detection/VOC2007/Annotations/levle2_157.xml,data/processed/acne04_yolo/labels/train/levle2_157.txt,21,21,0.000000,1.000000,1.000000,0,0,0,,false,PASS,
levle2_158,train,data/raw/acne04/Classification/JPEGImages/levle2_158.jpg,data/raw/acne04/Detection/VOC2007/Annotations/levle2_158.xml,data/processed/acne04_yolo/labels/train/levle2_158.txt,29,29,0.000000,1.000000,1.000000,0,0,0,,false,PASS,
levle2_159,train,data/raw/acne04/Classification/JPEGImages/levle2_159.jpg,data/raw/acne04/Detection/VOC2007/Annotations/levle2_159.xml,data/processed/acne04_yolo/labels/train/levle2_159.txt,28,28,0.000000,1.000000,1.000000,0,0,0,,false,PASS,
levle2_16,train,data/raw/acne04/Classification/JPEGImages/levle2_16.jpg,data/raw/acne04/Detection/VOC2007/Annotations/levle2_16.xml,data/processed/acne04_yolo/labels/train/levle2_16.txt,37,37,0.000000,1.000000,1.000000,0,0,0,,false,PASS,
levle2_160,train,data/raw/acne04/Classification/JPEGImages/levle2_160.jpg,data/raw/acne04/Detection/VOC2007/Annotations/levle2_160.xml,data/processed/acne04_yolo/labels/train/levle2_160.txt,20,20,0.000000,1.000000,1.000000,0,0,0,,false,PASS,
levle2_161,train,data/raw/acne04/Classification/JPEGImages/levle2_161.jpg,data/raw/acne04/Detection/VOC2007/Annotations/levle2_161.xml,data/processed/acne04_yolo/labels/train/levle2_161.txt,24,24,0.000000,1.000000,1.000000,0,0,0,,false,PASS,
levle2_162,train,data/raw/acne04/Classification/JPEGImages/levle2_162.jpg,data/raw/acne04/Detection/VOC2007/Annotations/levle2_162.xml,data/processed/acne04_yolo/labels/train/levle2_162.txt,21,21,0.000000,1.000000,1.000000,0,0,0,,false,PASS,
levle2_163,train,data/raw/acne04/Classification/JPEGImages/levle2_163.jpg,data/raw/acne04/Detection/VOC2007/Annotations/levle2_163.xml,data/processed/acne04_yolo/labels/train/levle2_163.txt,32,32,0.000000,1.000000,1.000000,0,0,0,,false,PASS,
levle2_164,train,data/raw/acne04/Classification/JPEGImages/levle2_164.jpg,data/raw/acne04/Detection/VOC2007/Annotations/levle2_164.xml,data/processed/acne04_yolo/labels/train/levle2_164.txt,26,26,0.000000,1.000000,1.000000,0,0,0,,false,PASS,
levle2_165,val,data/raw/acne04/Classification/JPEGImages/levle2_165.jpg,data/raw/acne04/Detection/VOC2007/Annotations/levle2_165.xml,data/processed/acne04_yolo/labels/val/levle2_165.txt,21,21,0.000000,1.000000,1.000000,0,0,0,,false,PASS,
levle2_166,train,data/raw/acne04/Classification/JPEGImages/levle2_166.jpg,data/raw/acne04/Detection/VOC2007/Annotations/levle2_166.xml,data/processed/acne04_yolo/labels/train/levle2_166.txt,30,30,0.000000,1.000000,1.000000,0,0,0,,false,PASS,
levle2_167,val,data/raw/acne04/Classification/JPEGImages/levle2_167.jpg,data/raw/acne04/Detection/VOC2007/Annotations/levle2_167.xml,data/processed/acne04_yolo/labels/val/levle2_167.txt,22,22,0.000000,1.000000,1.000000,0,0,0,,false,PASS,
levle2_168,train,data/raw/acne04/Classification/JPEGImages/levle2_168.jpg,data/raw/acne04/Detection/VOC2007/Annotations/levle2_168.xml,data/processed/acne04_yolo/labels/train/levle2_168.txt,28,28,0.000000,1.000000,1.000000,0,0,0,,false,PASS,
levle2_169,train,data/raw/acne04/Classification/JPEGImages/levle2_169.jpg,data/raw/acne04/Detection/VOC2007/Annotations/levle2_169.xml,data/processed/acne04_yolo/labels/train/levle2_169.txt,25,25,0.000000,1.000000,1.000000,0,0,0,,false,PASS,
levle2_17,val,data/raw/acne04/Classification/JPEGImages/levle2_17.jpg,data/raw/acne04/Detection/VOC2007/Annotations/levle2_17.xml,data/processed/acne04_yolo/labels/val/levle2_17.txt,31,31,0.000000,1.000000,1.000000,0,0,0,,false,PASS,
levle2_170,train,data/raw/acne04/Classification/JPEGImages/levle2_170.jpg,data/raw/acne04/Detection/VOC2007/Annotations/levle2_170.xml,data/processed/acne04_yolo/labels/train/levle2_170.txt,21,21,0.000000,1.000000,1.000000,0,0,0,,false,PASS,
levle2_171,train,data/raw/acne04/Classification/JPEGImages/levle2_171.jpg,data/raw/acne04/Detection/VOC2007/Annotations/levle2_171.xml,data/processed/acne04_yolo/labels/train/levle2_171.txt,21,21,0.000000,1.000000,1.000000,0,0,0,,false,PASS,
levle2_172,test,data/raw/acne04/Classification/JPEGImages/levle2_172.jpg,data/raw/acne04/Detection/VOC2007/Annotations/levle2_172.xml,data/processed/acne04_yolo/labels/test/levle2_172.txt,27,27,0.000000,1.000000,1.000000,0,0,0,,false,PASS,
levle2_173,train,data/raw/acne04/Classification/JPEGImages/levle2_173.jpg,data/raw/acne04/Detection/VOC2007/Annotations/levle2_173.xml,data/processed/acne04_yolo/labels/train/levle2_173.txt,21,21,0.000000,1.000000,1.000000,0,0,0,,false,PASS,
levle2_174,train,data/raw/acne04/Classification/JPEGImages/levle2_174.jpg,data/raw/acne04/Detection/VOC2007/Annotations/levle2_174.xml,data/processed/acne04_yolo/labels/train/levle2_174.txt,30,30,0.000000,1.000000,1.000000,0,0,0,,false,PASS,
levle2_175,val,data/raw/acne04/Classification/JPEGImages/levle2_175.jpg,data/raw/acne04/Detection/VOC2007/Annotations/levle2_175.xml,data/processed/acne04_yolo/labels/val/levle2_175.txt,27,27,0.000000,1.000000,1.000000,0,0,0,,false,PASS,
levle2_176,test,data/raw/acne04/Classification/JPEGImages/levle2_176.jpg,data/raw/acne04/Detection/VOC2007/Annotations/levle2_176.xml,data/processed/acne04_yolo/labels/test/levle2_176.txt,26,26,0.000000,1.000000,1.000000,0,0,0,,false,PASS,
levle2_177,train,data/raw/acne04/Classification/JPEGImages/levle2_177.jpg,data/raw/acne04/Detection/VOC2007/Annotations/levle2_177.xml,data/processed/acne04_yolo/labels/train/levle2_177.txt,26,26,0.000000,1.000000,1.000000,0,0,0,,false,PASS,
levle2_178,test,data/raw/acne04/Classification/JPEGImages/levle2_178.jpg,data/raw/acne04/Detection/VOC2007/Annotations/levle2_178.xml,data/processed/acne04_yolo/labels/test/levle2_178.txt,21,21,0.000000,1.000000,1.000000,0,0,0,,false,PASS,
levle2_179,train,data/raw/acne04/Classification/JPEGImages/levle2_179.jpg,data/raw/acne04/Detection/VOC2007/Annotations/levle2_179.xml,data/processed/acne04_yolo/labels/train/levle2_179.txt,21,21,0.000000,1.000000,1.000000,0,0,0,,false,PASS,
levle2_18,train,data/raw/acne04/Classification/JPEGImages/levle2_18.jpg,data/raw/acne04/Detection/VOC2007/Annotations/levle2_18.xml,data/processed/acne04_yolo/labels/train/levle2_18.txt,23,23,0.000000,1.000000,1.000000,0,0,4,,false,NEEDS_REVIEW,contains_very_small_box
levle2_180,train,data/raw/acne04/Classification/JPEGImages/levle2_180.jpg,data/raw/acne04/Detection/VOC2007/Annotations/levle2_180.xml,data/processed/acne04_yolo/labels/train/levle2_180.txt,21,21,0.000000,1.000000,1.000000,0,0,0,,false,PASS,
levle2_181,val,data/raw/acne04/Classification/JPEGImages/levle2_181.jpg,data/raw/acne04/Detection/VOC2007/Annotations/levle2_181.xml,data/processed/acne04_yolo/labels/val/levle2_181.txt,21,21,0.000000,1.000000,1.000000,0,0,0,,false,PASS,
levle2_182,train,data/raw/acne04/Classification/JPEGImages/levle2_182.jpg,data/raw/acne04/Detection/VOC2007/Annotations/levle2_182.xml,data/processed/acne04_yolo/labels/train/levle2_182.txt,21,21,0.000000,1.000000,1.000000,0,0,0,,false,PASS,
levle2_183,train,data/raw/acne04/Classification/JPEGImages/levle2_183.jpg,data/raw/acne04/Detection/VOC2007/Annotations/levle2_183.xml,data/processed/acne04_yolo/labels/train/levle2_183.txt,22,22,0.000000,1.000000,1.000000,0,0,0,,false,PASS,
levle2_184,train,data/raw/acne04/Classification/JPEGImages/levle2_184.jpg,data/raw/acne04/Detection/VOC2007/Annotations/levle2_184.xml,data/processed/acne04_yolo/labels/train/levle2_184.txt,21,21,0.000000,1.000000,1.000000,0,0,0,,false,PASS,
levle2_185,train,data/raw/acne04/Classification/JPEGImages/levle2_185.jpg,data/raw/acne04/Detection/VOC2007/Annotations/levle2_185.xml,data/processed/acne04_yolo/labels/train/levle2_185.txt,32,32,0.000000,1.000000,1.000000,0,0,0,,false,PASS,
levle2_186,train,data/raw/acne04/Classification/JPEGImages/levle2_186.jpg,data/raw/acne04/Detection/VOC2007/Annotations/levle2_186.xml,data/processed/acne04_yolo/labels/train/levle2_186.txt,27,27,0.000000,1.000000,1.000000,0,0,0,,false,PASS,
levle2_187,train,data/raw/acne04/Classification/JPEGImages/levle2_187.jpg,data/raw/acne04/Detection/VOC2007/Annotations/levle2_187.xml,data/processed/acne04_yolo/labels/train/levle2_187.txt,27,27,0.000000,1.000000,1.000000,0,0,0,,false,PASS,
levle2_188,train,data/raw/acne04/Classification/JPEGImages/levle2_188.jpg,data/raw/acne04/Detection/VOC2007/Annotations/levle2_188.xml,data/processed/acne04_yolo/labels/train/levle2_188.txt,32,32,0.000000,1.000000,1.000000,0,0,25,,false,NEEDS_REVIEW,contains_very_small_box
levle2_189,train,data/raw/acne04/Classification/JPEGImages/levle2_189.jpg,data/raw/acne04/Detection/VOC2007/Annotations/levle2_189.xml,data/processed/acne04_yolo/labels/train/levle2_189.txt,21,21,0.000000,1.000000,1.000000,0,0,0,,false,PASS,
levle2_19,train,data/raw/acne04/Classification/JPEGImages/levle2_19.jpg,data/raw/acne04/Detection/VOC2007/Annotations/levle2_19.xml,data/processed/acne04_yolo/labels/train/levle2_19.txt,35,35,0.000000,1.000000,1.000000,0,0,14,,false,NEEDS_REVIEW,contains_very_small_box
levle2_190,train,data/raw/acne04/Classification/JPEGImages/levle2_190.jpg,data/raw/acne04/Detection/VOC2007/Annotations/levle2_190.xml,data/processed/acne04_yolo/labels/train/levle2_190.txt,23,23,0.000000,1.000000,1.000000,0,0,0,,false,PASS,
levle2_2,train,data/raw/acne04/Classification/JPEGImages/levle2_2.jpg,data/raw/acne04/Detection/VOC2007/Annotations/levle2_2.xml,data/processed/acne04_yolo/labels/train/levle2_2.txt,21,21,0.000000,1.000000,1.000000,0,0,1,,false,NEEDS_REVIEW,contains_very_small_box
levle2_20,test,data/raw/acne04/Classification/JPEGImages/levle2_20.jpg,data/raw/acne04/Detection/VOC2007/Annotations/levle2_20.xml,data/processed/acne04_yolo/labels/test/levle2_20.txt,36,36,0.000000,1.000000,1.000000,0,0,0,,false,PASS,
levle2_21,train,data/raw/acne04/Classification/JPEGImages/levle2_21.jpg,data/raw/acne04/Detection/VOC2007/Annotations/levle2_21.xml,data/processed/acne04_yolo/labels/train/levle2_21.txt,31,31,0.000000,1.000000,1.000000,0,0,0,,false,PASS,
levle2_22,test,data/raw/acne04/Classification/JPEGImages/levle2_22.jpg,data/raw/acne04/Detection/VOC2007/Annotations/levle2_22.xml,data/processed/acne04_yolo/labels/test/levle2_22.txt,28,28,0.000000,1.000000,1.000000,0,0,0,,false,PASS,
levle2_23,train,data/raw/acne04/Classification/JPEGImages/levle2_23.jpg,data/raw/acne04/Detection/VOC2007/Annotations/levle2_23.xml,data/processed/acne04_yolo/labels/train/levle2_23.txt,29,29,0.000000,1.000000,1.000000,0,0,0,,false,PASS,
levle2_24,train,data/raw/acne04/Classification/JPEGImages/levle2_24.jpg,data/raw/acne04/Detection/VOC2007/Annotations/levle2_24.xml,data/processed/acne04_yolo/labels/train/levle2_24.txt,37,37,0.000000,1.000000,1.000000,0,0,2,,false,NEEDS_REVIEW,contains_very_small_box
levle2_25,test,data/raw/acne04/Classification/JPEGImages/levle2_25.jpg,data/raw/acne04/Detection/VOC2007/Annotations/levle2_25.xml,data/processed/acne04_yolo/labels/test/levle2_25.txt,29,29,0.000000,1.000000,1.000000,0,0,0,,false,PASS,
levle2_26,test,data/raw/acne04/Classification/JPEGImages/levle2_26.jpg,data/raw/acne04/Detection/VOC2007/Annotations/levle2_26.xml,data/processed/acne04_yolo/labels/test/levle2_26.txt,38,38,0.000000,1.000000,1.000000,0,0,0,,false,PASS,
levle2_27,train,data/raw/acne04/Classification/JPEGImages/levle2_27.jpg,data/raw/acne04/Detection/VOC2007/Annotations/levle2_27.xml,data/processed/acne04_yolo/labels/train/levle2_27.txt,26,26,0.000000,1.000000,1.000000,0,0,0,,false,PASS,
levle2_28,train,data/raw/acne04/Classification/JPEGImages/levle2_28.jpg,data/raw/acne04/Detection/VOC2007/Annotations/levle2_28.xml,data/processed/acne04_yolo/labels/train/levle2_28.txt,31,31,0.000000,1.000000,1.000000,0,0,0,,false,PASS,
levle2_29,train,data/raw/acne04/Classification/JPEGImages/levle2_29.jpg,data/raw/acne04/Detection/VOC2007/Annotations/levle2_29.xml,data/processed/acne04_yolo/labels/train/levle2_29.txt,34,34,0.000000,1.000000,1.000000,0,0,0,,false,PASS,
levle2_3,train,data/raw/acne04/Classification/JPEGImages/levle2_3.jpg,data/raw/acne04/Detection/VOC2007/Annotations/levle2_3.xml,data/processed/acne04_yolo/labels/train/levle2_3.txt,30,30,0.000000,1.000000,1.000000,0,0,0,,false,PASS,
levle2_30,val,data/raw/acne04/Classification/JPEGImages/levle2_30.jpg,data/raw/acne04/Detection/VOC2007/Annotations/levle2_30.xml,data/processed/acne04_yolo/labels/val/levle2_30.txt,26,26,0.000000,1.000000,1.000000,0,0,1,,false,NEEDS_REVIEW,contains_very_small_box
levle2_31,train,data/raw/acne04/Classification/JPEGImages/levle2_31.jpg,data/raw/acne04/Detection/VOC2007/Annotations/levle2_31.xml,data/processed/acne04_yolo/labels/train/levle2_31.txt,29,29,0.000000,1.000000,1.000000,0,0,0,,false,PASS,
levle2_32,test,data/raw/acne04/Classification/JPEGImages/levle2_32.jpg,data/raw/acne04/Detection/VOC2007/Annotations/levle2_32.xml,data/processed/acne04_yolo/labels/test/levle2_32.txt,25,25,0.000000,1.000000,1.000000,0,0,0,,false,PASS,
levle2_33,train,data/raw/acne04/Classification/JPEGImages/levle2_33.jpg,data/raw/acne04/Detection/VOC2007/Annotations/levle2_33.xml,data/processed/acne04_yolo/labels/train/levle2_33.txt,24,24,0.000000,1.000000,1.000000,0,0,0,,false,PASS,
levle2_34,train,data/raw/acne04/Classification/JPEGImages/levle2_34.jpg,data/raw/acne04/Detection/VOC2007/Annotations/levle2_34.xml,data/processed/acne04_yolo/labels/train/levle2_34.txt,25,25,0.000000,1.000000,1.000000,0,0,0,,false,PASS,
levle2_35,val,data/raw/acne04/Classification/JPEGImages/levle2_35.jpg,data/raw/acne04/Detection/VOC2007/Annotations/levle2_35.xml,data/processed/acne04_yolo/labels/val/levle2_35.txt,29,29,0.000000,1.000000,1.000000,0,0,0,,false,PASS,
levle2_36,val,data/raw/acne04/Classification/JPEGImages/levle2_36.jpg,data/raw/acne04/Detection/VOC2007/Annotations/levle2_36.xml,data/processed/acne04_yolo/labels/val/levle2_36.txt,39,39,0.000000,1.000000,1.000000,0,0,0,,false,PASS,
levle2_37,train,data/raw/acne04/Classification/JPEGImages/levle2_37.jpg,data/raw/acne04/Detection/VOC2007/Annotations/levle2_37.xml,data/processed/acne04_yolo/labels/train/levle2_37.txt,35,35,0.000000,1.000000,1.000000,0,0,0,,false,PASS,
levle2_38,test,data/raw/acne04/Classification/JPEGImages/levle2_38.jpg,data/raw/acne04/Detection/VOC2007/Annotations/levle2_38.xml,data/processed/acne04_yolo/labels/test/levle2_38.txt,21,21,0.000000,1.000000,1.000000,0,0,0,,false,PASS,
levle2_39,val,data/raw/acne04/Classification/JPEGImages/levle2_39.jpg,data/raw/acne04/Detection/VOC2007/Annotations/levle2_39.xml,data/processed/acne04_yolo/labels/val/levle2_39.txt,32,32,0.000000,1.000000,1.000000,0,0,0,,false,PASS,
levle2_4,train,data/raw/acne04/Classification/JPEGImages/levle2_4.jpg,data/raw/acne04/Detection/VOC2007/Annotations/levle2_4.xml,data/processed/acne04_yolo/labels/train/levle2_4.txt,21,21,0.000000,1.000000,1.000000,0,0,0,,false,PASS,
levle2_40,train,data/raw/acne04/Classification/JPEGImages/levle2_40.jpg,data/raw/acne04/Detection/VOC2007/Annotations/levle2_40.xml,data/processed/acne04_yolo/labels/train/levle2_40.txt,21,21,0.000000,1.000000,1.000000,0,0,0,,false,PASS,
levle2_41,test,data/raw/acne04/Classification/JPEGImages/levle2_41.jpg,data/raw/acne04/Detection/VOC2007/Annotations/levle2_41.xml,data/processed/acne04_yolo/labels/test/levle2_41.txt,27,27,0.000000,1.000000,1.000000,0,0,0,,false,PASS,
levle2_42,val,data/raw/acne04/Classification/JPEGImages/levle2_42.jpg,data/raw/acne04/Detection/VOC2007/Annotations/levle2_42.xml,data/processed/acne04_yolo/labels/val/levle2_42.txt,21,21,0.000000,1.000000,1.000000,0,0,0,,false,PASS,
levle2_43,train,data/raw/acne04/Classification/JPEGImages/levle2_43.jpg,data/raw/acne04/Detection/VOC2007/Annotations/levle2_43.xml,data/processed/acne04_yolo/labels/train/levle2_43.txt,31,31,0.000000,1.000000,1.000000,0,0,0,,false,PASS,
levle2_44,train,data/raw/acne04/Classification/JPEGImages/levle2_44.jpg,data/raw/acne04/Detection/VOC2007/Annotations/levle2_44.xml,data/processed/acne04_yolo/labels/train/levle2_44.txt,27,27,0.000000,1.000000,1.000000,0,0,0,,false,PASS,
levle2_45,train,data/raw/acne04/Classification/JPEGImages/levle2_45.jpg,data/raw/acne04/Detection/VOC2007/Annotations/levle2_45.xml,data/processed/acne04_yolo/labels/train/levle2_45.txt,32,32,0.000000,1.000000,1.000000,0,0,0,,false,PASS,
levle2_46,val,data/raw/acne04/Classification/JPEGImages/levle2_46.jpg,data/raw/acne04/Detection/VOC2007/Annotations/levle2_46.xml,data/processed/acne04_yolo/labels/val/levle2_46.txt,30,30,0.000000,1.000000,1.000000,0,0,0,,false,PASS,
levle2_47,val,data/raw/acne04/Classification/JPEGImages/levle2_47.jpg,data/raw/acne04/Detection/VOC2007/Annotations/levle2_47.xml,data/processed/acne04_yolo/labels/val/levle2_47.txt,33,33,0.000000,1.000000,1.000000,0,0,0,,false,PASS,
levle2_48,val,data/raw/acne04/Classification/JPEGImages/levle2_48.jpg,data/raw/acne04/Detection/VOC2007/Annotations/levle2_48.xml,data/processed/acne04_yolo/labels/val/levle2_48.txt,26,26,0.000000,1.000000,1.000000,0,0,0,,false,PASS,
levle2_49,val,data/raw/acne04/Classification/JPEGImages/levle2_49.jpg,data/raw/acne04/Detection/VOC2007/Annotations/levle2_49.xml,data/processed/acne04_yolo/labels/val/levle2_49.txt,24,24,0.000000,1.000000,1.000000,0,0,0,,false,PASS,
levle2_5,train,data/raw/acne04/Classification/JPEGImages/levle2_5.jpg,data/raw/acne04/Detection/VOC2007/Annotations/levle2_5.xml,data/processed/acne04_yolo/labels/train/levle2_5.txt,21,21,0.000000,1.000000,1.000000,0,0,0,,false,PASS,
levle2_50,val,data/raw/acne04/Classification/JPEGImages/levle2_50.jpg,data/raw/acne04/Detection/VOC2007/Annotations/levle2_50.xml,data/processed/acne04_yolo/labels/val/levle2_50.txt,34,34,0.000000,1.000000,1.000000,0,0,0,,false,PASS,
levle2_51,train,data/raw/acne04/Classification/JPEGImages/levle2_51.jpg,data/raw/acne04/Detection/VOC2007/Annotations/levle2_51.xml,data/processed/acne04_yolo/labels/train/levle2_51.txt,35,35,0.000000,1.000000,1.000000,0,0,0,,false,PASS,
levle2_52,train,data/raw/acne04/Classification/JPEGImages/levle2_52.jpg,data/raw/acne04/Detection/VOC2007/Annotations/levle2_52.xml,data/processed/acne04_yolo/labels/train/levle2_52.txt,21,21,0.000000,1.000000,1.000000,0,0,0,,false,PASS,
levle2_53,test,data/raw/acne04/Classification/JPEGImages/levle2_53.jpg,data/raw/acne04/Detection/VOC2007/Annotations/levle2_53.xml,data/processed/acne04_yolo/labels/test/levle2_53.txt,21,21,0.000000,1.000000,1.000000,0,0,0,,false,PASS,
levle2_54,train,data/raw/acne04/Classification/JPEGImages/levle2_54.jpg,data/raw/acne04/Detection/VOC2007/Annotations/levle2_54.xml,data/processed/acne04_yolo/labels/train/levle2_54.txt,22,22,0.000000,1.000000,1.000000,0,0,0,,false,PASS,
levle2_55,train,data/raw/acne04/Classification/JPEGImages/levle2_55.jpg,data/raw/acne04/Detection/VOC2007/Annotations/levle2_55.xml,data/processed/acne04_yolo/labels/train/levle2_55.txt,24,24,0.000000,1.000000,1.000000,0,0,0,,false,PASS,
levle2_56,train,data/raw/acne04/Classification/JPEGImages/levle2_56.jpg,data/raw/acne04/Detection/VOC2007/Annotations/levle2_56.xml,data/processed/acne04_yolo/labels/train/levle2_56.txt,25,25,0.000000,1.000000,1.000000,0,0,0,,false,PASS,
levle2_57,train,data/raw/acne04/Classification/JPEGImages/levle2_57.jpg,data/raw/acne04/Detection/VOC2007/Annotations/levle2_57.xml,data/processed/acne04_yolo/labels/train/levle2_57.txt,21,21,0.000000,1.000000,1.000000,0,0,0,,false,PASS,
levle2_58,train,data/raw/acne04/Classification/JPEGImages/levle2_58.jpg,data/raw/acne04/Detection/VOC2007/Annotations/levle2_58.xml,data/processed/acne04_yolo/labels/train/levle2_58.txt,21,21,0.000000,1.000000,1.000000,0,0,0,,false,PASS,
levle2_59,val,data/raw/acne04/Classification/JPEGImages/levle2_59.jpg,data/raw/acne04/Detection/VOC2007/Annotations/levle2_59.xml,data/processed/acne04_yolo/labels/val/levle2_59.txt,21,21,0.000000,1.000000,1.000000,0,0,0,,false,PASS,
levle2_6,train,data/raw/acne04/Classification/JPEGImages/levle2_6.jpg,data/raw/acne04/Detection/VOC2007/Annotations/levle2_6.xml,data/processed/acne04_yolo/labels/train/levle2_6.txt,35,35,0.000000,1.000000,1.000000,0,0,0,,false,PASS,
levle2_60,train,data/raw/acne04/Classification/JPEGImages/levle2_60.jpg,data/raw/acne04/Detection/VOC2007/Annotations/levle2_60.xml,data/processed/acne04_yolo/labels/train/levle2_60.txt,21,21,0.000000,1.000000,1.000000,0,0,0,,false,PASS,
levle2_61,train,data/raw/acne04/Classification/JPEGImages/levle2_61.jpg,data/raw/acne04/Detection/VOC2007/Annotations/levle2_61.xml,data/processed/acne04_yolo/labels/train/levle2_61.txt,21,21,0.000000,1.000000,1.000000,0,0,0,,false,PASS,
levle2_62,test,data/raw/acne04/Classification/JPEGImages/levle2_62.jpg,data/raw/acne04/Detection/VOC2007/Annotations/levle2_62.xml,data/processed/acne04_yolo/labels/test/levle2_62.txt,14,14,0.000000,1.000000,1.000000,0,0,0,,false,PASS,
levle2_63,train,data/raw/acne04/Classification/JPEGImages/levle2_63.jpg,data/raw/acne04/Detection/VOC2007/Annotations/levle2_63.xml,data/processed/acne04_yolo/labels/train/levle2_63.txt,23,23,0.000000,1.000000,1.000000,0,0,0,,false,PASS,
levle2_64,train,data/raw/acne04/Classification/JPEGImages/levle2_64.jpg,data/raw/acne04/Detection/VOC2007/Annotations/levle2_64.xml,data/processed/acne04_yolo/labels/train/levle2_64.txt,18,18,0.000000,1.000000,1.000000,0,0,0,,false,PASS,
levle2_65,test,data/raw/acne04/Classification/JPEGImages/levle2_65.jpg,data/raw/acne04/Detection/VOC2007/Annotations/levle2_65.xml,data/processed/acne04_yolo/labels/test/levle2_65.txt,22,22,0.000000,1.000000,1.000000,0,0,0,,false,PASS,
levle2_66,train,data/raw/acne04/Classification/JPEGImages/levle2_66.jpg,data/raw/acne04/Detection/VOC2007/Annotations/levle2_66.xml,data/processed/acne04_yolo/labels/train/levle2_66.txt,21,21,0.000000,1.000000,1.000000,0,0,0,,false,PASS,
levle2_67,test,data/raw/acne04/Classification/JPEGImages/levle2_67.jpg,data/raw/acne04/Detection/VOC2007/Annotations/levle2_67.xml,data/processed/acne04_yolo/labels/test/levle2_67.txt,21,21,0.000000,1.000000,1.000000,0,0,0,,false,PASS,
levle2_68,train,data/raw/acne04/Classification/JPEGImages/levle2_68.jpg,data/raw/acne04/Detection/VOC2007/Annotations/levle2_68.xml,data/processed/acne04_yolo/labels/train/levle2_68.txt,17,17,0.000000,1.000000,1.000000,0,0,0,,false,PASS,
levle2_69,train,data/raw/acne04/Classification/JPEGImages/levle2_69.jpg,data/raw/acne04/Detection/VOC2007/Annotations/levle2_69.xml,data/processed/acne04_yolo/labels/train/levle2_69.txt,32,32,0.000000,1.000000,1.000000,0,0,0,,false,PASS,
levle2_7,train,data/raw/acne04/Classification/JPEGImages/levle2_7.jpg,data/raw/acne04/Detection/VOC2007/Annotations/levle2_7.xml,data/processed/acne04_yolo/labels/train/levle2_7.txt,42,42,0.000000,1.000000,1.000000,0,0,28,,false,NEEDS_REVIEW,contains_very_small_box
levle2_70,train,data/raw/acne04/Classification/JPEGImages/levle2_70.jpg,data/raw/acne04/Detection/VOC2007/Annotations/levle2_70.xml,data/processed/acne04_yolo/labels/train/levle2_70.txt,30,30,0.000000,1.000000,1.000000,0,0,0,46417b44b16e0aac18cf592947a2d6e2f6f4ea48bd5b1bf6c8b4893c0fab7533,false,NEEDS_REVIEW,duplicate_group_annotation_counts_differ
levle2_71,train,data/raw/acne04/Classification/JPEGImages/levle2_71.jpg,data/raw/acne04/Detection/VOC2007/Annotations/levle2_71.xml,data/processed/acne04_yolo/labels/train/levle2_71.txt,26,26,0.000000,1.000000,1.000000,0,0,0,,false,PASS,
levle2_72,train,data/raw/acne04/Classification/JPEGImages/levle2_72.jpg,data/raw/acne04/Detection/VOC2007/Annotations/levle2_72.xml,data/processed/acne04_yolo/labels/train/levle2_72.txt,25,25,0.000000,1.000000,1.000000,0,0,0,fb7acfc404266134438b0e34714416700ae62d723b62e887df9c5ab899f42042,false,NEEDS_REVIEW,duplicate_group_annotation_counts_differ
levle2_73,train,data/raw/acne04/Classification/JPEGImages/levle2_73.jpg,data/raw/acne04/Detection/VOC2007/Annotations/levle2_73.xml,data/processed/acne04_yolo/labels/train/levle2_73.txt,21,21,0.000000,1.000000,1.000000,0,0,0,,false,PASS,
levle2_74,train,data/raw/acne04/Classification/JPEGImages/levle2_74.jpg,data/raw/acne04/Detection/VOC2007/Annotations/levle2_74.xml,data/processed/acne04_yolo/labels/train/levle2_74.txt,21,21,0.000000,1.000000,1.000000,0,0,0,,false,PASS,
levle2_75,val,data/raw/acne04/Classification/JPEGImages/levle2_75.jpg,data/raw/acne04/Detection/VOC2007/Annotations/levle2_75.xml,data/processed/acne04_yolo/labels/val/levle2_75.txt,21,21,0.000000,1.000000,1.000000,0,0,0,,false,PASS,
levle2_76,train,data/raw/acne04/Classification/JPEGImages/levle2_76.jpg,data/raw/acne04/Detection/VOC2007/Annotations/levle2_76.xml,data/processed/acne04_yolo/labels/train/levle2_76.txt,24,24,0.000000,1.000000,1.000000,0,0,0,,false,PASS,
levle2_77,train,data/raw/acne04/Classification/JPEGImages/levle2_77.jpg,data/raw/acne04/Detection/VOC2007/Annotations/levle2_77.xml,data/processed/acne04_yolo/labels/train/levle2_77.txt,21,21,0.000000,1.000000,1.000000,0,0,0,,false,PASS,
levle2_78,train,data/raw/acne04/Classification/JPEGImages/levle2_78.jpg,data/raw/acne04/Detection/VOC2007/Annotations/levle2_78.xml,data/processed/acne04_yolo/labels/train/levle2_78.txt,21,21,0.000000,1.000000,1.000000,0,0,0,,false,PASS,
levle2_79,train,data/raw/acne04/Classification/JPEGImages/levle2_79.jpg,data/raw/acne04/Detection/VOC2007/Annotations/levle2_79.xml,data/processed/acne04_yolo/labels/train/levle2_79.txt,21,21,0.000000,1.000000,1.000000,0,0,0,,false,PASS,
levle2_8,test,data/raw/acne04/Classification/JPEGImages/levle2_8.jpg,data/raw/acne04/Detection/VOC2007/Annotations/levle2_8.xml,data/processed/acne04_yolo/labels/test/levle2_8.txt,21,21,0.000000,1.000000,1.000000,0,0,0,,false,PASS,
levle2_81,train,data/raw/acne04/Classification/JPEGImages/levle2_81.jpg,data/raw/acne04/Detection/VOC2007/Annotations/levle2_81.xml,data/processed/acne04_yolo/labels/train/levle2_81.txt,21,21,0.000000,1.000000,1.000000,0,0,0,,false,PASS,
levle2_82,val,data/raw/acne04/Classification/JPEGImages/levle2_82.jpg,data/raw/acne04/Detection/VOC2007/Annotations/levle2_82.xml,data/processed/acne04_yolo/labels/val/levle2_82.txt,25,25,0.000000,1.000000,1.000000,0,0,0,,false,PASS,
levle2_83,train,data/raw/acne04/Classification/JPEGImages/levle2_83.jpg,data/raw/acne04/Detection/VOC2007/Annotations/levle2_83.xml,data/processed/acne04_yolo/labels/train/levle2_83.txt,21,21,0.000000,1.000000,1.000000,0,0,0,,false,PASS,
levle2_84,val,data/raw/acne04/Classification/JPEGImages/levle2_84.jpg,data/raw/acne04/Detection/VOC2007/Annotations/levle2_84.xml,data/processed/acne04_yolo/labels/val/levle2_84.txt,21,21,0.000000,1.000000,1.000000,0,0,0,,false,PASS,
levle2_85,train,data/raw/acne04/Classification/JPEGImages/levle2_85.jpg,data/raw/acne04/Detection/VOC2007/Annotations/levle2_85.xml,data/processed/acne04_yolo/labels/train/levle2_85.txt,26,26,0.000000,1.000000,1.000000,0,0,0,,false,PASS,
levle2_86,train,data/raw/acne04/Classification/JPEGImages/levle2_86.jpg,data/raw/acne04/Detection/VOC2007/Annotations/levle2_86.xml,data/processed/acne04_yolo/labels/train/levle2_86.txt,11,11,0.000000,1.000000,1.000000,0,0,0,,false,PASS,
levle2_87,train,data/raw/acne04/Classification/JPEGImages/levle2_87.jpg,data/raw/acne04/Detection/VOC2007/Annotations/levle2_87.xml,data/processed/acne04_yolo/labels/train/levle2_87.txt,21,21,0.000000,1.000000,1.000000,0,0,0,,false,PASS,
levle2_88,train,data/raw/acne04/Classification/JPEGImages/levle2_88.jpg,data/raw/acne04/Detection/VOC2007/Annotations/levle2_88.xml,data/processed/acne04_yolo/labels/train/levle2_88.txt,21,21,0.000000,1.000000,1.000000,0,0,0,,false,PASS,
levle2_89,train,data/raw/acne04/Classification/JPEGImages/levle2_89.jpg,data/raw/acne04/Detection/VOC2007/Annotations/levle2_89.xml,data/processed/acne04_yolo/labels/train/levle2_89.txt,24,24,0.000000,1.000000,1.000000,0,0,10,,false,NEEDS_REVIEW,contains_very_small_box
levle2_9,train,data/raw/acne04/Classification/JPEGImages/levle2_9.jpg,data/raw/acne04/Detection/VOC2007/Annotations/levle2_9.xml,data/processed/acne04_yolo/labels/train/levle2_9.txt,34,34,0.000000,1.000000,1.000000,0,0,0,,false,PASS,
levle2_90,train,data/raw/acne04/Classification/JPEGImages/levle2_90.jpg,data/raw/acne04/Detection/VOC2007/Annotations/levle2_90.xml,data/processed/acne04_yolo/labels/train/levle2_90.txt,30,30,0.000000,1.000000,1.000000,0,0,14,,false,NEEDS_REVIEW,contains_very_small_box
levle2_92,train,data/raw/acne04/Classification/JPEGImages/levle2_92.jpg,data/raw/acne04/Detection/VOC2007/Annotations/levle2_92.xml,data/processed/acne04_yolo/labels/train/levle2_92.txt,27,27,0.000000,1.000000,1.000000,0,0,23,,false,NEEDS_REVIEW,contains_very_small_box
levle2_93,test,data/raw/acne04/Classification/JPEGImages/levle2_93.jpg,data/raw/acne04/Detection/VOC2007/Annotations/levle2_93.xml,data/processed/acne04_yolo/labels/test/levle2_93.txt,32,32,0.000000,1.000000,1.000000,0,0,19,,false,NEEDS_REVIEW,contains_very_small_box
levle2_94,test,data/raw/acne04/Classification/JPEGImages/levle2_94.jpg,data/raw/acne04/Detection/VOC2007/Annotations/levle2_94.xml,data/processed/acne04_yolo/labels/test/levle2_94.txt,21,21,0.000000,1.000000,1.000000,0,0,0,,false,PASS,
levle2_95,train,data/raw/acne04/Classification/JPEGImages/levle2_95.jpg,data/raw/acne04/Detection/VOC2007/Annotations/levle2_95.xml,data/processed/acne04_yolo/labels/train/levle2_95.txt,21,21,0.000000,1.000000,1.000000,0,0,0,,false,PASS,
levle2_96,train,data/raw/acne04/Classification/JPEGImages/levle2_96.jpg,data/raw/acne04/Detection/VOC2007/Annotations/levle2_96.xml,data/processed/acne04_yolo/labels/train/levle2_96.txt,22,22,0.000000,1.000000,1.000000,0,0,0,46417b44b16e0aac18cf592947a2d6e2f6f4ea48bd5b1bf6c8b4893c0fab7533,false,NEEDS_REVIEW,duplicate_group_annotation_counts_differ
levle2_97,train,data/raw/acne04/Classification/JPEGImages/levle2_97.jpg,data/raw/acne04/Detection/VOC2007/Annotations/levle2_97.xml,data/processed/acne04_yolo/labels/train/levle2_97.txt,24,24,0.000000,1.000000,1.000000,0,0,0,fb7acfc404266134438b0e34714416700ae62d723b62e887df9c5ab899f42042,false,NEEDS_REVIEW,duplicate_group_annotation_counts_differ
levle2_98,train,data/raw/acne04/Classification/JPEGImages/levle2_98.jpg,data/raw/acne04/Detection/VOC2007/Annotations/levle2_98.xml,data/processed/acne04_yolo/labels/train/levle2_98.txt,21,21,0.000000,1.000000,1.000000,0,0,0,,false,PASS,
levle2_99,train,data/raw/acne04/Classification/JPEGImages/levle2_99.jpg,data/raw/acne04/Detection/VOC2007/Annotations/levle2_99.xml,data/processed/acne04_yolo/labels/train/levle2_99.txt,11,11,0.000000,1.000000,1.000000,0,0,0,,false,PASS,
levle3_0,train,data/raw/acne04/Classification/JPEGImages/levle3_0.jpg,data/raw/acne04/Detection/VOC2007/Annotations/levle3_0.xml,data/processed/acne04_yolo/labels/train/levle3_0.txt,64,64,0.000000,1.000000,1.000000,0,0,46,,false,NEEDS_REVIEW,contains_very_small_box
levle3_1,train,data/raw/acne04/Classification/JPEGImages/levle3_1.jpg,data/raw/acne04/Detection/VOC2007/Annotations/levle3_1.xml,data/processed/acne04_yolo/labels/train/levle3_1.txt,60,60,0.000000,1.000000,1.000000,0,0,1,,false,NEEDS_REVIEW,contains_very_small_box
levle3_10,train,data/raw/acne04/Classification/JPEGImages/levle3_10.jpg,data/raw/acne04/Detection/VOC2007/Annotations/levle3_10.xml,data/processed/acne04_yolo/labels/train/levle3_10.txt,65,65,0.000000,1.000000,1.000000,0,0,2,,false,NEEDS_REVIEW,contains_very_small_box
levle3_100,val,data/raw/acne04/Classification/JPEGImages/levle3_100.jpg,data/raw/acne04/Detection/VOC2007/Annotations/levle3_100.xml,data/processed/acne04_yolo/labels/val/levle3_100.txt,58,58,0.000000,1.000000,1.000000,0,0,2,,false,NEEDS_REVIEW,contains_very_small_box
levle3_101,train,data/raw/acne04/Classification/JPEGImages/levle3_101.jpg,data/raw/acne04/Detection/VOC2007/Annotations/levle3_101.xml,data/processed/acne04_yolo/labels/train/levle3_101.txt,56,56,0.000000,1.000000,1.000000,0,0,0,,false,PASS,
levle3_102,val,data/raw/acne04/Classification/JPEGImages/levle3_102.jpg,data/raw/acne04/Detection/VOC2007/Annotations/levle3_102.xml,data/processed/acne04_yolo/labels/val/levle3_102.txt,65,65,0.000000,1.000000,1.000000,0,0,0,,false,PASS,
levle3_103,train,data/raw/acne04/Classification/JPEGImages/levle3_103.jpg,data/raw/acne04/Detection/VOC2007/Annotations/levle3_103.xml,data/processed/acne04_yolo/labels/train/levle3_103.txt,58,58,0.000000,1.000000,1.000000,0,0,0,,false,PASS,
levle3_104,train,data/raw/acne04/Classification/JPEGImages/levle3_104.jpg,data/raw/acne04/Detection/VOC2007/Annotations/levle3_104.xml,data/processed/acne04_yolo/labels/train/levle3_104.txt,53,53,0.000000,1.000000,1.000000,0,0,0,,false,PASS,
levle3_105,val,data/raw/acne04/Classification/JPEGImages/levle3_105.jpg,data/raw/acne04/Detection/VOC2007/Annotations/levle3_105.xml,data/processed/acne04_yolo/labels/val/levle3_105.txt,52,52,0.000000,1.000000,1.000000,0,0,0,,false,PASS,
levle3_106,train,data/raw/acne04/Classification/JPEGImages/levle3_106.jpg,data/raw/acne04/Detection/VOC2007/Annotations/levle3_106.xml,data/processed/acne04_yolo/labels/train/levle3_106.txt,56,56,0.000000,1.000000,1.000000,0,0,0,,false,PASS,
levle3_107,train,data/raw/acne04/Classification/JPEGImages/levle3_107.jpg,data/raw/acne04/Detection/VOC2007/Annotations/levle3_107.xml,data/processed/acne04_yolo/labels/train/levle3_107.txt,53,53,0.000000,1.000000,1.000000,0,0,5,,false,NEEDS_REVIEW,contains_very_small_box
levle3_108,train,data/raw/acne04/Classification/JPEGImages/levle3_108.jpg,data/raw/acne04/Detection/VOC2007/Annotations/levle3_108.xml,data/processed/acne04_yolo/labels/train/levle3_108.txt,56,56,0.000000,1.000000,1.000000,0,0,14,,false,NEEDS_REVIEW,contains_very_small_box
levle3_109,test,data/raw/acne04/Classification/JPEGImages/levle3_109.jpg,data/raw/acne04/Detection/VOC2007/Annotations/levle3_109.xml,data/processed/acne04_yolo/labels/test/levle3_109.txt,52,52,0.000000,1.000000,1.000000,0,0,22,acf8394dd155c64512e3cf445577307615150567a0b42bfa0ec26c5e770963a6,false,NEEDS_REVIEW,contains_very_small_box;duplicate_group_annotation_counts_differ
levle3_11,train,data/raw/acne04/Classification/JPEGImages/levle3_11.jpg,data/raw/acne04/Detection/VOC2007/Annotations/levle3_11.xml,data/processed/acne04_yolo/labels/train/levle3_11.txt,57,57,0.000000,1.000000,1.000000,0,0,0,,false,PASS,
levle3_110,val,data/raw/acne04/Classification/JPEGImages/levle3_110.jpg,data/raw/acne04/Detection/VOC2007/Annotations/levle3_110.xml,data/processed/acne04_yolo/labels/val/levle3_110.txt,64,64,0.000000,1.000000,1.000000,0,0,24,,false,NEEDS_REVIEW,contains_very_small_box
levle3_111,test,data/raw/acne04/Classification/JPEGImages/levle3_111.jpg,data/raw/acne04/Detection/VOC2007/Annotations/levle3_111.xml,data/processed/acne04_yolo/labels/test/levle3_111.txt,62,62,0.000000,1.000000,1.000000,0,0,0,,false,PASS,
levle3_112,train,data/raw/acne04/Classification/JPEGImages/levle3_112.jpg,data/raw/acne04/Detection/VOC2007/Annotations/levle3_112.xml,data/processed/acne04_yolo/labels/train/levle3_112.txt,22,22,0.000000,1.000000,1.000000,0,0,0,,false,PASS,
levle3_113,train,data/raw/acne04/Classification/JPEGImages/levle3_113.jpg,data/raw/acne04/Detection/VOC2007/Annotations/levle3_113.xml,data/processed/acne04_yolo/labels/train/levle3_113.txt,64,64,0.000000,1.000000,1.000000,0,0,0,,false,PASS,
levle3_114,train,data/raw/acne04/Classification/JPEGImages/levle3_114.jpg,data/raw/acne04/Detection/VOC2007/Annotations/levle3_114.xml,data/processed/acne04_yolo/labels/train/levle3_114.txt,52,52,0.000000,1.000000,1.000000,0,0,0,,false,PASS,
levle3_115,train,data/raw/acne04/Classification/JPEGImages/levle3_115.jpg,data/raw/acne04/Detection/VOC2007/Annotations/levle3_115.xml,data/processed/acne04_yolo/labels/train/levle3_115.txt,65,65,0.000000,1.000000,1.000000,0,0,0,,false,PASS,
levle3_116,train,data/raw/acne04/Classification/JPEGImages/levle3_116.jpg,data/raw/acne04/Detection/VOC2007/Annotations/levle3_116.xml,data/processed/acne04_yolo/labels/train/levle3_116.txt,63,63,0.000000,1.000000,1.000000,0,0,0,,false,PASS,
levle3_117,train,data/raw/acne04/Classification/JPEGImages/levle3_117.jpg,data/raw/acne04/Detection/VOC2007/Annotations/levle3_117.xml,data/processed/acne04_yolo/labels/train/levle3_117.txt,51,51,0.000000,1.000000,1.000000,0,0,0,,false,PASS,
levle3_118,train,data/raw/acne04/Classification/JPEGImages/levle3_118.jpg,data/raw/acne04/Detection/VOC2007/Annotations/levle3_118.xml,data/processed/acne04_yolo/labels/train/levle3_118.txt,65,65,0.000000,1.000000,1.000000,0,0,1,,false,NEEDS_REVIEW,contains_very_small_box
levle3_119,train,data/raw/acne04/Classification/JPEGImages/levle3_119.jpg,data/raw/acne04/Detection/VOC2007/Annotations/levle3_119.xml,data/processed/acne04_yolo/labels/train/levle3_119.txt,64,64,0.000000,1.000000,1.000000,0,0,1,,false,NEEDS_REVIEW,contains_very_small_box
levle3_12,train,data/raw/acne04/Classification/JPEGImages/levle3_12.jpg,data/raw/acne04/Detection/VOC2007/Annotations/levle3_12.xml,data/processed/acne04_yolo/labels/train/levle3_12.txt,59,59,0.000000,1.000000,1.000000,0,0,0,,false,PASS,
levle3_120,val,data/raw/acne04/Classification/JPEGImages/levle3_120.jpg,data/raw/acne04/Detection/VOC2007/Annotations/levle3_120.xml,data/processed/acne04_yolo/labels/val/levle3_120.txt,63,63,0.000000,1.000000,1.000000,0,0,4,,false,NEEDS_REVIEW,contains_very_small_box
levle3_121,train,data/raw/acne04/Classification/JPEGImages/levle3_121.jpg,data/raw/acne04/Detection/VOC2007/Annotations/levle3_121.xml,data/processed/acne04_yolo/labels/train/levle3_121.txt,53,53,0.000000,1.000000,1.000000,0,0,1,,false,NEEDS_REVIEW,contains_very_small_box
levle3_122,train,data/raw/acne04/Classification/JPEGImages/levle3_122.jpg,data/raw/acne04/Detection/VOC2007/Annotations/levle3_122.xml,data/processed/acne04_yolo/labels/train/levle3_122.txt,61,61,0.000000,1.000000,1.000000,0,0,0,,false,PASS,
levle3_123,train,data/raw/acne04/Classification/JPEGImages/levle3_123.jpg,data/raw/acne04/Detection/VOC2007/Annotations/levle3_123.xml,data/processed/acne04_yolo/labels/train/levle3_123.txt,55,55,0.000000,1.000000,1.000000,0,0,50,,false,NEEDS_REVIEW,contains_very_small_box
levle3_124,train,data/raw/acne04/Classification/JPEGImages/levle3_124.jpg,data/raw/acne04/Detection/VOC2007/Annotations/levle3_124.xml,data/processed/acne04_yolo/labels/train/levle3_124.txt,57,57,0.000000,1.000000,1.000000,0,0,0,,false,PASS,
levle3_125,train,data/raw/acne04/Classification/JPEGImages/levle3_125.jpg,data/raw/acne04/Detection/VOC2007/Annotations/levle3_125.xml,data/processed/acne04_yolo/labels/train/levle3_125.txt,52,52,0.000000,1.000000,1.000000,0,0,20,,false,NEEDS_REVIEW,contains_very_small_box
levle3_126,train,data/raw/acne04/Classification/JPEGImages/levle3_126.jpg,data/raw/acne04/Detection/VOC2007/Annotations/levle3_126.xml,data/processed/acne04_yolo/labels/train/levle3_126.txt,54,54,0.000000,1.000000,1.000000,0,0,2,,false,NEEDS_REVIEW,contains_very_small_box
levle3_127,test,data/raw/acne04/Classification/JPEGImages/levle3_127.jpg,data/raw/acne04/Detection/VOC2007/Annotations/levle3_127.xml,data/processed/acne04_yolo/labels/test/levle3_127.txt,63,63,0.000000,1.000000,1.000000,0,0,6,,false,NEEDS_REVIEW,contains_very_small_box
levle3_128,val,data/raw/acne04/Classification/JPEGImages/levle3_128.jpg,data/raw/acne04/Detection/VOC2007/Annotations/levle3_128.xml,data/processed/acne04_yolo/labels/val/levle3_128.txt,54,54,0.000000,1.000000,1.000000,0,0,37,,false,NEEDS_REVIEW,contains_very_small_box
levle3_129,train,data/raw/acne04/Classification/JPEGImages/levle3_129.jpg,data/raw/acne04/Detection/VOC2007/Annotations/levle3_129.xml,data/processed/acne04_yolo/labels/train/levle3_129.txt,61,61,0.000000,1.000000,1.000000,0,0,0,,false,PASS,
levle3_13,train,data/raw/acne04/Classification/JPEGImages/levle3_13.jpg,data/raw/acne04/Detection/VOC2007/Annotations/levle3_13.xml,data/processed/acne04_yolo/labels/train/levle3_13.txt,54,54,0.000000,1.000000,1.000000,0,0,0,,false,PASS,
levle3_130,train,data/raw/acne04/Classification/JPEGImages/levle3_130.jpg,data/raw/acne04/Detection/VOC2007/Annotations/levle3_130.xml,data/processed/acne04_yolo/labels/train/levle3_130.txt,53,53,0.000000,1.000000,1.000000,0,0,0,,false,PASS,
levle3_131,train,data/raw/acne04/Classification/JPEGImages/levle3_131.jpg,data/raw/acne04/Detection/VOC2007/Annotations/levle3_131.xml,data/processed/acne04_yolo/labels/train/levle3_131.txt,54,54,0.000000,1.000000,1.000000,0,0,0,,false,PASS,
levle3_132,train,data/raw/acne04/Classification/JPEGImages/levle3_132.jpg,data/raw/acne04/Detection/VOC2007/Annotations/levle3_132.xml,data/processed/acne04_yolo/labels/train/levle3_132.txt,54,54,0.000000,1.000000,1.000000,0,0,0,,false,PASS,
levle3_133,train,data/raw/acne04/Classification/JPEGImages/levle3_133.jpg,data/raw/acne04/Detection/VOC2007/Annotations/levle3_133.xml,data/processed/acne04_yolo/labels/train/levle3_133.txt,62,62,0.000000,1.000000,1.000000,0,0,0,,false,PASS,
levle3_136,train,data/raw/acne04/Classification/JPEGImages/levle3_136.jpg,data/raw/acne04/Detection/VOC2007/Annotations/levle3_136.xml,data/processed/acne04_yolo/labels/train/levle3_136.txt,51,51,0.000000,1.000000,1.000000,0,0,1,,false,NEEDS_REVIEW,contains_very_small_box
levle3_137,train,data/raw/acne04/Classification/JPEGImages/levle3_137.jpg,data/raw/acne04/Detection/VOC2007/Annotations/levle3_137.xml,data/processed/acne04_yolo/labels/train/levle3_137.txt,58,58,0.000000,1.000000,1.000000,0,0,37,,false,NEEDS_REVIEW,contains_very_small_box
levle3_14,train,data/raw/acne04/Classification/JPEGImages/levle3_14.jpg,data/raw/acne04/Detection/VOC2007/Annotations/levle3_14.xml,data/processed/acne04_yolo/labels/train/levle3_14.txt,55,55,0.000000,1.000000,1.000000,0,0,0,,false,PASS,
levle3_140,test,data/raw/acne04/Classification/JPEGImages/levle3_140.jpg,data/raw/acne04/Detection/VOC2007/Annotations/levle3_140.xml,data/processed/acne04_yolo/labels/test/levle3_140.txt,54,54,0.000000,1.000000,1.000000,0,0,16,acf8394dd155c64512e3cf445577307615150567a0b42bfa0ec26c5e770963a6,false,NEEDS_REVIEW,contains_very_small_box;duplicate_group_annotation_counts_differ
levle3_141,train,data/raw/acne04/Classification/JPEGImages/levle3_141.jpg,data/raw/acne04/Detection/VOC2007/Annotations/levle3_141.xml,data/processed/acne04_yolo/labels/train/levle3_141.txt,63,63,0.000000,1.000000,1.000000,0,0,28,,false,NEEDS_REVIEW,contains_very_small_box
levle3_142,train,data/raw/acne04/Classification/JPEGImages/levle3_142.jpg,data/raw/acne04/Detection/VOC2007/Annotations/levle3_142.xml,data/processed/acne04_yolo/labels/train/levle3_142.txt,61,61,0.000000,1.000000,1.000000,0,0,0,,false,PASS,
levle3_143,train,data/raw/acne04/Classification/JPEGImages/levle3_143.jpg,data/raw/acne04/Detection/VOC2007/Annotations/levle3_143.xml,data/processed/acne04_yolo/labels/train/levle3_143.txt,59,59,0.000000,1.000000,1.000000,0,0,0,,false,PASS,
levle3_144,train,data/raw/acne04/Classification/JPEGImages/levle3_144.jpg,data/raw/acne04/Detection/VOC2007/Annotations/levle3_144.xml,data/processed/acne04_yolo/labels/train/levle3_144.txt,58,58,0.000000,1.000000,1.000000,0,0,0,,false,PASS,
levle3_145,train,data/raw/acne04/Classification/JPEGImages/levle3_145.jpg,data/raw/acne04/Detection/VOC2007/Annotations/levle3_145.xml,data/processed/acne04_yolo/labels/train/levle3_145.txt,55,55,0.000000,1.000000,1.000000,0,0,1,,false,NEEDS_REVIEW,contains_very_small_box
levle3_15,train,data/raw/acne04/Classification/JPEGImages/levle3_15.jpg,data/raw/acne04/Detection/VOC2007/Annotations/levle3_15.xml,data/processed/acne04_yolo/labels/train/levle3_15.txt,31,31,0.000000,1.000000,1.000000,0,0,0,,false,PASS,
levle3_16,train,data/raw/acne04/Classification/JPEGImages/levle3_16.jpg,data/raw/acne04/Detection/VOC2007/Annotations/levle3_16.xml,data/processed/acne04_yolo/labels/train/levle3_16.txt,65,65,0.000000,1.000000,1.000000,0,0,0,,false,PASS,
levle3_17,train,data/raw/acne04/Classification/JPEGImages/levle3_17.jpg,data/raw/acne04/Detection/VOC2007/Annotations/levle3_17.xml,data/processed/acne04_yolo/labels/train/levle3_17.txt,65,65,0.000000,1.000000,1.000000,0,0,0,,false,PASS,
levle3_18,train,data/raw/acne04/Classification/JPEGImages/levle3_18.jpg,data/raw/acne04/Detection/VOC2007/Annotations/levle3_18.xml,data/processed/acne04_yolo/labels/train/levle3_18.txt,55,55,0.000000,1.000000,1.000000,0,0,0,,false,PASS,
levle3_19,val,data/raw/acne04/Classification/JPEGImages/levle3_19.jpg,data/raw/acne04/Detection/VOC2007/Annotations/levle3_19.xml,data/processed/acne04_yolo/labels/val/levle3_19.txt,56,56,0.000000,1.000000,1.000000,0,0,3,,false,NEEDS_REVIEW,contains_very_small_box
levle3_2,train,data/raw/acne04/Classification/JPEGImages/levle3_2.jpg,data/raw/acne04/Detection/VOC2007/Annotations/levle3_2.xml,data/processed/acne04_yolo/labels/train/levle3_2.txt,65,65,0.000000,1.000000,1.000000,0,0,1,,false,NEEDS_REVIEW,contains_very_small_box
levle3_20,test,data/raw/acne04/Classification/JPEGImages/levle3_20.jpg,data/raw/acne04/Detection/VOC2007/Annotations/levle3_20.xml,data/processed/acne04_yolo/labels/test/levle3_20.txt,57,57,0.000000,1.000000,1.000000,0,0,1,,false,NEEDS_REVIEW,contains_very_small_box
levle3_21,test,data/raw/acne04/Classification/JPEGImages/levle3_21.jpg,data/raw/acne04/Detection/VOC2007/Annotations/levle3_21.xml,data/processed/acne04_yolo/labels/test/levle3_21.txt,26,26,0.000000,1.000000,1.000000,0,0,0,,false,PASS,
levle3_22,train,data/raw/acne04/Classification/JPEGImages/levle3_22.jpg,data/raw/acne04/Detection/VOC2007/Annotations/levle3_22.xml,data/processed/acne04_yolo/labels/train/levle3_22.txt,65,65,0.000000,1.000000,1.000000,0,0,9,,false,NEEDS_REVIEW,contains_very_small_box
levle3_23,train,data/raw/acne04/Classification/JPEGImages/levle3_23.jpg,data/raw/acne04/Detection/VOC2007/Annotations/levle3_23.xml,data/processed/acne04_yolo/labels/train/levle3_23.txt,64,64,0.000000,1.000000,1.000000,0,0,0,,false,PASS,
levle3_24,train,data/raw/acne04/Classification/JPEGImages/levle3_24.jpg,data/raw/acne04/Detection/VOC2007/Annotations/levle3_24.xml,data/processed/acne04_yolo/labels/train/levle3_24.txt,52,52,0.000000,1.000000,1.000000,0,0,0,,false,PASS,
levle3_25,train,data/raw/acne04/Classification/JPEGImages/levle3_25.jpg,data/raw/acne04/Detection/VOC2007/Annotations/levle3_25.xml,data/processed/acne04_yolo/labels/train/levle3_25.txt,53,53,0.000000,1.000000,1.000000,0,0,2,,false,NEEDS_REVIEW,contains_very_small_box
levle3_26,train,data/raw/acne04/Classification/JPEGImages/levle3_26.jpg,data/raw/acne04/Detection/VOC2007/Annotations/levle3_26.xml,data/processed/acne04_yolo/labels/train/levle3_26.txt,62,62,0.000000,1.000000,1.000000,0,0,38,,false,NEEDS_REVIEW,contains_very_small_box
levle3_27,test,data/raw/acne04/Classification/JPEGImages/levle3_27.jpg,data/raw/acne04/Detection/VOC2007/Annotations/levle3_27.xml,data/processed/acne04_yolo/labels/test/levle3_27.txt,58,58,0.000000,1.000000,1.000000,0,0,5,,false,NEEDS_REVIEW,contains_very_small_box
levle3_28,val,data/raw/acne04/Classification/JPEGImages/levle3_28.jpg,data/raw/acne04/Detection/VOC2007/Annotations/levle3_28.xml,data/processed/acne04_yolo/labels/val/levle3_28.txt,62,62,0.000000,1.000000,1.000000,0,0,31,,false,NEEDS_REVIEW,contains_very_small_box
levle3_29,train,data/raw/acne04/Classification/JPEGImages/levle3_29.jpg,data/raw/acne04/Detection/VOC2007/Annotations/levle3_29.xml,data/processed/acne04_yolo/labels/train/levle3_29.txt,53,53,0.000000,1.000000,1.000000,0,0,22,,false,NEEDS_REVIEW,contains_very_small_box
levle3_3,train,data/raw/acne04/Classification/JPEGImages/levle3_3.jpg,data/raw/acne04/Detection/VOC2007/Annotations/levle3_3.xml,data/processed/acne04_yolo/labels/train/levle3_3.txt,58,58,0.000000,1.000000,1.000000,0,0,0,,false,PASS,
levle3_30,train,data/raw/acne04/Classification/JPEGImages/levle3_30.jpg,data/raw/acne04/Detection/VOC2007/Annotations/levle3_30.xml,data/processed/acne04_yolo/labels/train/levle3_30.txt,54,54,0.000000,1.000000,1.000000,0,0,32,,false,NEEDS_REVIEW,contains_very_small_box
levle3_31,train,data/raw/acne04/Classification/JPEGImages/levle3_31.jpg,data/raw/acne04/Detection/VOC2007/Annotations/levle3_31.xml,data/processed/acne04_yolo/labels/train/levle3_31.txt,53,53,0.000000,1.000000,1.000000,0,0,1,,false,NEEDS_REVIEW,contains_very_small_box
levle3_33,train,data/raw/acne04/Classification/JPEGImages/levle3_33.jpg,data/raw/acne04/Detection/VOC2007/Annotations/levle3_33.xml,data/processed/acne04_yolo/labels/train/levle3_33.txt,56,56,0.000000,1.000000,1.000000,0,0,3,,false,NEEDS_REVIEW,contains_very_small_box
levle3_34,train,data/raw/acne04/Classification/JPEGImages/levle3_34.jpg,data/raw/acne04/Detection/VOC2007/Annotations/levle3_34.xml,data/processed/acne04_yolo/labels/train/levle3_34.txt,65,65,0.000000,1.000000,1.000000,0,0,1,,false,NEEDS_REVIEW,contains_very_small_box
levle3_36,train,data/raw/acne04/Classification/JPEGImages/levle3_36.jpg,data/raw/acne04/Detection/VOC2007/Annotations/levle3_36.xml,data/processed/acne04_yolo/labels/train/levle3_36.txt,52,52,0.000000,1.000000,1.000000,0,0,0,,false,PASS,
levle3_37,test,data/raw/acne04/Classification/JPEGImages/levle3_37.jpg,data/raw/acne04/Detection/VOC2007/Annotations/levle3_37.xml,data/processed/acne04_yolo/labels/test/levle3_37.txt,55,55,0.000000,1.000000,1.000000,0,0,50,,false,NEEDS_REVIEW,contains_very_small_box
levle3_38,train,data/raw/acne04/Classification/JPEGImages/levle3_38.jpg,data/raw/acne04/Detection/VOC2007/Annotations/levle3_38.xml,data/processed/acne04_yolo/labels/train/levle3_38.txt,26,26,0.000000,1.000000,1.000000,0,0,0,,false,PASS,
levle3_39,train,data/raw/acne04/Classification/JPEGImages/levle3_39.jpg,data/raw/acne04/Detection/VOC2007/Annotations/levle3_39.xml,data/processed/acne04_yolo/labels/train/levle3_39.txt,26,26,0.000000,1.000000,1.000000,0,0,1,,false,NEEDS_REVIEW,contains_very_small_box
levle3_4,train,data/raw/acne04/Classification/JPEGImages/levle3_4.jpg,data/raw/acne04/Detection/VOC2007/Annotations/levle3_4.xml,data/processed/acne04_yolo/labels/train/levle3_4.txt,61,61,0.000000,1.000000,1.000000,0,0,0,,false,PASS,
levle3_40,train,data/raw/acne04/Classification/JPEGImages/levle3_40.jpg,data/raw/acne04/Detection/VOC2007/Annotations/levle3_40.xml,data/processed/acne04_yolo/labels/train/levle3_40.txt,51,51,0.000000,1.000000,1.000000,0,0,0,,false,PASS,
levle3_41,test,data/raw/acne04/Classification/JPEGImages/levle3_41.jpg,data/raw/acne04/Detection/VOC2007/Annotations/levle3_41.xml,data/processed/acne04_yolo/labels/test/levle3_41.txt,61,61,0.000000,1.000000,1.000000,0,0,1,,false,NEEDS_REVIEW,contains_very_small_box
levle3_42,train,data/raw/acne04/Classification/JPEGImages/levle3_42.jpg,data/raw/acne04/Detection/VOC2007/Annotations/levle3_42.xml,data/processed/acne04_yolo/labels/train/levle3_42.txt,59,59,0.000000,1.000000,1.000000,0,0,0,,false,PASS,
levle3_43,train,data/raw/acne04/Classification/JPEGImages/levle3_43.jpg,data/raw/acne04/Detection/VOC2007/Annotations/levle3_43.xml,data/processed/acne04_yolo/labels/train/levle3_43.txt,61,61,0.000000,1.000000,1.000000,0,0,0,,false,PASS,
levle3_44,train,data/raw/acne04/Classification/JPEGImages/levle3_44.jpg,data/raw/acne04/Detection/VOC2007/Annotations/levle3_44.xml,data/processed/acne04_yolo/labels/train/levle3_44.txt,53,53,0.000000,1.000000,1.000000,0,0,0,,false,PASS,
levle3_45,train,data/raw/acne04/Classification/JPEGImages/levle3_45.jpg,data/raw/acne04/Detection/VOC2007/Annotations/levle3_45.xml,data/processed/acne04_yolo/labels/train/levle3_45.txt,57,57,0.000000,1.000000,1.000000,0,0,13,,false,NEEDS_REVIEW,contains_very_small_box
levle3_46,train,data/raw/acne04/Classification/JPEGImages/levle3_46.jpg,data/raw/acne04/Detection/VOC2007/Annotations/levle3_46.xml,data/processed/acne04_yolo/labels/train/levle3_46.txt,58,58,0.000000,1.000000,1.000000,0,0,0,,false,PASS,
levle3_47,train,data/raw/acne04/Classification/JPEGImages/levle3_47.jpg,data/raw/acne04/Detection/VOC2007/Annotations/levle3_47.xml,data/processed/acne04_yolo/labels/train/levle3_47.txt,62,62,0.000000,1.000000,1.000000,0,0,0,,false,PASS,
levle3_48,train,data/raw/acne04/Classification/JPEGImages/levle3_48.jpg,data/raw/acne04/Detection/VOC2007/Annotations/levle3_48.xml,data/processed/acne04_yolo/labels/train/levle3_48.txt,61,61,0.000000,1.000000,1.000000,0,0,14,,false,NEEDS_REVIEW,contains_very_small_box
levle3_49,test,data/raw/acne04/Classification/JPEGImages/levle3_49.jpg,data/raw/acne04/Detection/VOC2007/Annotations/levle3_49.xml,data/processed/acne04_yolo/labels/test/levle3_49.txt,59,59,0.000000,1.000000,1.000000,0,0,1,,false,NEEDS_REVIEW,contains_very_small_box
levle3_5,val,data/raw/acne04/Classification/JPEGImages/levle3_5.jpg,data/raw/acne04/Detection/VOC2007/Annotations/levle3_5.xml,data/processed/acne04_yolo/labels/val/levle3_5.txt,58,58,0.000000,1.000000,1.000000,0,0,0,,false,PASS,
levle3_50,test,data/raw/acne04/Classification/JPEGImages/levle3_50.jpg,data/raw/acne04/Detection/VOC2007/Annotations/levle3_50.xml,data/processed/acne04_yolo/labels/test/levle3_50.txt,52,52,0.000000,1.000000,1.000000,0,0,1,,false,NEEDS_REVIEW,contains_very_small_box
levle3_51,train,data/raw/acne04/Classification/JPEGImages/levle3_51.jpg,data/raw/acne04/Detection/VOC2007/Annotations/levle3_51.xml,data/processed/acne04_yolo/labels/train/levle3_51.txt,53,53,0.000000,1.000000,1.000000,0,0,0,,false,PASS,
levle3_52,train,data/raw/acne04/Classification/JPEGImages/levle3_52.jpg,data/raw/acne04/Detection/VOC2007/Annotations/levle3_52.xml,data/processed/acne04_yolo/labels/train/levle3_52.txt,52,52,0.000000,1.000000,1.000000,0,0,0,,false,PASS,
levle3_53,test,data/raw/acne04/Classification/JPEGImages/levle3_53.jpg,data/raw/acne04/Detection/VOC2007/Annotations/levle3_53.xml,data/processed/acne04_yolo/labels/test/levle3_53.txt,59,59,0.000000,1.000000,1.000000,0,0,0,,false,PASS,
levle3_54,val,data/raw/acne04/Classification/JPEGImages/levle3_54.jpg,data/raw/acne04/Detection/VOC2007/Annotations/levle3_54.xml,data/processed/acne04_yolo/labels/val/levle3_54.txt,37,37,0.000000,1.000000,1.000000,0,0,0,,false,PASS,
levle3_55,train,data/raw/acne04/Classification/JPEGImages/levle3_55.jpg,data/raw/acne04/Detection/VOC2007/Annotations/levle3_55.xml,data/processed/acne04_yolo/labels/train/levle3_55.txt,64,64,0.000000,1.000000,1.000000,0,0,0,,false,PASS,
levle3_56,val,data/raw/acne04/Classification/JPEGImages/levle3_56.jpg,data/raw/acne04/Detection/VOC2007/Annotations/levle3_56.xml,data/processed/acne04_yolo/labels/val/levle3_56.txt,57,57,0.000000,1.000000,1.000000,0,0,5,,false,NEEDS_REVIEW,contains_very_small_box
levle3_57,train,data/raw/acne04/Classification/JPEGImages/levle3_57.jpg,data/raw/acne04/Detection/VOC2007/Annotations/levle3_57.xml,data/processed/acne04_yolo/labels/train/levle3_57.txt,59,59,0.000000,1.000000,1.000000,0,0,1,,false,NEEDS_REVIEW,contains_very_small_box
levle3_58,test,data/raw/acne04/Classification/JPEGImages/levle3_58.jpg,data/raw/acne04/Detection/VOC2007/Annotations/levle3_58.xml,data/processed/acne04_yolo/labels/test/levle3_58.txt,62,62,0.000000,1.000000,1.000000,0,0,0,,false,PASS,
levle3_59,train,data/raw/acne04/Classification/JPEGImages/levle3_59.jpg,data/raw/acne04/Detection/VOC2007/Annotations/levle3_59.xml,data/processed/acne04_yolo/labels/train/levle3_59.txt,59,59,0.000000,1.000000,1.000000,0,0,1,,false,NEEDS_REVIEW,contains_very_small_box
levle3_6,train,data/raw/acne04/Classification/JPEGImages/levle3_6.jpg,data/raw/acne04/Detection/VOC2007/Annotations/levle3_6.xml,data/processed/acne04_yolo/labels/train/levle3_6.txt,65,65,0.000000,1.000000,1.000000,0,0,0,,false,PASS,
levle3_60,train,data/raw/acne04/Classification/JPEGImages/levle3_60.jpg,data/raw/acne04/Detection/VOC2007/Annotations/levle3_60.xml,data/processed/acne04_yolo/labels/train/levle3_60.txt,65,65,0.000000,1.000000,1.000000,0,0,0,,false,PASS,
levle3_61,train,data/raw/acne04/Classification/JPEGImages/levle3_61.jpg,data/raw/acne04/Detection/VOC2007/Annotations/levle3_61.xml,data/processed/acne04_yolo/labels/train/levle3_61.txt,57,57,0.000000,1.000000,1.000000,0,0,0,,false,PASS,
levle3_62,train,data/raw/acne04/Classification/JPEGImages/levle3_62.jpg,data/raw/acne04/Detection/VOC2007/Annotations/levle3_62.xml,data/processed/acne04_yolo/labels/train/levle3_62.txt,57,57,0.000000,1.000000,1.000000,0,0,0,,false,PASS,
levle3_63,train,data/raw/acne04/Classification/JPEGImages/levle3_63.jpg,data/raw/acne04/Detection/VOC2007/Annotations/levle3_63.xml,data/processed/acne04_yolo/labels/train/levle3_63.txt,64,64,0.000000,1.000000,1.000000,0,0,3,,false,NEEDS_REVIEW,contains_very_small_box
levle3_64,train,data/raw/acne04/Classification/JPEGImages/levle3_64.jpg,data/raw/acne04/Detection/VOC2007/Annotations/levle3_64.xml,data/processed/acne04_yolo/labels/train/levle3_64.txt,36,36,0.000000,1.000000,1.000000,0,0,1,,false,NEEDS_REVIEW,contains_very_small_box
levle3_65,val,data/raw/acne04/Classification/JPEGImages/levle3_65.jpg,data/raw/acne04/Detection/VOC2007/Annotations/levle3_65.xml,data/processed/acne04_yolo/labels/val/levle3_65.txt,65,65,0.000000,1.000000,1.000000,0,0,3,,false,NEEDS_REVIEW,contains_very_small_box
levle3_66,train,data/raw/acne04/Classification/JPEGImages/levle3_66.jpg,data/raw/acne04/Detection/VOC2007/Annotations/levle3_66.xml,data/processed/acne04_yolo/labels/train/levle3_66.txt,53,53,0.000000,1.000000,1.000000,0,0,0,,false,PASS,
levle3_67,test,data/raw/acne04/Classification/JPEGImages/levle3_67.jpg,data/raw/acne04/Detection/VOC2007/Annotations/levle3_67.xml,data/processed/acne04_yolo/labels/test/levle3_67.txt,52,52,0.000000,1.000000,1.000000,0,0,0,,false,PASS,
levle3_68,train,data/raw/acne04/Classification/JPEGImages/levle3_68.jpg,data/raw/acne04/Detection/VOC2007/Annotations/levle3_68.xml,data/processed/acne04_yolo/labels/train/levle3_68.txt,56,56,0.000000,1.000000,1.000000,0,0,0,,false,PASS,
levle3_7,train,data/raw/acne04/Classification/JPEGImages/levle3_7.jpg,data/raw/acne04/Detection/VOC2007/Annotations/levle3_7.xml,data/processed/acne04_yolo/labels/train/levle3_7.txt,58,58,0.000000,1.000000,1.000000,0,0,0,,false,PASS,
levle3_70,train,data/raw/acne04/Classification/JPEGImages/levle3_70.jpg,data/raw/acne04/Detection/VOC2007/Annotations/levle3_70.xml,data/processed/acne04_yolo/labels/train/levle3_70.txt,62,62,0.000000,1.000000,1.000000,0,0,0,,false,PASS,
levle3_71,val,data/raw/acne04/Classification/JPEGImages/levle3_71.jpg,data/raw/acne04/Detection/VOC2007/Annotations/levle3_71.xml,data/processed/acne04_yolo/labels/val/levle3_71.txt,55,55,0.000000,1.000000,1.000000,0,0,2,,false,NEEDS_REVIEW,contains_very_small_box
levle3_72,train,data/raw/acne04/Classification/JPEGImages/levle3_72.jpg,data/raw/acne04/Detection/VOC2007/Annotations/levle3_72.xml,data/processed/acne04_yolo/labels/train/levle3_72.txt,56,56,0.000000,1.000000,1.000000,0,0,0,,false,PASS,
levle3_73,train,data/raw/acne04/Classification/JPEGImages/levle3_73.jpg,data/raw/acne04/Detection/VOC2007/Annotations/levle3_73.xml,data/processed/acne04_yolo/labels/train/levle3_73.txt,51,51,0.000000,1.000000,1.000000,0,0,1,,false,NEEDS_REVIEW,contains_very_small_box
levle3_74,test,data/raw/acne04/Classification/JPEGImages/levle3_74.jpg,data/raw/acne04/Detection/VOC2007/Annotations/levle3_74.xml,data/processed/acne04_yolo/labels/test/levle3_74.txt,51,51,0.000000,1.000000,1.000000,0,0,0,,false,PASS,
levle3_75,train,data/raw/acne04/Classification/JPEGImages/levle3_75.jpg,data/raw/acne04/Detection/VOC2007/Annotations/levle3_75.xml,data/processed/acne04_yolo/labels/train/levle3_75.txt,60,60,0.000000,1.000000,1.000000,0,0,0,,false,PASS,
levle3_76,train,data/raw/acne04/Classification/JPEGImages/levle3_76.jpg,data/raw/acne04/Detection/VOC2007/Annotations/levle3_76.xml,data/processed/acne04_yolo/labels/train/levle3_76.txt,52,52,0.000000,1.000000,1.000000,0,0,0,,false,PASS,
levle3_77,train,data/raw/acne04/Classification/JPEGImages/levle3_77.jpg,data/raw/acne04/Detection/VOC2007/Annotations/levle3_77.xml,data/processed/acne04_yolo/labels/train/levle3_77.txt,63,63,0.000000,1.000000,1.000000,0,0,0,,false,PASS,
levle3_78,train,data/raw/acne04/Classification/JPEGImages/levle3_78.jpg,data/raw/acne04/Detection/VOC2007/Annotations/levle3_78.xml,data/processed/acne04_yolo/labels/train/levle3_78.txt,64,64,0.000000,1.000000,1.000000,0,0,7,,false,NEEDS_REVIEW,contains_very_small_box
levle3_79,train,data/raw/acne04/Classification/JPEGImages/levle3_79.jpg,data/raw/acne04/Detection/VOC2007/Annotations/levle3_79.xml,data/processed/acne04_yolo/labels/train/levle3_79.txt,59,59,0.000000,1.000000,1.000000,0,0,0,,false,PASS,
levle3_8,train,data/raw/acne04/Classification/JPEGImages/levle3_8.jpg,data/raw/acne04/Detection/VOC2007/Annotations/levle3_8.xml,data/processed/acne04_yolo/labels/train/levle3_8.txt,54,54,0.000000,1.000000,1.000000,0,0,0,,false,PASS,
levle3_80,train,data/raw/acne04/Classification/JPEGImages/levle3_80.jpg,data/raw/acne04/Detection/VOC2007/Annotations/levle3_80.xml,data/processed/acne04_yolo/labels/train/levle3_80.txt,57,57,0.000000,1.000000,1.000000,0,0,0,,false,PASS,
levle3_81,val,data/raw/acne04/Classification/JPEGImages/levle3_81.jpg,data/raw/acne04/Detection/VOC2007/Annotations/levle3_81.xml,data/processed/acne04_yolo/labels/val/levle3_81.txt,52,52,0.000000,1.000000,1.000000,0,0,0,,false,PASS,
levle3_82,val,data/raw/acne04/Classification/JPEGImages/levle3_82.jpg,data/raw/acne04/Detection/VOC2007/Annotations/levle3_82.xml,data/processed/acne04_yolo/labels/val/levle3_82.txt,65,65,0.000000,1.000000,1.000000,0,0,0,,false,PASS,
levle3_83,val,data/raw/acne04/Classification/JPEGImages/levle3_83.jpg,data/raw/acne04/Detection/VOC2007/Annotations/levle3_83.xml,data/processed/acne04_yolo/labels/val/levle3_83.txt,51,51,0.000000,1.000000,1.000000,0,0,0,,false,PASS,
levle3_84,train,data/raw/acne04/Classification/JPEGImages/levle3_84.jpg,data/raw/acne04/Detection/VOC2007/Annotations/levle3_84.xml,data/processed/acne04_yolo/labels/train/levle3_84.txt,63,63,0.000000,1.000000,1.000000,0,0,25,,false,NEEDS_REVIEW,contains_very_small_box
levle3_85,train,data/raw/acne04/Classification/JPEGImages/levle3_85.jpg,data/raw/acne04/Detection/VOC2007/Annotations/levle3_85.xml,data/processed/acne04_yolo/labels/train/levle3_85.txt,59,59,0.000000,1.000000,1.000000,0,0,4,,false,NEEDS_REVIEW,contains_very_small_box
levle3_86,train,data/raw/acne04/Classification/JPEGImages/levle3_86.jpg,data/raw/acne04/Detection/VOC2007/Annotations/levle3_86.xml,data/processed/acne04_yolo/labels/train/levle3_86.txt,53,53,0.000000,1.000000,1.000000,0,0,21,,false,NEEDS_REVIEW,contains_very_small_box
levle3_87,val,data/raw/acne04/Classification/JPEGImages/levle3_87.jpg,data/raw/acne04/Detection/VOC2007/Annotations/levle3_87.xml,data/processed/acne04_yolo/labels/val/levle3_87.txt,55,55,0.000000,1.000000,1.000000,0,0,2,,false,NEEDS_REVIEW,contains_very_small_box
levle3_88,train,data/raw/acne04/Classification/JPEGImages/levle3_88.jpg,data/raw/acne04/Detection/VOC2007/Annotations/levle3_88.xml,data/processed/acne04_yolo/labels/train/levle3_88.txt,64,64,0.000000,1.000000,1.000000,0,0,0,,false,PASS,
levle3_89,train,data/raw/acne04/Classification/JPEGImages/levle3_89.jpg,data/raw/acne04/Detection/VOC2007/Annotations/levle3_89.xml,data/processed/acne04_yolo/labels/train/levle3_89.txt,60,60,0.000000,1.000000,1.000000,0,0,0,,false,PASS,
levle3_9,train,data/raw/acne04/Classification/JPEGImages/levle3_9.jpg,data/raw/acne04/Detection/VOC2007/Annotations/levle3_9.xml,data/processed/acne04_yolo/labels/train/levle3_9.txt,51,51,0.000000,1.000000,1.000000,0,0,0,,false,PASS,
levle3_90,train,data/raw/acne04/Classification/JPEGImages/levle3_90.jpg,data/raw/acne04/Detection/VOC2007/Annotations/levle3_90.xml,data/processed/acne04_yolo/labels/train/levle3_90.txt,38,38,0.000000,1.000000,1.000000,0,0,0,,false,PASS,
levle3_91,test,data/raw/acne04/Classification/JPEGImages/levle3_91.jpg,data/raw/acne04/Detection/VOC2007/Annotations/levle3_91.xml,data/processed/acne04_yolo/labels/test/levle3_91.txt,56,56,0.000000,1.000000,1.000000,0,0,1,,false,NEEDS_REVIEW,contains_very_small_box
levle3_92,train,data/raw/acne04/Classification/JPEGImages/levle3_92.jpg,data/raw/acne04/Detection/VOC2007/Annotations/levle3_92.xml,data/processed/acne04_yolo/labels/train/levle3_92.txt,63,63,0.000000,1.000000,1.000000,0,0,0,,false,PASS,
levle3_93,test,data/raw/acne04/Classification/JPEGImages/levle3_93.jpg,data/raw/acne04/Detection/VOC2007/Annotations/levle3_93.xml,data/processed/acne04_yolo/labels/test/levle3_93.txt,61,61,0.000000,1.000000,1.000000,0,0,0,,false,PASS,
levle3_94,test,data/raw/acne04/Classification/JPEGImages/levle3_94.jpg,data/raw/acne04/Detection/VOC2007/Annotations/levle3_94.xml,data/processed/acne04_yolo/labels/test/levle3_94.txt,58,58,0.000000,1.000000,1.000000,0,0,0,,false,PASS,
levle3_95,train,data/raw/acne04/Classification/JPEGImages/levle3_95.jpg,data/raw/acne04/Detection/VOC2007/Annotations/levle3_95.xml,data/processed/acne04_yolo/labels/train/levle3_95.txt,58,58,0.000000,1.000000,1.000000,0,0,0,,false,PASS,
levle3_96,test,data/raw/acne04/Classification/JPEGImages/levle3_96.jpg,data/raw/acne04/Detection/VOC2007/Annotations/levle3_96.xml,data/processed/acne04_yolo/labels/test/levle3_96.txt,57,57,0.000000,1.000000,1.000000,0,0,0,,false,PASS,
levle3_97,train,data/raw/acne04/Classification/JPEGImages/levle3_97.jpg,data/raw/acne04/Detection/VOC2007/Annotations/levle3_97.xml,data/processed/acne04_yolo/labels/train/levle3_97.txt,64,64,0.000000,1.000000,1.000000,0,0,0,,false,PASS,
